2026-07-28 16:48:33:4833 [31merror[39m: [31mUnable to connect to or initialize the Master database:[39m
2026-07-28 16:53:10:5310 [31merror[39m: [31mUnable to connect to or initialize the Master database: Unknown database 'system_master_db'[39m
2026-07-28 16:54:02:542 [31merror[39m: [31mUnable to connect to or initialize the Master database: Unknown database 'system_master_db'[39m
2026-07-28 16:58:43:5843 [31merror[39m: [31mPOST /api/auth/login - Error: Invalid email or password.[39m
[31mStack: Error: Invalid email or password.[39m
[31m    at AuthService.login (C:\Users\admin\Downloads\nib_hr\backend\services\auth.service.js:324:11)[39m
[31m    at process.processTicksAndRejections (node:internal/process/task_queues:104:5)[39m
[31m    at async C:\Users\admin\Downloads\nib_hr\backend\controllers\auth.controller.js:15:18[39m
2026-07-28 16:59:15:5915 [31merror[39m: [31mPOST /api/auth/login - Error: Invalid email or password.[39m
[31mStack: Error: Invalid email or password.[39m
[31m    at AuthService.login (C:\Users\admin\Downloads\nib_hr\backend\services\auth.service.js:324:11)[39m
[31m    at process.processTicksAndRejections (node:internal/process/task_queues:104:5)[39m
[31m    at async C:\Users\admin\Downloads\nib_hr\backend\controllers\auth.controller.js:15:18[39m
2026-07-28 17:09:33:933 [31merror[39m: [31mPOST /api/table/employees - Error: Email already exists. Please use a unique email address.[39m
[31mStack: Error: Email already exists. Please use a unique email address.[39m
[31m    at checkDuplicateEmailInTable (C:\Users\admin\Downloads\nib_hr\backend\controllers\core\table.controller.js:526:15)[39m
[31m    at process.processTicksAndRejections (node:internal/process/task_queues:104:5)[39m
[31m    at async C:\Users\admin\Downloads\nib_hr\backend\controllers\core\table.controller.js:603:3[39m
2026-07-28 17:14:52:1452 [31merror[39m: [31mPOST /api/table/employees - Error: Email already exists. Please use a unique email address.[39m
[31mStack: Error: Email already exists. Please use a unique email address.[39m
[31m    at checkDuplicateEmailInTable (C:\Users\admin\Downloads\nib_hr\backend\controllers\core\table.controller.js:526:15)[39m
[31m    at process.processTicksAndRejections (node:internal/process/task_queues:104:5)[39m
[31m    at async C:\Users\admin\Downloads\nib_hr\backend\controllers\core\table.controller.js:603:3[39m
2026-07-28 17:18:16:1816 [31merror[39m: [31mPOST /api/table/employees - Error: Email already exists. Please use a unique email address.[39m
[31mStack: Error: Email already exists. Please use a unique email address.[39m
[31m    at checkDuplicateEmailInTable (C:\Users\admin\Downloads\nib_hr\backend\controllers\core\table.controller.js:526:15)[39m
[31m    at process.processTicksAndRejections (node:internal/process/task_queues:104:5)[39m
[31m    at async C:\Users\admin\Downloads\nib_hr\backend\controllers\core\table.controller.js:603:3[39m
2026-07-28 17:19:48:1948 [31merror[39m: [31mPOST /api/table/employees - Error: Email already exists. Please use a unique email address.[39m
[31mStack: Error: Email already exists. Please use a unique email address.[39m
[31m    at checkDuplicateEmailInTable (C:\Users\admin\Downloads\nib_hr\backend\controllers\core\table.controller.js:526:15)[39m
[31m    at process.processTicksAndRejections (node:internal/process/task_queues:104:5)[39m
[31m    at async C:\Users\admin\Downloads\nib_hr\backend\controllers\core\table.controller.js:603:3[39m
2026-07-28 17:21:45:2145 [31merror[39m: [31mPOST /api/table/employees - Error: Email already exists. Please use a unique email address.[39m
[31mStack: Error: Email already exists. Please use a unique email address.[39m
[31m    at checkDuplicateEmailInTable (C:\Users\admin\Downloads\nib_hr\backend\controllers\core\table.controller.js:526:15)[39m
[31m    at process.processTicksAndRejections (node:internal/process/task_queues:104:5)[39m
[31m    at async C:\Users\admin\Downloads\nib_hr\backend\controllers\core\table.controller.js:603:3[39m
2026-07-28 17:23:26:2326 [31merror[39m: [31mPOST /api/table/employees - Error: Email already exists. Please use a unique email address.[39m
[31mStack: Error: Email already exists. Please use a unique email address.[39m
[31m    at checkDuplicateEmailInTable (C:\Users\admin\Downloads\nib_hr\backend\controllers\core\table.controller.js:526:15)[39m
[31m    at process.processTicksAndRejections (node:internal/process/task_queues:104:5)[39m
[31m    at async C:\Users\admin\Downloads\nib_hr\backend\controllers\core\table.controller.js:603:3[39m
2026-07-28 17:28:58:2858 [31merror[39m: [31mPOST /api/table/employees - Error: Email already exists. Please use a unique email address.[39m
[31mStack: Error: Email already exists. Please use a unique email address.[39m
[31m    at checkDuplicateEmailInTable (C:\Users\admin\Downloads\nib_hr\backend\controllers\core\table.controller.js:526:15)[39m
[31m    at process.processTicksAndRejections (node:internal/process/task_queues:104:5)[39m
[31m    at async C:\Users\admin\Downloads\nib_hr\backend\controllers\core\table.controller.js:603:3[39m
2026-07-28 17:30:34:3034 [31merror[39m: [31mPOST /api/table/employees - Error: Email already exists. Please use a unique email address.[39m
[31mStack: Error: Email already exists. Please use a unique email address.[39m
[31m    at checkDuplicateEmailInTable (C:\Users\admin\Downloads\nib_hr\backend\controllers\core\table.controller.js:527:15)[39m
[31m    at process.processTicksAndRejections (node:internal/process/task_queues:104:5)[39m
[31m    at async C:\Users\admin\Downloads\nib_hr\backend\controllers\core\table.controller.js:618:3[39m
2026-07-28 17:36:15:3615 [31merror[39m: [31mPOST /api/table/employees - Error: Email already exists. Please use a unique email address.[39m
[31mStack: Error: Email already exists. Please use a unique email address.[39m
[31m    at checkDuplicateEmailInTable (C:\Users\admin\Downloads\nib_hr\backend\controllers\core\table.controller.js:527:15)[39m
[31m    at process.processTicksAndRejections (node:internal/process/task_queues:104:5)[39m
[31m    at async C:\Users\admin\Downloads\nib_hr\backend\controllers\core\table.controller.js:618:3[39m
2026-07-28 17:38:04:384 [31merror[39m: [31mPOST /api/table/employees - Error: Email already exists. Please use a unique email address.[39m
[31mStack: Error: Email already exists. Please use a unique email address.[39m
[31m    at checkDuplicateEmailInTable (C:\Users\admin\Downloads\nib_hr\backend\controllers\core\table.controller.js:527:15)[39m
[31m    at process.processTicksAndRejections (node:internal/process/task_queues:104:5)[39m
[31m    at async C:\Users\admin\Downloads\nib_hr\backend\controllers\core\table.controller.js:618:3[39m
2026-07-28 17:42:26:4226 [31merror[39m: [31mPOST /api/table/employees - Error: Email already exists. Please use a unique email address.[39m
[31mStack: Error: Email already exists. Please use a unique email address.[39m
[31m    at checkDuplicateEmailInTable (C:\Users\admin\Downloads\nib_hr\backend\controllers\core\table.controller.js:527:15)[39m
[31m    at process.processTicksAndRejections (node:internal/process/task_queues:104:5)[39m
[31m    at async C:\Users\admin\Downloads\nib_hr\backend\controllers\core\table.controller.js:618:3[39m
2026-07-28 17:42:46:4246 [31merror[39m: [31mPOST /api/auth/login - Error: Invalid email or password.[39m
[31mStack: Error: Invalid email or password.[39m
[31m    at AuthService.login (C:\Users\admin\Downloads\nib_hr\backend\services\auth.service.js:155:15)[39m
[31m    at async C:\Users\admin\Downloads\nib_hr\backend\controllers\auth.controller.js:15:18[39m
2026-07-28 17:42:51:4251 [31merror[39m: [31mPOST /api/auth/login - Error: Invalid email or password.[39m
[31mStack: Error: Invalid email or password.[39m
[31m    at AuthService.login (C:\Users\admin\Downloads\nib_hr\backend\services\auth.service.js:155:15)[39m
[31m    at async C:\Users\admin\Downloads\nib_hr\backend\controllers\auth.controller.js:15:18[39m
2026-07-28 17:43:41:4341 [31merror[39m: [31mPOST /api/table/employees - Error: Email already exists. Please use a unique email address.[39m
[31mStack: Error: Email already exists. Please use a unique email address.[39m
[31m    at checkDuplicateEmailInTable (C:\Users\admin\Downloads\nib_hr\backend\controllers\core\table.controller.js:527:15)[39m
[31m    at process.processTicksAndRejections (node:internal/process/task_queues:104:5)[39m
[31m    at async C:\Users\admin\Downloads\nib_hr\backend\controllers\core\table.controller.js:618:3[39m
2026-07-28 17:47:00:470 [31merror[39m: [31mPOST /api/table/employees - Error: Email already exists. Please use a unique email address.[39m
[31mStack: Error: Email already exists. Please use a unique email address.[39m
[31m    at checkDuplicateEmailInTable (C:\Users\admin\Downloads\nib_hr\backend\controllers\core\table.controller.js:527:15)[39m
[31m    at process.processTicksAndRejections (node:internal/process/task_queues:104:5)[39m
[31m    at async C:\Users\admin\Downloads\nib_hr\backend\controllers\core\table.controller.js:618:3[39m
2026-07-30 11:39:40:3940 [31merror[39m: [31mPOST /api/auth/login - Error: Invalid email or password.[39m
[31mStack: Error: Invalid email or password.[39m
[31m    at AuthService.login (D:\nib_hr\backend\services\auth.service.js:171:15)[39m
[31m    at async D:\nib_hr\backend\controllers\auth.controller.js:15:18[39m
2026-07-30 11:39:42:3942 [31merror[39m: [31mPOST /api/auth/login - Error: Invalid email or password.[39m
[31mStack: Error: Invalid email or password.[39m
[31m    at AuthService.login (D:\nib_hr\backend\services\auth.service.js:171:15)[39m
[31m    at async D:\nib_hr\backend\controllers\auth.controller.js:15:18[39m
2026-07-30 11:39:45:3945 [31merror[39m: [31mPOST /api/auth/login - Error: Invalid email or password.[39m
[31mStack: Error: Invalid email or password.[39m
[31m    at AuthService.login (D:\nib_hr\backend\services\auth.service.js:171:15)[39m
[31m    at async D:\nib_hr\backend\controllers\auth.controller.js:15:18[39m
2026-07-30 11:40:19:4019 [31merror[39m: [31mPOST /api/auth/login - Error: Invalid email or password.[39m
[31mStack: Error: Invalid email or password.[39m
[31m    at AuthService.login (D:\nib_hr\backend\services\auth.service.js:206:15)[39m
[31m    at async D:\nib_hr\backend\controllers\auth.controller.js:15:18[39m
2026-07-30 11:46:36:4636 [31merror[39m: [31mPOST /api/auth/login - Error: Invalid email or password.[39m
[31mStack: Error: Invalid email or password.[39m
[31m    at AuthService.login (D:\nib_hr\backend\services\auth.service.js:171:15)[39m
[31m    at async D:\nib_hr\backend\controllers\auth.controller.js:15:18[39m
2026-07-30 11:56:17:5617 [31merror[39m: [31mPOST /api/auth/login - Error: Invalid email or password.[39m
[31mStack: Error: Invalid email or password.[39m
[31m    at AuthService.login (D:\nib_hr\backend\services\auth.service.js:348:11)[39m
[31m    at process.processTicksAndRejections (node:internal/process/task_queues:104:5)[39m
[31m    at async D:\nib_hr\backend\controllers\auth.controller.js:15:18[39m
2026-07-30 11:57:30:5730 [31merror[39m: [31mPOST /api/auth/login - Error: Invalid email or password.[39m
[31mStack: Error: Invalid email or password.[39m
[31m    at AuthService.login (D:\nib_hr\backend\services\auth.service.js:171:15)[39m
[31m    at async D:\nib_hr\backend\controllers\auth.controller.js:15:18[39m
2026-07-30 12:21:48:2148 [31merror[39m: [31mPOST /api/auth/login - Error: Invalid email or password.[39m
[31mStack: Error: Invalid email or password.[39m
[31m    at AuthService.login (D:\nib_hr\backend\services\auth.service.js:171:15)[39m
[31m    at async D:\nib_hr\backend\controllers\auth.controller.js:15:18[39m
2026-07-30 12:21:51:2151 [31merror[39m: [31mPOST /api/auth/login - Error: Invalid email or password.[39m
[31mStack: Error: Invalid email or password.[39m
[31m    at AuthService.login (D:\nib_hr\backend\services\auth.service.js:171:15)[39m
[31m    at async D:\nib_hr\backend\controllers\auth.controller.js:15:18[39m
2026-07-30 15:49:19:4919 [31merror[39m: [31mPOST /api/auth/login - Error: Invalid email or password.[39m
[31mStack: Error: Invalid email or password.[39m
[31m    at AuthService.login (D:\nib_hr\backend\services\auth.service.js:348:11)[39m
[31m    at process.processTicksAndRejections (node:internal/process/task_queues:104:5)[39m
[31m    at async D:\nib_hr\backend\controllers\auth.controller.js:15:18[39m
2026-07-30 15:49:21:4921 [31merror[39m: [31mPOST /api/auth/login - Error: Invalid email or password.[39m
[31mStack: Error: Invalid email or password.[39m
[31m    at AuthService.login (D:\nib_hr\backend\services\auth.service.js:348:11)[39m
[31m    at process.processTicksAndRejections (node:internal/process/task_queues:104:5)[39m
[31m    at async D:\nib_hr\backend\controllers\auth.controller.js:15:18[39m
2026-07-30 16:01:50:150 [31merror[39m: [31mPOST /api/auth/login - Error: Invalid email or password.[39m
[31mStack: Error: Invalid email or password.[39m
[31m    at AuthService.login (D:\nib_hr\backend\services\auth.service.js:171:15)[39m
[31m    at async D:\nib_hr\backend\controllers\auth.controller.js:15:18[39m
2026-07-30 16:02:49:249 [31merror[39m: [31mPOST /api/auth/login - Error: Invalid email or password.[39m
[31mStack: Error: Invalid email or password.[39m
[31m    at AuthService.login (D:\nib_hr\backend\services\auth.service.js:171:15)[39m
[31m    at async D:\nib_hr\backend\controllers\auth.controller.js:15:18[39m
2026-07-30 16:02:51:251 [31merror[39m: [31mPOST /api/auth/login - Error: Invalid email or password.[39m
[31mStack: Error: Invalid email or password.[39m
[31m    at AuthService.login (D:\nib_hr\backend\services\auth.service.js:171:15)[39m
[31m    at async D:\nib_hr\backend\controllers\auth.controller.js:15:18[39m
2026-07-30 16:02:51:251 [31merror[39m: [31mPOST /api/auth/login - Error: Invalid email or password.[39m
[31mStack: Error: Invalid email or password.[39m
[31m    at AuthService.login (D:\nib_hr\backend\services\auth.service.js:171:15)[39m
[31m    at async D:\nib_hr\backend\controllers\auth.controller.js:15:18[39m
2026-07-30 16:02:52:252 [31merror[39m: [31mPOST /api/auth/login - Error: Invalid email or password.[39m
[31mStack: Error: Invalid email or password.[39m
[31m    at AuthService.login (D:\nib_hr\backend\services\auth.service.js:171:15)[39m
[31m    at async D:\nib_hr\backend\controllers\auth.controller.js:15:18[39m
2026-07-30 16:02:52:252 [31merror[39m: [31mPOST /api/auth/login - Error: Invalid email or password.[39m
[31mStack: Error: Invalid email or password.[39m
[31m    at AuthService.login (D:\nib_hr\backend\services\auth.service.js:171:15)[39m
[31m    at async D:\nib_hr\backend\controllers\auth.controller.js:15:18[39m
2026-07-30 16:02:52:252 [31merror[39m: [31mPOST /api/auth/login - Error: Invalid email or password.[39m
[31mStack: Error: Invalid email or password.[39m
[31m    at AuthService.login (D:\nib_hr\backend\services\auth.service.js:171:15)[39m
[31m    at async D:\nib_hr\backend\controllers\auth.controller.js:15:18[39m
2026-07-30 16:02:53:253 [31merror[39m: [31mPOST /api/auth/login - Error: Invalid email or password.[39m
[31mStack: Error: Invalid email or password.[39m
[31m    at AuthService.login (D:\nib_hr\backend\services\auth.service.js:171:15)[39m
[31m    at async D:\nib_hr\backend\controllers\auth.controller.js:15:18[39m
2026-07-30 16:02:54:254 [31merror[39m: [31mPOST /api/auth/login - Error: Invalid email or password.[39m
[31mStack: Error: Invalid email or password.[39m
[31m    at AuthService.login (D:\nib_hr\backend\services\auth.service.js:171:15)[39m
[31m    at async D:\nib_hr\backend\controllers\auth.controller.js:15:18[39m
2026-07-30 16:02:56:256 [31merror[39m: [31mPOST /api/auth/login - Error: Invalid email or password.[39m
[31mStack: Error: Invalid email or password.[39m
[31m    at AuthService.login (D:\nib_hr\backend\services\auth.service.js:171:15)[39m
[31m    at async D:\nib_hr\backend\controllers\auth.controller.js:15:18[39m
2026-07-30 16:07:11:711 [31merror[39m: [31mPOST /api/auth/login - Error: Invalid email or password.[39m
[31mStack: Error: Invalid email or password.[39m
[31m    at AuthService.login (D:\nib_hr\backend\services\auth.service.js:171:15)[39m
[31m    at async D:\nib_hr\backend\controllers\auth.controller.js:15:18[39m
2026-07-30 16:07:13:713 [31merror[39m: [31mPOST /api/auth/login - Error: Invalid email or password.[39m
[31mStack: Error: Invalid email or password.[39m
[31m    at AuthService.login (D:\nib_hr\backend\services\auth.service.js:171:15)[39m
[31m    at async D:\nib_hr\backend\controllers\auth.controller.js:15:18[39m
2026-07-30 17:11:49:1149 [31merror[39m: [31mPOST /api/auth/login - Error: Invalid email or password.[39m
[31mStack: Error: Invalid email or password.[39m
[31m    at AuthService.login (D:\nib_hr\backend\services\auth.service.js:171:15)[39m
[31m    at async D:\nib_hr\backend\controllers\auth.controller.js:15:18[39m
2026-07-30 17:12:00:120 [31merror[39m: [31mPOST /api/auth/login - Error: Invalid email or password.[39m
[31mStack: Error: Invalid email or password.[39m
[31m    at AuthService.login (D:\nib_hr\backend\services\auth.service.js:171:15)[39m
[31m    at async D:\nib_hr\backend\controllers\auth.controller.js:15:18[39m
2026-07-30 17:12:00:120 [31merror[39m: [31mPOST /api/auth/login - Error: Invalid email or password.[39m
[31mStack: Error: Invalid email or password.[39m
[31m    at AuthService.login (D:\nib_hr\backend\services\auth.service.js:171:15)[39m
[31m    at async D:\nib_hr\backend\controllers\auth.controller.js:15:18[39m
2026-07-30 17:12:02:122 [31merror[39m: [31mPOST /api/auth/login - Error: Invalid email or password.[39m
[31mStack: Error: Invalid email or password.[39m
[31m    at AuthService.login (D:\nib_hr\backend\services\auth.service.js:171:15)[39m
[31m    at async D:\nib_hr\backend\controllers\auth.controller.js:15:18[39m
2026-07-31 10:08:03:83 [31merror[39m: [31mUnable to connect to or initialize the Master database:[39m
2026-08-01 10:37:28:3728 [31merror[39m: [31mPOST /api/auth/login - Error: Invalid email or password.[39m
[31mStack: Error: Invalid email or password.[39m
[31m    at AuthService.login (D:\nib_hr\backend\services\auth.service.js:171:15)[39m
[31m    at async D:\nib_hr\backend\controllers\auth.controller.js:15:18[39m
2026-08-01 10:44:00:440 [31merror[39m: [31mPOST /api/auth/login - Error: Invalid email or password.[39m
[31mStack: Error: Invalid email or password.[39m
[31m    at AuthService.login (D:\nib_hr\backend\services\auth.service.js:171:15)[39m
[31m    at async D:\nib_hr\backend\controllers\auth.controller.js:15:18[39m
2026-08-01 10:59:48:5948 [31merror[39m: [31mPOST /api/auth/login - Error: Invalid email or password.[39m
[31mStack: Error: Invalid email or password.[39m
[31m    at AuthService.login (D:\nib_hr\backend\services\auth.service.js:171:15)[39m
[31m    at async D:\nib_hr\backend\controllers\auth.controller.js:15:18[39m
2026-08-01 11:31:19:3119 [31merror[39m: [31mPOST /api/core/upload - Error: Invalid file type. Only Images, PDFs, Word documents, and Excel spreadsheets are allowed.[39m
[31mStack: Error: Invalid file type. Only Images, PDFs, Word documents, and Excel spreadsheets are allowed.[39m
[31m    at fileFilter (D:\nib_hr\backend\middleware\upload.middleware.js:30:8)[39m
[31m    at wrappedFileFilter (D:\nib_hr\backend\node_modules\multer\index.js:44:7)[39m
[31m    at Multipart.<anonymous> (D:\nib_hr\backend\node_modules\multer\lib\make-middleware.js:109:7)[39m
[31m    at Multipart.emit (node:events:509:28)[39m
[31m    at HeaderParser.cb (D:\nib_hr\backend\node_modules\busboy\lib\types\multipart.js:358:14)[39m
[31m    at HeaderParser.push (D:\nib_hr\backend\node_modules\busboy\lib\types\multipart.js:162:20)[39m
[31m    at SBMH.ssCb [as _cb] (D:\nib_hr\backend\node_modules\busboy\lib\types\multipart.js:394:37)[39m
[31m    at feed (D:\nib_hr\backend\node_modules\streamsearch\lib\sbmh.js:219:14)[39m
[31m    at SBMH.push (D:\nib_hr\backend\node_modules\streamsearch\lib\sbmh.js:104:16)[39m
[31m    at Multipart._write (D:\nib_hr\backend\node_modules\busboy\lib\types\multipart.js:567:19)[39m
2026-08-01 11:45:41:4541 [31merror[39m: [31mPOST /api/table/employees - Error: Email already exists. Please use a unique email address.[39m
[31mStack: Error: Email already exists. Please use a unique email address.[39m
[31m    at checkDuplicateEmailInTable (D:\nib_hr\backend\controllers\core\table.controller.js:693:15)[39m
[31m    at process.processTicksAndRejections (node:internal/process/task_queues:104:5)[39m
[31m    at async D:\nib_hr\backend\controllers\core\table.controller.js:730:3[39m
2026-08-01 11:53:49:5349 [31merror[39m: [31mPOST /api/auth/login - Error: Invalid email or password.[39m
[31mStack: Error: Invalid email or password.[39m
[31m    at AuthService.login (D:\nib_hr\backend\services\auth.service.js:171:15)[39m
[31m    at async D:\nib_hr\backend\controllers\auth.controller.js:15:18[39m
2026-08-01 12:14:15:1415 [31merror[39m: [31mPOST /api/auth/login - Error: Invalid email or password.[39m
[31mStack: Error: Invalid email or password.[39m
[31m    at AuthService.login (D:\nib_hr\backend\services\auth.service.js:171:15)[39m
[31m    at async D:\nib_hr\backend\controllers\auth.controller.js:15:18[39m
2026-08-01 12:17:29:1729 [31merror[39m: [31mPOST /api/auth/login - Error: Invalid email or password.[39m
[31mStack: Error: Invalid email or password.[39m
[31m    at AuthService.login (D:\nib_hr\backend\services\auth.service.js:171:15)[39m
[31m    at async D:\nib_hr\backend\controllers\auth.controller.js:15:18[39m
2026-08-01 12:21:33:2133 [31merror[39m: [31mPOST /api/auth/login - Error: Invalid email or password.[39m
[31mStack: Error: Invalid email or password.[39m
[31m    at AuthService.login (D:\nib_hr\backend\services\auth.service.js:171:15)[39m
[31m    at async D:\nib_hr\backend\controllers\auth.controller.js:15:18[39m
2026-08-01 12:21:37:2137 [31merror[39m: [31mPOST /api/auth/login - Error: Invalid email or password.[39m
[31mStack: Error: Invalid email or password.[39m
[31m    at AuthService.login (D:\nib_hr\backend\services\auth.service.js:171:15)[39m
[31m    at async D:\nib_hr\backend\controllers\auth.controller.js:15:18[39m
2026-08-01 12:24:24:2424 [31merror[39m: [31mPOST /api/auth/login - Error: Invalid email or password.[39m
[31mStack: Error: Invalid email or password.[39m
[31m    at AuthService.login (D:\nib_hr\backend\services\auth.service.js:171:15)[39m
[31m    at async D:\nib_hr\backend\controllers\auth.controller.js:15:18[39m
2026-08-01 12:31:12:3112 [31merror[39m: [31mPOST /api/auth/login - Error: Invalid email or password.[39m
[31mStack: Error: Invalid email or password.[39m
[31m    at AuthService.login (D:\nib_hr\backend\services\auth.service.js:171:15)[39m
[31m    at async D:\nib_hr\backend\controllers\auth.controller.js:15:18[39m
2026-08-01 12:32:32:3232 [31merror[39m: [31mPOST /api/auth/login - Error: Invalid email or password.[39m
[31mStack: Error: Invalid email or password.[39m
[31m    at AuthService.login (D:\nib_hr\backend\services\auth.service.js:206:15)[39m
[31m    at async D:\nib_hr\backend\controllers\auth.controller.js:15:18[39m
2026-08-01 12:33:56:3356 [31merror[39m: [31mPOST /api/auth/login - Error: Invalid email or password.[39m
[31mStack: Error: Invalid email or password.[39m
[31m    at AuthService.login (D:\nib_hr\backend\services\auth.service.js:171:15)[39m
[31m    at async D:\nib_hr\backend\controllers\auth.controller.js:15:18[39m
2026-08-01 12:54:47:5447 [31merror[39m: [31mPOST /api/auth/login - Error: Invalid email or password.[39m
[31mStack: Error: Invalid email or password.[39m
[31m    at AuthService.login (D:\nib_hr\backend\services\auth.service.js:171:15)[39m
[31m    at async D:\nib_hr\backend\controllers\auth.controller.js:15:18[39m
2026-08-01 13:03:44:344 [31merror[39m: [31mPOST /api/table/employees - Error: Incorrect date value: '8/1/2026' for column `system_master_db`.`employees`.`updatedDate` at row 1[39m
[31mStack: Error[39m
[31m    at Query.run (D:\nib_hr\backend\node_modules\sequelize\lib\dialects\mysql\query.js:52:25)[39m
[31m    at D:\nib_hr\backend\node_modules\sequelize\lib\sequelize.js:315:28[39m
[31m    at async D:\nib_hr\backend\controllers\core\table.controller.js:798:5[39m
2026-08-01 16:12:44:1244 [31merror[39m: [31mPOST /api/table/daily_attendance - Error: Data truncated for column 'id' at row 1[39m
[31mStack: Error[39m
[31m    at Query.run (C:\Users\admin\Downloads\nib_hr\backend\node_modules\sequelize\lib\dialects\mysql\query.js:52:25)[39m
[31m    at C:\Users\admin\Downloads\nib_hr\backend\node_modules\sequelize\lib\sequelize.js:315:28[39m
[31m    at process.processTicksAndRejections (node:internal/process/task_queues:104:5)[39m
[31m    at async C:\Users\admin\Downloads\nib_hr\backend\controllers\core\table.controller.js:806:5[39m
2026-08-01 16:12:58:1258 [31merror[39m: [31mPOST /api/table/daily_attendance - Error: Incorrect integer value: 'c58f79be-2fba-41bd-a585-cb6d2390824d' for column `yashtech`.`daily_attendance`.`id` at row 1[39m
[31mStack: Error[39m
[31m    at Query.run (C:\Users\admin\Downloads\nib_hr\backend\node_modules\sequelize\lib\dialects\mysql\query.js:52:25)[39m
[31m    at C:\Users\admin\Downloads\nib_hr\backend\node_modules\sequelize\lib\sequelize.js:315:28[39m
[31m    at process.processTicksAndRejections (node:internal/process/task_queues:104:5)[39m
[31m    at async C:\Users\admin\Downloads\nib_hr\backend\controllers\core\table.controller.js:806:5[39m
2026-08-05 12:37:44:3744 [31merror[39m: [31mPOST /api/auth/login - Error: Invalid email or password.[39m
[31mStack: Error: Invalid email or password.[39m
[31m    at AuthService.login (D:\nib_hr\backend\services\auth.service.js:348:11)[39m
[31m    at async D:\nib_hr\backend\controllers\auth.controller.js:15:18[39m
2026-08-05 13:21:42:2142 [31merror[39m: [31mPOST /api/auth/login - Error: Invalid email or password.[39m
[31mStack: Error: Invalid email or password.[39m
[31m    at AuthService.login (D:\nib_hr\backend\services\auth.service.js:348:11)[39m
[31m    at async D:\nib_hr\backend\controllers\auth.controller.js:15:18[39m
2026-08-05 13:21:44:2144 [31merror[39m: [31mPOST /api/auth/login - Error: Invalid email or password.[39m
[31mStack: Error: Invalid email or password.[39m
[31m    at AuthService.login (D:\nib_hr\backend\services\auth.service.js:348:11)[39m
[31m    at async D:\nib_hr\backend\controllers\auth.controller.js:15:18[39m
2026-08-05 13:32:21:3221 [31merror[39m: [31mPOST /api/auth/login - Error: Invalid email or password.[39m
[31mStack: Error: Invalid email or password.[39m
[31m    at AuthService.login (D:\nib_hr\backend\services\auth.service.js:348:11)[39m
[31m    at async D:\nib_hr\backend\controllers\auth.controller.js:17:18[39m
2026-08-05 13:32:24:3224 [31merror[39m: [31mPOST /api/auth/login - Error: Invalid email or password.[39m
[31mStack: Error: Invalid email or password.[39m
[31m    at AuthService.login (D:\nib_hr\backend\services\auth.service.js:348:11)[39m
[31m    at async D:\nib_hr\backend\controllers\auth.controller.js:17:18[39m
2026-08-05 13:32:24:3224 [31merror[39m: [31mGET /api/table/asset_allocation - Error: userRoleStr is not defined[39m
[31mStack: ReferenceError: userRoleStr is not defined[39m
[31m    at D:\nib_hr\backend\controllers\core\table.controller.js:389:5[39m
[31m    at process.processTicksAndRejections (node:internal/process/task_queues:104:5)[39m
2026-08-05 13:32:24:3224 [31merror[39m: [31mGET /api/table/daily_attendance - Error: userRoleStr is not defined[39m
[31mStack: ReferenceError: userRoleStr is not defined[39m
[31m    at D:\nib_hr\backend\controllers\core\table.controller.js:389:5[39m
[31m    at process.processTicksAndRejections (node:internal/process/task_queues:104:5)[39m
2026-08-05 13:32:24:3224 [31merror[39m: [31mGET /api/table/attendance_regularization - Error: userRoleStr is not defined[39m
[31mStack: ReferenceError: userRoleStr is not defined[39m
[31m    at D:\nib_hr\backend\controllers\core\table.controller.js:389:5[39m
[31m    at process.processTicksAndRejections (node:internal/process/task_queues:104:5)[39m
2026-08-05 13:32:24:3224 [31merror[39m: [31mGET /api/table/biometric_logs - Error: userRoleStr is not defined[39m
[31mStack: ReferenceError: userRoleStr is not defined[39m
[31m    at D:\nib_hr\backend\controllers\core\table.controller.js:389:5[39m
[31m    at process.processTicksAndRejections (node:internal/process/task_queues:104:5)[39m
2026-08-05 13:32:24:3224 [31merror[39m: [31mGET /api/table/asset_allocation - Error: userRoleStr is not defined[39m
[31mStack: ReferenceError: userRoleStr is not defined[39m
[31m    at D:\nib_hr\backend\controllers\core\table.controller.js:389:5[39m
[31m    at process.processTicksAndRejections (node:internal/process/task_queues:104:5)[39m
2026-08-05 13:32:24:3224 [31merror[39m: [31mGET /api/table/attendance_regularization - Error: userRoleStr is not defined[39m
[31mStack: ReferenceError: userRoleStr is not defined[39m
[31m    at D:\nib_hr\backend\controllers\core\table.controller.js:389:5[39m
[31m    at process.processTicksAndRejections (node:internal/process/task_queues:104:5)[39m
2026-08-05 13:32:24:3224 [31merror[39m: [31mGET /api/table/daily_attendance - Error: userRoleStr is not defined[39m
[31mStack: ReferenceError: userRoleStr is not defined[39m
[31m    at D:\nib_hr\backend\controllers\core\table.controller.js:389:5[39m
[31m    at process.processTicksAndRejections (node:internal/process/task_queues:104:5)[39m
2026-08-05 13:32:24:3224 [31merror[39m: [31mGET /api/table/biometric_logs - Error: userRoleStr is not defined[39m
[31mStack: ReferenceError: userRoleStr is not defined[39m
[31m    at D:\nib_hr\backend\controllers\core\table.controller.js:389:5[39m
[31m    at process.processTicksAndRejections (node:internal/process/task_queues:104:5)[39m
2026-08-05 13:32:25:3225 [31merror[39m: [31mGET /api/table/biometric_logs - Error: userRoleStr is not defined[39m
[31mStack: ReferenceError: userRoleStr is not defined[39m
[31m    at D:\nib_hr\backend\controllers\core\table.controller.js:389:5[39m
[31m    at process.processTicksAndRejections (node:internal/process/task_queues:104:5)[39m
2026-08-05 13:32:25:3225 [31merror[39m: [31mGET /api/table/biometric_logs - Error: userRoleStr is not defined[39m
[31mStack: ReferenceError: userRoleStr is not defined[39m
[31m    at D:\nib_hr\backend\controllers\core\table.controller.js:389:5[39m
[31m    at process.processTicksAndRejections (node:internal/process/task_queues:104:5)[39m
2026-08-05 13:32:33:3233 [31merror[39m: [31mGET /api/table/asset_allocation - Error: userRoleStr is not defined[39m
[31mStack: ReferenceError: userRoleStr is not defined[39m
[31m    at D:\nib_hr\backend\controllers\core\table.controller.js:389:5[39m
[31m    at process.processTicksAndRejections (node:internal/process/task_queues:104:5)[39m
2026-08-05 13:32:33:3233 [31merror[39m: [31mGET /api/table/daily_attendance - Error: userRoleStr is not defined[39m
[31mStack: ReferenceError: userRoleStr is not defined[39m
[31m    at D:\nib_hr\backend\controllers\core\table.controller.js:389:5[39m
[31m    at process.processTicksAndRejections (node:internal/process/task_queues:104:5)[39m
2026-08-05 13:32:33:3233 [31merror[39m: [31mGET /api/table/attendance_regularization - Error: userRoleStr is not defined[39m
[31mStack: ReferenceError: userRoleStr is not defined[39m
[31m    at D:\nib_hr\backend\controllers\core\table.controller.js:389:5[39m
[31m    at process.processTicksAndRejections (node:internal/process/task_queues:104:5)[39m
2026-08-05 13:32:33:3233 [31merror[39m: [31mGET /api/table/biometric_logs - Error: userRoleStr is not defined[39m
[31mStack: ReferenceError: userRoleStr is not defined[39m
[31m    at D:\nib_hr\backend\controllers\core\table.controller.js:389:5[39m
[31m    at process.processTicksAndRejections (node:internal/process/task_queues:104:5)[39m
2026-08-05 13:32:33:3233 [31merror[39m: [31mGET /api/table/asset_allocation - Error: userRoleStr is not defined[39m
[31mStack: ReferenceError: userRoleStr is not defined[39m
[31m    at D:\nib_hr\backend\controllers\core\table.controller.js:389:5[39m
[31m    at process.processTicksAndRejections (node:internal/process/task_queues:104:5)[39m
2026-08-05 13:32:33:3233 [31merror[39m: [31mGET /api/table/daily_attendance - Error: userRoleStr is not defined[39m
[31mStack: ReferenceError: userRoleStr is not defined[39m
[31m    at D:\nib_hr\backend\controllers\core\table.controller.js:389:5[39m
[31m    at process.processTicksAndRejections (node:internal/process/task_queues:104:5)[39m
2026-08-05 13:32:33:3233 [31merror[39m: [31mGET /api/table/attendance_regularization - Error: userRoleStr is not defined[39m
[31mStack: ReferenceError: userRoleStr is not defined[39m
[31m    at D:\nib_hr\backend\controllers\core\table.controller.js:389:5[39m
[31m    at process.processTicksAndRejections (node:internal/process/task_queues:104:5)[39m
2026-08-05 13:32:33:3233 [31merror[39m: [31mGET /api/table/biometric_logs - Error: userRoleStr is not defined[39m
[31mStack: ReferenceError: userRoleStr is not defined[39m
[31m    at D:\nib_hr\backend\controllers\core\table.controller.js:389:5[39m
[31m    at process.processTicksAndRejections (node:internal/process/task_queues:104:5)[39m
2026-08-05 13:32:33:3233 [31merror[39m: [31mGET /api/table/biometric_logs - Error: userRoleStr is not defined[39m
[31mStack: ReferenceError: userRoleStr is not defined[39m
[31m    at D:\nib_hr\backend\controllers\core\table.controller.js:389:5[39m
[31m    at process.processTicksAndRejections (node:internal/process/task_queues:104:5)[39m
2026-08-05 13:32:33:3233 [31merror[39m: [31mGET /api/table/biometric_logs - Error: userRoleStr is not defined[39m
[31mStack: ReferenceError: userRoleStr is not defined[39m
[31m    at D:\nib_hr\backend\controllers\core\table.controller.js:389:5[39m
[31m    at process.processTicksAndRejections (node:internal/process/task_queues:104:5)[39m
2026-08-05 14:57:39:5739 [31merror[39m: [31mGET /api/table/asset_allocation - Error: userRoleStr is not defined[39m
[31mStack: ReferenceError: userRoleStr is not defined[39m
[31m    at D:\nib_hr\backend\controllers\core\table.controller.js:389:5[39m
[31m    at process.processTicksAndRejections (node:internal/process/task_queues:104:5)[39m
2026-08-05 14:57:39:5739 [31merror[39m: [31mGET /api/table/daily_attendance - Error: userRoleStr is not defined[39m
[31mStack: ReferenceError: userRoleStr is not defined[39m
[31m    at D:\nib_hr\backend\controllers\core\table.controller.js:389:5[39m
[31m    at process.processTicksAndRejections (node:internal/process/task_queues:104:5)[39m
2026-08-05 14:57:39:5739 [31merror[39m: [31mGET /api/table/attendance_regularization - Error: userRoleStr is not defined[39m
[31mStack: ReferenceError: userRoleStr is not defined[39m
[31m    at D:\nib_hr\backend\controllers\core\table.controller.js:389:5[39m
[31m    at process.processTicksAndRejections (node:internal/process/task_queues:104:5)[39m
2026-08-05 14:57:39:5739 [31merror[39m: [31mGET /api/table/biometric_logs - Error: userRoleStr is not defined[39m
[31mStack: ReferenceError: userRoleStr is not defined[39m
[31m    at D:\nib_hr\backend\controllers\core\table.controller.js:389:5[39m
[31m    at process.processTicksAndRejections (node:internal/process/task_queues:104:5)[39m
2026-08-05 14:57:39:5739 [31merror[39m: [31mGET /api/table/asset_allocation - Error: userRoleStr is not defined[39m
[31mStack: ReferenceError: userRoleStr is not defined[39m
[31m    at D:\nib_hr\backend\controllers\core\table.controller.js:389:5[39m
[31m    at process.processTicksAndRejections (node:internal/process/task_queues:104:5)[39m
2026-08-05 14:57:39:5739 [31merror[39m: [31mGET /api/table/daily_attendance - Error: userRoleStr is not defined[39m
[31mStack: ReferenceError: userRoleStr is not defined[39m
[31m    at D:\nib_hr\backend\controllers\core\table.controller.js:389:5[39m
[31m    at process.processTicksAndRejections (node:internal/process/task_queues:104:5)[39m
2026-08-05 14:57:40:5740 [31merror[39m: [31mGET /api/table/attendance_regularization - Error: userRoleStr is not defined[39m
[31mStack: ReferenceError: userRoleStr is not defined[39m
[31m    at D:\nib_hr\backend\controllers\core\table.controller.js:389:5[39m
[31m    at process.processTicksAndRejections (node:internal/process/task_queues:104:5)[39m
2026-08-05 14:57:40:5740 [31merror[39m: [31mGET /api/table/biometric_logs - Error: userRoleStr is not defined[39m
[31mStack: ReferenceError: userRoleStr is not defined[39m
[31m    at D:\nib_hr\backend\controllers\core\table.controller.js:389:5[39m
[31m    at process.processTicksAndRejections (node:internal/process/task_queues:104:5)[39m
2026-08-05 14:57:40:5740 [31merror[39m: [31mGET /api/table/biometric_logs - Error: userRoleStr is not defined[39m
[31mStack: ReferenceError: userRoleStr is not defined[39m
[31m    at D:\nib_hr\backend\controllers\core\table.controller.js:389:5[39m
[31m    at process.processTicksAndRejections (node:internal/process/task_queues:104:5)[39m
2026-08-05 14:57:40:5740 [31merror[39m: [31mGET /api/table/biometric_logs - Error: userRoleStr is not defined[39m
[31mStack: ReferenceError: userRoleStr is not defined[39m
[31m    at D:\nib_hr\backend\controllers\core\table.controller.js:389:5[39m
[31m    at process.processTicksAndRejections (node:internal/process/task_queues:104:5)[39m
2026-08-05 15:11:24:1124 [31merror[39m: [31mGET /api/table/asset_allocation - Error: userRoleStr is not defined[39m
[31mStack: ReferenceError: userRoleStr is not defined[39m
[31m    at D:\nib_hr\backend\controllers\core\table.controller.js:389:5[39m
[31m    at process.processTicksAndRejections (node:internal/process/task_queues:104:5)[39m
2026-08-05 15:11:24:1124 [31merror[39m: [31mGET /api/table/attendance_regularization - Error: userRoleStr is not defined[39m
[31mStack: ReferenceError: userRoleStr is not defined[39m
[31m    at D:\nib_hr\backend\controllers\core\table.controller.js:389:5[39m
[31m    at process.processTicksAndRejections (node:internal/process/task_queues:104:5)[39m
2026-08-05 15:11:24:1124 [31merror[39m: [31mGET /api/table/biometric_logs - Error: userRoleStr is not defined[39m
[31mStack: ReferenceError: userRoleStr is not defined[39m
[31m    at D:\nib_hr\backend\controllers\core\table.controller.js:389:5[39m
[31m    at process.processTicksAndRejections (node:internal/process/task_queues:104:5)[39m
2026-08-05 15:11:24:1124 [31merror[39m: [31mGET /api/table/daily_attendance - Error: userRoleStr is not defined[39m
[31mStack: ReferenceError: userRoleStr is not defined[39m
[31m    at D:\nib_hr\backend\controllers\core\table.controller.js:389:5[39m
[31m    at process.processTicksAndRejections (node:internal/process/task_queues:104:5)[39m
2026-08-05 15:11:25:1125 [31merror[39m: [31mGET /api/table/asset_allocation - Error: userRoleStr is not defined[39m
[31mStack: ReferenceError: userRoleStr is not defined[39m
[31m    at D:\nib_hr\backend\controllers\core\table.controller.js:389:5[39m
[31m    at process.processTicksAndRejections (node:internal/process/task_queues:104:5)[39m
2026-08-05 15:11:25:1125 [31merror[39m: [31mGET /api/table/attendance_regularization - Error: userRoleStr is not defined[39m
[31mStack: ReferenceError: userRoleStr is not defined[39m
[31m    at D:\nib_hr\backend\controllers\core\table.controller.js:389:5[39m
[31m    at process.processTicksAndRejections (node:internal/process/task_queues:104:5)[39m
2026-08-05 15:11:25:1125 [31merror[39m: [31mGET /api/table/biometric_logs - Error: userRoleStr is not defined[39m
[31mStack: ReferenceError: userRoleStr is not defined[39m
[31m    at D:\nib_hr\backend\controllers\core\table.controller.js:389:5[39m
[31m    at process.processTicksAndRejections (node:internal/process/task_queues:104:5)[39m
2026-08-05 15:11:25:1125 [31merror[39m: [31mGET /api/table/daily_attendance - Error: userRoleStr is not defined[39m
[31mStack: ReferenceError: userRoleStr is not defined[39m
[31m    at D:\nib_hr\backend\controllers\core\table.controller.js:389:5[39m
[31m    at process.processTicksAndRejections (node:internal/process/task_queues:104:5)[39m
2026-08-05 15:11:25:1125 [31merror[39m: [31mGET /api/table/biometric_logs - Error: userRoleStr is not defined[39m
[31mStack: ReferenceError: userRoleStr is not defined[39m
[31m    at D:\nib_hr\backend\controllers\core\table.controller.js:389:5[39m
[31m    at process.processTicksAndRejections (node:internal/process/task_queues:104:5)[39m
2026-08-05 15:11:25:1125 [31merror[39m: [31mGET /api/table/biometric_logs - Error: userRoleStr is not defined[39m
[31mStack: ReferenceError: userRoleStr is not defined[39m
[31m    at D:\nib_hr\backend\controllers\core\table.controller.js:389:5[39m
[31m    at process.processTicksAndRejections (node:internal/process/task_queues:104:5)[39m
2026-08-05 15:12:54:1254 [31merror[39m: [31mGET /api/table/asset_allocation - Error: userRoleStr is not defined[39m
[31mStack: ReferenceError: userRoleStr is not defined[39m
[31m    at D:\nib_hr\backend\controllers\core\table.controller.js:389:5[39m
[31m    at process.processTicksAndRejections (node:internal/process/task_queues:104:5)[39m
2026-08-05 15:12:54:1254 [31merror[39m: [31mGET /api/table/attendance_regularization - Error: userRoleStr is not defined[39m
[31mStack: ReferenceError: userRoleStr is not defined[39m
[31m    at D:\nib_hr\backend\controllers\core\table.controller.js:389:5[39m
[31m    at process.processTicksAndRejections (node:internal/process/task_queues:104:5)[39m
2026-08-05 15:12:54:1254 [31merror[39m: [31mGET /api/table/biometric_logs - Error: userRoleStr is not defined[39m
[31mStack: ReferenceError: userRoleStr is not defined[39m
[31m    at D:\nib_hr\backend\controllers\core\table.controller.js:389:5[39m
[31m    at process.processTicksAndRejections (node:internal/process/task_queues:104:5)[39m
2026-08-05 15:12:54:1254 [31merror[39m: [31mGET /api/table/daily_attendance - Error: userRoleStr is not defined[39m
[31mStack: ReferenceError: userRoleStr is not defined[39m
[31m    at D:\nib_hr\backend\controllers\core\table.controller.js:389:5[39m
[31m    at process.processTicksAndRejections (node:internal/process/task_queues:104:5)[39m
2026-08-05 15:12:54:1254 [31merror[39m: [31mGET /api/table/asset_allocation - Error: userRoleStr is not defined[39m
[31mStack: ReferenceError: userRoleStr is not defined[39m
[31m    at D:\nib_hr\backend\controllers\core\table.controller.js:389:5[39m
[31m    at process.processTicksAndRejections (node:internal/process/task_queues:104:5)[39m
2026-08-05 15:12:54:1254 [31merror[39m: [31mGET /api/table/attendance_regularization - Error: userRoleStr is not defined[39m
[31mStack: ReferenceError: userRoleStr is not defined[39m
[31m    at D:\nib_hr\backend\controllers\core\table.controller.js:389:5[39m
[31m    at process.processTicksAndRejections (node:internal/process/task_queues:104:5)[39m
2026-08-05 15:12:54:1254 [31merror[39m: [31mGET /api/table/biometric_logs - Error: userRoleStr is not defined[39m
[31mStack: ReferenceError: userRoleStr is not defined[39m
[31m    at D:\nib_hr\backend\controllers\core\table.controller.js:389:5[39m
[31m    at process.processTicksAndRejections (node:internal/process/task_queues:104:5)[39m
2026-08-05 15:12:54:1254 [31merror[39m: [31mGET /api/table/daily_attendance - Error: userRoleStr is not defined[39m
[31mStack: ReferenceError: userRoleStr is not defined[39m
[31m    at D:\nib_hr\backend\controllers\core\table.controller.js:389:5[39m
[31m    at process.processTicksAndRejections (node:internal/process/task_queues:104:5)[39m
2026-08-05 15:12:54:1254 [31merror[39m: [31mGET /api/table/biometric_logs - Error: userRoleStr is not defined[39m
[31mStack: ReferenceError: userRoleStr is not defined[39m
[31m    at D:\nib_hr\backend\controllers\core\table.controller.js:389:5[39m
[31m    at process.processTicksAndRejections (node:internal/process/task_queues:104:5)[39m
2026-08-05 15:12:54:1254 [31merror[39m: [31mGET /api/table/biometric_logs - Error: userRoleStr is not defined[39m
[31mStack: ReferenceError: userRoleStr is not defined[39m
[31m    at D:\nib_hr\backend\controllers\core\table.controller.js:389:5[39m
[31m    at process.processTicksAndRejections (node:internal/process/task_queues:104:5)[39m
2026-08-05 15:12:58:1258 [31merror[39m: [31mGET /api/table/asset_allocation - Error: userRoleStr is not defined[39m
[31mStack: ReferenceError: userRoleStr is not defined[39m
[31m    at D:\nib_hr\backend\controllers\core\table.controller.js:389:5[39m
[31m    at process.processTicksAndRejections (node:internal/process/task_queues:104:5)[39m
2026-08-05 15:12:58:1258 [31merror[39m: [31mGET /api/table/attendance_regularization - Error: userRoleStr is not defined[39m
[31mStack: ReferenceError: userRoleStr is not defined[39m
[31m    at D:\nib_hr\backend\controllers\core\table.controller.js:389:5[39m
[31m    at process.processTicksAndRejections (node:internal/process/task_queues:104:5)[39m
2026-08-05 15:12:58:1258 [31merror[39m: [31mGET /api/table/biometric_logs - Error: userRoleStr is not defined[39m
[31mStack: ReferenceError: userRoleStr is not defined[39m
[31m    at D:\nib_hr\backend\controllers\core\table.controller.js:389:5[39m
[31m    at process.processTicksAndRejections (node:internal/process/task_queues:104:5)[39m
2026-08-05 15:12:58:1258 [31merror[39m: [31mGET /api/table/daily_attendance - Error: userRoleStr is not defined[39m
[31mStack: ReferenceError: userRoleStr is not defined[39m
[31m    at D:\nib_hr\backend\controllers\core\table.controller.js:389:5[39m
[31m    at process.processTicksAndRejections (node:internal/process/task_queues:104:5)[39m
2026-08-05 15:12:58:1258 [31merror[39m: [31mGET /api/table/asset_allocation - Error: userRoleStr is not defined[39m
[31mStack: ReferenceError: userRoleStr is not defined[39m
[31m    at D:\nib_hr\backend\controllers\core\table.controller.js:389:5[39m
[31m    at process.processTicksAndRejections (node:internal/process/task_queues:104:5)[39m
2026-08-05 15:12:58:1258 [31merror[39m: [31mGET /api/table/attendance_regularization - Error: userRoleStr is not defined[39m
[31mStack: ReferenceError: userRoleStr is not defined[39m
[31m    at D:\nib_hr\backend\controllers\core\table.controller.js:389:5[39m
[31m    at process.processTicksAndRejections (node:internal/process/task_queues:104:5)[39m
2026-08-05 15:12:58:1258 [31merror[39m: [31mGET /api/table/biometric_logs - Error: userRoleStr is not defined[39m
[31mStack: ReferenceError: userRoleStr is not defined[39m
[31m    at D:\nib_hr\backend\controllers\core\table.controller.js:389:5[39m
[31m    at process.processTicksAndRejections (node:internal/process/task_queues:104:5)[39m
2026-08-05 15:12:58:1258 [31merror[39m: [31mGET /api/table/daily_attendance - Error: userRoleStr is not defined[39m
[31mStack: ReferenceError: userRoleStr is not defined[39m
[31m    at D:\nib_hr\backend\controllers\core\table.controller.js:389:5[39m
[31m    at process.processTicksAndRejections (node:internal/process/task_queues:104:5)[39m
2026-08-05 15:12:59:1259 [31merror[39m: [31mGET /api/table/biometric_logs - Error: userRoleStr is not defined[39m
[31mStack: ReferenceError: userRoleStr is not defined[39m
[31m    at D:\nib_hr\backend\controllers\core\table.controller.js:389:5[39m
[31m    at process.processTicksAndRejections (node:internal/process/task_queues:104:5)[39m
2026-08-05 15:12:59:1259 [31merror[39m: [31mGET /api/table/biometric_logs - Error: userRoleStr is not defined[39m
[31mStack: ReferenceError: userRoleStr is not defined[39m
[31m    at D:\nib_hr\backend\controllers\core\table.controller.js:389:5[39m
[31m    at process.processTicksAndRejections (node:internal/process/task_queues:104:5)[39m
2026-08-05 15:24:32:2432 [31merror[39m: [31mPOST /api/auth/login - Error: Invalid email or password.[39m
[31mStack: Error: Invalid email or password.[39m
[31m    at AuthService.login (D:\nib_hr\backend\services\auth.service.js:348:11)[39m
[31m    at process.processTicksAndRejections (node:internal/process/task_queues:104:5)[39m
[31m    at async D:\nib_hr\backend\controllers\auth.controller.js:17:18[39m
2026-08-05 15:24:36:2436 [31merror[39m: [31mPOST /api/auth/login - Error: Invalid email or password.[39m
[31mStack: Error: Invalid email or password.[39m
[31m    at AuthService.login (D:\nib_hr\backend\services\auth.service.js:348:11)[39m
[31m    at process.processTicksAndRejections (node:internal/process/task_queues:104:5)[39m
[31m    at async D:\nib_hr\backend\controllers\auth.controller.js:17:18[39m
2026-08-05 15:30:07:307 [31merror[39m: [31mPOST /api/auth/login - Error: Invalid email or password.[39m
[31mStack: Error: Invalid email or password.[39m
[31m    at AuthService.login (D:\nib_hr\backend\services\auth.service.js:348:11)[39m
[31m    at async D:\nib_hr\backend\controllers\auth.controller.js:17:18[39m
2026-08-05 15:30:34:3034 [31merror[39m: [31mPOST /api/auth/login - Error: Invalid email or password.[39m
[31mStack: Error: Invalid email or password.[39m
[31m    at AuthService.login (D:\nib_hr\backend\services\auth.service.js:206:15)[39m
[31m    at async D:\nib_hr\backend\controllers\auth.controller.js:17:18[39m
2026-08-05 15:37:17:3717 [31merror[39m: [31mPOST /api/auth/login - Error: Invalid email or password.[39m
[31mStack: Error: Invalid email or password.[39m
[31m    at AuthService.login (D:\nib_hr\backend\services\auth.service.js:348:11)[39m
[31m    at async D:\nib_hr\backend\controllers\auth.controller.js:17:18[39m
2026-08-05 15:38:20:3820 [31merror[39m: [31mPOST /api/auth/login - Error: Invalid email or password.[39m
[31mStack: Error: Invalid email or password.[39m
[31m    at AuthService.login (D:\nib_hr\backend\services\auth.service.js:348:11)[39m
[31m    at async D:\nib_hr\backend\controllers\auth.controller.js:17:18[39m
2026-08-05 15:38:23:3823 [31merror[39m: [31mPOST /api/auth/login - Error: Invalid email or password.[39m
[31mStack: Error: Invalid email or password.[39m
[31m    at AuthService.login (D:\nib_hr\backend\services\auth.service.js:348:11)[39m
[31m    at async D:\nib_hr\backend\controllers\auth.controller.js:17:18[39m
2026-08-05 15:40:02:402 [31merror[39m: [31mPOST /api/auth/login - Error: Invalid email or password.[39m
[31mStack: Error: Invalid email or password.[39m
[31m    at AuthService.login (D:\nib_hr\backend\services\auth.service.js:348:11)[39m
[31m    at async D:\nib_hr\backend\controllers\auth.controller.js:17:18[39m
2026-08-05 15:40:06:406 [31merror[39m: [31mPOST /api/auth/login - Error: Invalid email or password.[39m
[31mStack: Error: Invalid email or password.[39m
[31m    at AuthService.login (D:\nib_hr\backend\services\auth.service.js:348:11)[39m
[31m    at async D:\nib_hr\backend\controllers\auth.controller.js:17:18[39m
2026-08-05 15:45:10:4510 [31merror[39m: [31mPOST /api/auth/login - Error: Invalid email or password.[39m
[31mStack: Error: Invalid email or password.[39m
[31m    at AuthService.login (D:\nib_hr\backend\services\auth.service.js:348:11)[39m
[31m    at async D:\nib_hr\backend\controllers\auth.controller.js:17:18[39m
2026-08-05 15:45:12:4512 [31merror[39m: [31mPOST /api/auth/login - Error: Invalid email or password.[39m
[31mStack: Error: Invalid email or password.[39m
[31m    at AuthService.login (D:\nib_hr\backend\services\auth.service.js:348:11)[39m
[31m    at async D:\nib_hr\backend\controllers\auth.controller.js:17:18[39m
2026-08-05 15:47:04:474 [31merror[39m: [31mPOST /api/auth/login - Error: Invalid email or password.[39m
[31mStack: Error: Invalid email or password.[39m
[31m    at AuthService.login (D:\nib_hr\backend\services\auth.service.js:348:11)[39m
[31m    at async D:\nib_hr\backend\controllers\auth.controller.js:17:18[39m
2026-08-05 15:47:06:476 [31merror[39m: [31mPOST /api/auth/login - Error: Invalid email or password.[39m
[31mStack: Error: Invalid email or password.[39m
[31m    at AuthService.login (D:\nib_hr\backend\services\auth.service.js:348:11)[39m
[31m    at async D:\nib_hr\backend\controllers\auth.controller.js:17:18[39m
2026-08-05 15:55:56:5556 [31merror[39m: [31mPOST /api/auth/login - Error: Invalid email or password.[39m
[31mStack: Error: Invalid email or password.[39m
[31m    at AuthService.login (D:\nib_hr\backend\services\auth.service.js:348:11)[39m
[31m    at async D:\nib_hr\backend\controllers\auth.controller.js:17:18[39m
2026-08-05 15:56:03:563 [31merror[39m: [31mPOST /api/auth/login - Error: Invalid email or password.[39m
[31mStack: Error: Invalid email or password.[39m
[31m    at AuthService.login (D:\nib_hr\backend\services\auth.service.js:348:11)[39m
[31m    at async D:\nib_hr\backend\controllers\auth.controller.js:17:18[39m
2026-08-05 16:03:29:329 [31merror[39m: [31mPOST /api/auth/login - Error: Invalid email or password.[39m
[31mStack: Error: Invalid email or password.[39m
[31m    at AuthService.login (D:\nib_hr\backend\services\auth.service.js:348:11)[39m
[31m    at async D:\nib_hr\backend\controllers\auth.controller.js:17:18[39m
2026-08-11 10:53:00:530 [31merror[39m: [31mUnable to connect to or initialize the Master database:[39m
2026-08-11 13:24:50:2450 [31merror[39m: [31mPOST /api/table/designation - Error: Field 'created_at' doesn't have a default value[39m
[31mStack: Error[39m
[31m    at Query.run (C:\Users\admin\Downloads\nib_hr\backend\node_modules\sequelize\lib\dialects\mysql\query.js:52:25)[39m
[31m    at C:\Users\admin\Downloads\nib_hr\backend\node_modules\sequelize\lib\sequelize.js:315:28[39m
[31m    at process.processTicksAndRejections (node:internal/process/task_queues:104:5)[39m
[31m    at async C:\Users\admin\Downloads\nib_hr\backend\controllers\core\table.controller.js:1275:5[39m
2026-08-22 10:16:10:1610 [31merror[39m: [31mUnable to connect to or initialize the Master database:[39m
2026-08-22 10:16:55:1655 [31merror[39m: [31m[Multi-Tenant Seeder Error] Failed to seed tenant database: Unknown column 'designation_id' in 'SELECT'[39m
2026-08-22 17:32:14:3214 [31merror[39m: [31m[Multi-Tenant Seeder Error] Failed to seed tenant database: Unknown column 'designation_id' in 'SELECT'[39m
2026-08-24 10:15:42:1542 [31merror[39m: [31mUnable to connect to or initialize the Master database:[39m
2026-08-24 10:18:49:1849 [31merror[39m: [31m[Multi-Tenant Seeder Error] Failed to seed tenant database: Unknown column 'designation_id' in 'SELECT'[39m
2026-08-24 10:19:05:195 [31merror[39m: [31m[Multi-Tenant Seeder Error] Failed to seed tenant database: Unknown column 'designation_id' in 'SELECT'[39m
2026-08-24 14:31:24:3124 [31merror[39m: [31m[Multi-Tenant Seeder Error] Failed to seed tenant database: Unknown column 'designation_id' in 'SELECT'[39m
2026-08-24 14:41:29:4129 [31merror[39m: [31m[Multi-Tenant Seeder Error] Failed to seed tenant database: Unknown column 'designation_id' in 'SELECT'[39m
2026-08-24 15:32:27:3227 [31merror[39m: [31m[Multi-Tenant Seeder Error] Failed to seed tenant database: Unknown column 'designation_id' in 'SELECT'[39m
2026-08-26 14:15:15:1515 [31merror[39m: [31m[Multi-Tenant Seeder Error] Failed to seed tenant database: Unknown column 'designation_id' in 'SELECT'[39m
2026-08-27 10:58:24:5824 [31merror[39m: [31m[Multi-Tenant Seeder Error] Failed to seed tenant database: Unknown column 'designation_id' in 'SELECT'[39m
2026-08-27 11:49:14:4914 [31merror[39m: [31m[Multi-Tenant Seeder Error] Failed to seed tenant database: Unknown column 'designation_id' in 'SELECT'[39m
2026-08-27 11:50:34:5034 [31merror[39m: [31m[Multi-Tenant Seeder Error] Failed to seed tenant database: Unknown column 'designation_id' in 'SELECT'[39m
2026-08-27 11:58:26:5826 [31merror[39m: [31mPOST /api/table/training_records - Error: Data too long for column 'training_name' at row 1[39m
[31mStack: Error[39m
[31m    at Query.run (D:\nib_hr\backend\node_modules\sequelize\lib\dialects\mysql\query.js:52:25)[39m
[31m    at D:\nib_hr\backend\node_modules\sequelize\lib\sequelize.js:315:28[39m
[31m    at process.processTicksAndRejections (node:internal/process/task_queues:104:5)[39m
[31m    at async D:\nib_hr\backend\controllers\core\table.controller.js:2036:5[39m
2026-08-27 11:59:52:5952 [31merror[39m: [31mPOST /api/table/training_records - Error: Data too long for column 'training_name' at row 1[39m
[31mStack: Error[39m
[31m    at Query.run (D:\nib_hr\backend\node_modules\sequelize\lib\dialects\mysql\query.js:52:25)[39m
[31m    at D:\nib_hr\backend\node_modules\sequelize\lib\sequelize.js:315:28[39m
[31m    at process.processTicksAndRejections (node:internal/process/task_queues:104:5)[39m
[31m    at async D:\nib_hr\backend\controllers\core\table.controller.js:2036:5[39m
2026-08-27 12:03:11:311 [31merror[39m: [31m[Multi-Tenant Seeder Error] Failed to seed tenant database: Unknown column 'designation_id' in 'SELECT'[39m
2026-08-27 12:15:39:1539 [31merror[39m: [31m[Multi-Tenant Seeder Error] Failed to seed tenant database: Unknown column 'designation_id' in 'SELECT'[39m
2026-08-27 12:17:35:1735 [31merror[39m: [31m[Multi-Tenant Seeder Error] Failed to seed tenant database: Unknown column 'designation_id' in 'SELECT'[39m
2026-08-27 12:41:44:4144 [31merror[39m: [31m[Multi-Tenant Seeder Error] Failed to seed tenant database: Unknown column 'designation_id' in 'SELECT'[39m
2026-08-27 12:42:03:423 [31merror[39m: [31m[Multi-Tenant Seeder Error] Failed to seed tenant database: Unknown column 'designation_id' in 'SELECT'[39m
2026-08-27 13:06:53:653 [31merror[39m: [31m[Multi-Tenant Seeder Error] Failed to seed tenant database: Unknown column 'designation_id' in 'SELECT'[39m
2026-08-27 13:08:05:85 [31merror[39m: [31m[Multi-Tenant Seeder Error] Failed to seed tenant database: Unknown column 'designation_id' in 'SELECT'[39m
2026-08-31 13:11:58:1158 [31merror[39m: [31m[Multi-Tenant Seeder Error] Failed to seed tenant database: Unknown column 'designation_id' in 'SELECT'[39m
2026-08-31 13:12:13:1213 [31merror[39m: [31mGET /api/finance/payslips?employeeId=e55af02e-d822-48b1-b511-c57a1667b375 - Error: Access denied: Role context unassigned.[39m
[31mStack: Error: Access denied: Role context unassigned.[39m
[31m    at D:\nib_hr\backend\middleware\rbac.middleware.js:24:21[39m
[31m    at process.processTicksAndRejections (node:internal/process/task_queues:104:5)[39m
2026-08-31 13:12:13:1213 [31merror[39m: [31mGET /api/finance/payslips?employeeId=e55af02e-d822-48b1-b511-c57a1667b375 - Error: Access denied: Role context unassigned.[39m
[31mStack: Error: Access denied: Role context unassigned.[39m
[31m    at D:\nib_hr\backend\middleware\rbac.middleware.js:24:21[39m
[31m    at process.processTicksAndRejections (node:internal/process/task_queues:104:5)[39m
2026-08-31 13:12:14:1214 [31merror[39m: [31mGET /api/finance/payslips?employeeId=e55af02e-d822-48b1-b511-c57a1667b375 - Error: Access denied: Role context unassigned.[39m
[31mStack: Error: Access denied: Role context unassigned.[39m
[31m    at D:\nib_hr\backend\middleware\rbac.middleware.js:24:21[39m
[31m    at process.processTicksAndRejections (node:internal/process/task_queues:104:5)[39m
2026-08-31 13:12:14:1214 [31merror[39m: [31mGET /api/finance/payslips?employeeId=e55af02e-d822-48b1-b511-c57a1667b375 - Error: Access denied: Role context unassigned.[39m
[31mStack: Error: Access denied: Role context unassigned.[39m
[31m    at D:\nib_hr\backend\middleware\rbac.middleware.js:24:21[39m
[31m    at process.processTicksAndRejections (node:internal/process/task_queues:104:5)[39m
2026-08-31 13:12:24:1224 [31merror[39m: [31mGET /api/finance/payslips?employeeId=e55af02e-d822-48b1-b511-c57a1667b375 - Error: Access denied: Role context unassigned.[39m
[31mStack: Error: Access denied: Role context unassigned.[39m
[31m    at D:\nib_hr\backend\middleware\rbac.middleware.js:24:21[39m
[31m    at process.processTicksAndRejections (node:internal/process/task_queues:104:5)[39m
2026-08-31 13:12:24:1224 [31merror[39m: [31mGET /api/finance/payslips?employeeId=e55af02e-d822-48b1-b511-c57a1667b375 - Error: Access denied: Role context unassigned.[39m
[31mStack: Error: Access denied: Role context unassigned.[39m
[31m    at D:\nib_hr\backend\middleware\rbac.middleware.js:24:21[39m
[31m    at process.processTicksAndRejections (node:internal/process/task_queues:104:5)[39m
2026-08-31 13:12:36:1236 [31merror[39m: [31mPOST /api/auth/login - Error: Invalid email or password.[39m
[31mStack: Error: Invalid email or password.[39m
[31m    at AuthService.login (D:\nib_hr\backend\services\auth.service.js:348:11)[39m
[31m    at async D:\nib_hr\backend\controllers\auth.controller.js:17:18[39m
2026-08-31 13:12:53:1253 [31merror[39m: [31mGET /api/finance/payslips?employeeId=1eb79ac4-a6e6-4f85-a9d9-6973681058d7 - Error: Access denied: Role context unassigned.[39m
[31mStack: Error: Access denied: Role context unassigned.[39m
[31m    at D:\nib_hr\backend\middleware\rbac.middleware.js:24:21[39m
[31m    at process.processTicksAndRejections (node:internal/process/task_queues:104:5)[39m
2026-08-31 13:12:53:1253 [31merror[39m: [31mGET /api/finance/payslips?employeeId=1eb79ac4-a6e6-4f85-a9d9-6973681058d7 - Error: Access denied: Role context unassigned.[39m
[31mStack: Error: Access denied: Role context unassigned.[39m
[31m    at D:\nib_hr\backend\middleware\rbac.middleware.js:24:21[39m
[31m    at process.processTicksAndRejections (node:internal/process/task_queues:104:5)[39m
2026-08-31 13:13:13:1313 [31merror[39m: [31mGET /api/finance/payslips?employeeId=e55af02e-d822-48b1-b511-c57a1667b375 - Error: Access denied: Role context unassigned.[39m
[31mStack: Error: Access denied: Role context unassigned.[39m
[31m    at D:\nib_hr\backend\middleware\rbac.middleware.js:24:21[39m
[31m    at process.processTicksAndRejections (node:internal/process/task_queues:104:5)[39m
2026-08-31 13:13:13:1313 [31merror[39m: [31mGET /api/finance/payslips?employeeId=e55af02e-d822-48b1-b511-c57a1667b375 - Error: Access denied: Role context unassigned.[39m
[31mStack: Error: Access denied: Role context unassigned.[39m
[31m    at D:\nib_hr\backend\middleware\rbac.middleware.js:24:21[39m
[31m    at process.processTicksAndRejections (node:internal/process/task_queues:104:5)[39m
2026-08-31 13:20:18:2018 [31merror[39m: [31m[Multi-Tenant Seeder Error] Failed to seed tenant database: Unknown column 'designation_id' in 'SELECT'[39m
2026-08-31 13:20:29:2029 [31merror[39m: [31m[Multi-Tenant Seeder Error] Failed to seed tenant database: Unknown column 'designation_id' in 'SELECT'[39m
2026-08-31 13:20:34:2034 [31merror[39m: [31m[Multi-Tenant Seeder Error] Failed to seed tenant database: Unknown column 'designation_id' in 'SELECT'[39m
2026-08-31 13:20:39:2039 [31merror[39m: [31m[Multi-Tenant Seeder Error] Failed to seed tenant database: Unknown column 'designation_id' in 'SELECT'[39m
2026-08-31 13:20:49:2049 [31merror[39m: [31m[Multi-Tenant Seeder Error] Failed to seed tenant database: Unknown column 'designation_id' in 'SELECT'[39m
2026-08-31 13:21:01:211 [31merror[39m: [31m[Multi-Tenant Seeder Error] Failed to seed tenant database: Unknown column 'designation_id' in 'SELECT'[39m
2026-08-31 13:21:23:2123 [31merror[39m: [31m[Multi-Tenant Seeder Error] Failed to seed tenant database: Unknown column 'designation_id' in 'SELECT'[39m
2026-08-31 13:23:25:2325 [31merror[39m: [31mGET /api/table/documents - Error: Access restricted: Table 'documents' is not in the whitelist.[39m
[31mStack: Error: Access restricted: Table 'documents' is not in the whitelist.[39m
[31m    at validateTableName (D:\nib_hr\backend\controllers\core\table.controller.js:1441:11)[39m
[31m    at D:\nib_hr\backend\controllers\core\table.controller.js:1448:21[39m
[31m    at D:\nib_hr\backend\utils\asyncHandler.js:4:21[39m
[31m    at Layer.handle [as handle_request] (D:\nib_hr\backend\node_modules\express\lib\router\layer.js:95:5)[39m
[31m    at next (D:\nib_hr\backend\node_modules\express\lib\router\route.js:149:13)[39m
[31m    at D:\nib_hr\backend\middleware\audit.middleware.js:98:5[39m
[31m    at Layer.handle [as handle_request] (D:\nib_hr\backend\node_modules\express\lib\router\layer.js:95:5)[39m
[31m    at next (D:\nib_hr\backend\node_modules\express\lib\router\route.js:149:13)[39m
[31m    at Route.dispatch (D:\nib_hr\backend\node_modules\express\lib\router\route.js:119:3)[39m
[31m    at Layer.handle [as handle_request] (D:\nib_hr\backend\node_modules\express\lib\router\layer.js:95:5)[39m
2026-08-31 13:23:27:2327 [31merror[39m: [31mGET /api/table/documents - Error: Access restricted: Table 'documents' is not in the whitelist.[39m
[31mStack: Error: Access restricted: Table 'documents' is not in the whitelist.[39m
[31m    at validateTableName (D:\nib_hr\backend\controllers\core\table.controller.js:1441:11)[39m
[31m    at D:\nib_hr\backend\controllers\core\table.controller.js:1448:21[39m
[31m    at D:\nib_hr\backend\utils\asyncHandler.js:4:21[39m
[31m    at Layer.handle [as handle_request] (D:\nib_hr\backend\node_modules\express\lib\router\layer.js:95:5)[39m
[31m    at next (D:\nib_hr\backend\node_modules\express\lib\router\route.js:149:13)[39m
[31m    at D:\nib_hr\backend\middleware\audit.middleware.js:98:5[39m
[31m    at Layer.handle [as handle_request] (D:\nib_hr\backend\node_modules\express\lib\router\layer.js:95:5)[39m
[31m    at next (D:\nib_hr\backend\node_modules\express\lib\router\route.js:149:13)[39m
[31m    at Route.dispatch (D:\nib_hr\backend\node_modules\express\lib\router\route.js:119:3)[39m
[31m    at Layer.handle [as handle_request] (D:\nib_hr\backend\node_modules\express\lib\router\layer.js:95:5)[39m
2026-08-31 13:23:29:2329 [31merror[39m: [31mGET /api/table/documents - Error: Access restricted: Table 'documents' is not in the whitelist.[39m
[31mStack: Error: Access restricted: Table 'documents' is not in the whitelist.[39m
[31m    at validateTableName (D:\nib_hr\backend\controllers\core\table.controller.js:1441:11)[39m
[31m    at D:\nib_hr\backend\controllers\core\table.controller.js:1448:21[39m
[31m    at D:\nib_hr\backend\utils\asyncHandler.js:4:21[39m
[31m    at Layer.handle [as handle_request] (D:\nib_hr\backend\node_modules\express\lib\router\layer.js:95:5)[39m
[31m    at next (D:\nib_hr\backend\node_modules\express\lib\router\route.js:149:13)[39m
[31m    at D:\nib_hr\backend\middleware\audit.middleware.js:98:5[39m
[31m    at Layer.handle [as handle_request] (D:\nib_hr\backend\node_modules\express\lib\router\layer.js:95:5)[39m
[31m    at next (D:\nib_hr\backend\node_modules\express\lib\router\route.js:149:13)[39m
[31m    at Route.dispatch (D:\nib_hr\backend\node_modules\express\lib\router\route.js:119:3)[39m
[31m    at Layer.handle [as handle_request] (D:\nib_hr\backend\node_modules\express\lib\router\layer.js:95:5)[39m
2026-08-31 13:23:30:2330 [31merror[39m: [31mGET /api/table/documents - Error: Access restricted: Table 'documents' is not in the whitelist.[39m
[31mStack: Error: Access restricted: Table 'documents' is not in the whitelist.[39m
[31m    at validateTableName (D:\nib_hr\backend\controllers\core\table.controller.js:1441:11)[39m
[31m    at D:\nib_hr\backend\controllers\core\table.controller.js:1448:21[39m
[31m    at D:\nib_hr\backend\utils\asyncHandler.js:4:21[39m
[31m    at Layer.handle [as handle_request] (D:\nib_hr\backend\node_modules\express\lib\router\layer.js:95:5)[39m
[31m    at next (D:\nib_hr\backend\node_modules\express\lib\router\route.js:149:13)[39m
[31m    at D:\nib_hr\backend\middleware\audit.middleware.js:98:5[39m
[31m    at Layer.handle [as handle_request] (D:\nib_hr\backend\node_modules\express\lib\router\layer.js:95:5)[39m
[31m    at next (D:\nib_hr\backend\node_modules\express\lib\router\route.js:149:13)[39m
[31m    at Route.dispatch (D:\nib_hr\backend\node_modules\express\lib\router\route.js:119:3)[39m
[31m    at Layer.handle [as handle_request] (D:\nib_hr\backend\node_modules\express\lib\router\layer.js:95:5)[39m
2026-08-31 13:23:31:2331 [31merror[39m: [31mGET /api/table/documents - Error: Access restricted: Table 'documents' is not in the whitelist.[39m
[31mStack: Error: Access restricted: Table 'documents' is not in the whitelist.[39m
[31m    at validateTableName (D:\nib_hr\backend\controllers\core\table.controller.js:1441:11)[39m
[31m    at D:\nib_hr\backend\controllers\core\table.controller.js:1448:21[39m
[31m    at D:\nib_hr\backend\utils\asyncHandler.js:4:21[39m
[31m    at Layer.handle [as handle_request] (D:\nib_hr\backend\node_modules\express\lib\router\layer.js:95:5)[39m
[31m    at next (D:\nib_hr\backend\node_modules\express\lib\router\route.js:149:13)[39m
[31m    at D:\nib_hr\backend\middleware\audit.middleware.js:98:5[39m
[31m    at Layer.handle [as handle_request] (D:\nib_hr\backend\node_modules\express\lib\router\layer.js:95:5)[39m
[31m    at next (D:\nib_hr\backend\node_modules\express\lib\router\route.js:149:13)[39m
[31m    at Route.dispatch (D:\nib_hr\backend\node_modules\express\lib\router\route.js:119:3)[39m
[31m    at Layer.handle [as handle_request] (D:\nib_hr\backend\node_modules\express\lib\router\layer.js:95:5)[39m
2026-08-31 13:23:53:2353 [31merror[39m: [31mPOST /api/auth/login - Error: Invalid email or password.[39m
[31mStack: Error: Invalid email or password.[39m
[31m    at AuthService.login (D:\nib_hr\backend\services\auth.service.js:348:11)[39m
[31m    at async D:\nib_hr\backend\controllers\auth.controller.js:17:18[39m
2026-08-31 13:23:53:2353 [31merror[39m: [31mGET /api/table/documents - Error: Access restricted: Table 'documents' is not in the whitelist.[39m
[31mStack: Error: Access restricted: Table 'documents' is not in the whitelist.[39m
[31m    at validateTableName (D:\nib_hr\backend\controllers\core\table.controller.js:1441:11)[39m
[31m    at D:\nib_hr\backend\controllers\core\table.controller.js:1448:21[39m
[31m    at D:\nib_hr\backend\utils\asyncHandler.js:4:21[39m
[31m    at Layer.handle [as handle_request] (D:\nib_hr\backend\node_modules\express\lib\router\layer.js:95:5)[39m
[31m    at next (D:\nib_hr\backend\node_modules\express\lib\router\route.js:149:13)[39m
[31m    at D:\nib_hr\backend\middleware\audit.middleware.js:98:5[39m
[31m    at Layer.handle [as handle_request] (D:\nib_hr\backend\node_modules\express\lib\router\layer.js:95:5)[39m
[31m    at next (D:\nib_hr\backend\node_modules\express\lib\router\route.js:149:13)[39m
[31m    at Route.dispatch (D:\nib_hr\backend\node_modules\express\lib\router\route.js:119:3)[39m
[31m    at Layer.handle [as handle_request] (D:\nib_hr\backend\node_modules\express\lib\router\layer.js:95:5)[39m
2026-08-31 13:23:54:2354 [31merror[39m: [31mGET /api/table/documents - Error: Access restricted: Table 'documents' is not in the whitelist.[39m
[31mStack: Error: Access restricted: Table 'documents' is not in the whitelist.[39m
[31m    at validateTableName (D:\nib_hr\backend\controllers\core\table.controller.js:1441:11)[39m
[31m    at D:\nib_hr\backend\controllers\core\table.controller.js:1448:21[39m
[31m    at D:\nib_hr\backend\utils\asyncHandler.js:4:21[39m
[31m    at Layer.handle [as handle_request] (D:\nib_hr\backend\node_modules\express\lib\router\layer.js:95:5)[39m
[31m    at next (D:\nib_hr\backend\node_modules\express\lib\router\route.js:149:13)[39m
[31m    at D:\nib_hr\backend\middleware\audit.middleware.js:98:5[39m
[31m    at Layer.handle [as handle_request] (D:\nib_hr\backend\node_modules\express\lib\router\layer.js:95:5)[39m
[31m    at next (D:\nib_hr\backend\node_modules\express\lib\router\route.js:149:13)[39m
[31m    at Route.dispatch (D:\nib_hr\backend\node_modules\express\lib\router\route.js:119:3)[39m
[31m    at Layer.handle [as handle_request] (D:\nib_hr\backend\node_modules\express\lib\router\layer.js:95:5)[39m
2026-08-31 13:23:54:2354 [31merror[39m: [31mGET /api/table/documents - Error: Access restricted: Table 'documents' is not in the whitelist.[39m
[31mStack: Error: Access restricted: Table 'documents' is not in the whitelist.[39m
[31m    at validateTableName (D:\nib_hr\backend\controllers\core\table.controller.js:1441:11)[39m
[31m    at D:\nib_hr\backend\controllers\core\table.controller.js:1448:21[39m
[31m    at D:\nib_hr\backend\utils\asyncHandler.js:4:21[39m
[31m    at Layer.handle [as handle_request] (D:\nib_hr\backend\node_modules\express\lib\router\layer.js:95:5)[39m
[31m    at next (D:\nib_hr\backend\node_modules\express\lib\router\route.js:149:13)[39m
[31m    at D:\nib_hr\backend\middleware\audit.middleware.js:98:5[39m
[31m    at Layer.handle [as handle_request] (D:\nib_hr\backend\node_modules\express\lib\router\layer.js:95:5)[39m
[31m    at next (D:\nib_hr\backend\node_modules\express\lib\router\route.js:149:13)[39m
[31m    at Route.dispatch (D:\nib_hr\backend\node_modules\express\lib\router\route.js:119:3)[39m
[31m    at Layer.handle [as handle_request] (D:\nib_hr\backend\node_modules\express\lib\router\layer.js:95:5)[39m
2026-08-31 13:23:56:2356 [31merror[39m: [31mGET /api/table/documents - Error: Access restricted: Table 'documents' is not in the whitelist.[39m
[31mStack: Error: Access restricted: Table 'documents' is not in the whitelist.[39m
[31m    at validateTableName (D:\nib_hr\backend\controllers\core\table.controller.js:1441:11)[39m
[31m    at D:\nib_hr\backend\controllers\core\table.controller.js:1448:21[39m
[31m    at D:\nib_hr\backend\utils\asyncHandler.js:4:21[39m
[31m    at Layer.handle [as handle_request] (D:\nib_hr\backend\node_modules\express\lib\router\layer.js:95:5)[39m
[31m    at next (D:\nib_hr\backend\node_modules\express\lib\router\route.js:149:13)[39m
[31m    at D:\nib_hr\backend\middleware\audit.middleware.js:98:5[39m
[31m    at Layer.handle [as handle_request] (D:\nib_hr\backend\node_modules\express\lib\router\layer.js:95:5)[39m
[31m    at next (D:\nib_hr\backend\node_modules\express\lib\router\route.js:149:13)[39m
[31m    at Route.dispatch (D:\nib_hr\backend\node_modules\express\lib\router\route.js:119:3)[39m
[31m    at Layer.handle [as handle_request] (D:\nib_hr\backend\node_modules\express\lib\router\layer.js:95:5)[39m
2026-08-31 13:24:37:2437 [31merror[39m: [31mGET /api/table/documents - Error: Access restricted: Table 'documents' is not in the whitelist.[39m
[31mStack: Error: Access restricted: Table 'documents' is not in the whitelist.[39m
[31m    at validateTableName (D:\nib_hr\backend\controllers\core\table.controller.js:1441:11)[39m
[31m    at D:\nib_hr\backend\controllers\core\table.controller.js:1448:21[39m
[31m    at D:\nib_hr\backend\utils\asyncHandler.js:4:21[39m
[31m    at Layer.handle [as handle_request] (D:\nib_hr\backend\node_modules\express\lib\router\layer.js:95:5)[39m
[31m    at next (D:\nib_hr\backend\node_modules\express\lib\router\route.js:149:13)[39m
[31m    at D:\nib_hr\backend\middleware\audit.middleware.js:98:5[39m
[31m    at Layer.handle [as handle_request] (D:\nib_hr\backend\node_modules\express\lib\router\layer.js:95:5)[39m
[31m    at next (D:\nib_hr\backend\node_modules\express\lib\router\route.js:149:13)[39m
[31m    at Route.dispatch (D:\nib_hr\backend\node_modules\express\lib\router\route.js:119:3)[39m
[31m    at Layer.handle [as handle_request] (D:\nib_hr\backend\node_modules\express\lib\router\layer.js:95:5)[39m
2026-08-31 13:24:38:2438 [31merror[39m: [31mGET /api/table/documents - Error: Access restricted: Table 'documents' is not in the whitelist.[39m
[31mStack: Error: Access restricted: Table 'documents' is not in the whitelist.[39m
[31m    at validateTableName (D:\nib_hr\backend\controllers\core\table.controller.js:1441:11)[39m
[31m    at D:\nib_hr\backend\controllers\core\table.controller.js:1448:21[39m
[31m    at D:\nib_hr\backend\utils\asyncHandler.js:4:21[39m
[31m    at Layer.handle [as handle_request] (D:\nib_hr\backend\node_modules\express\lib\router\layer.js:95:5)[39m
[31m    at next (D:\nib_hr\backend\node_modules\express\lib\router\route.js:149:13)[39m
[31m    at D:\nib_hr\backend\middleware\audit.middleware.js:98:5[39m
[31m    at Layer.handle [as handle_request] (D:\nib_hr\backend\node_modules\express\lib\router\layer.js:95:5)[39m
[31m    at next (D:\nib_hr\backend\node_modules\express\lib\router\route.js:149:13)[39m
[31m    at Route.dispatch (D:\nib_hr\backend\node_modules\express\lib\router\route.js:119:3)[39m
[31m    at Layer.handle [as handle_request] (D:\nib_hr\backend\node_modules\express\lib\router\layer.js:95:5)[39m
2026-08-31 13:24:49:2449 [31merror[39m: [31mGET /api/table/documents - Error: Access restricted: Table 'documents' is not in the whitelist.[39m
[31mStack: Error: Access restricted: Table 'documents' is not in the whitelist.[39m
[31m    at validateTableName (D:\nib_hr\backend\controllers\core\table.controller.js:1441:11)[39m
[31m    at D:\nib_hr\backend\controllers\core\table.controller.js:1448:21[39m
[31m    at D:\nib_hr\backend\utils\asyncHandler.js:4:21[39m
[31m    at Layer.handle [as handle_request] (D:\nib_hr\backend\node_modules\express\lib\router\layer.js:95:5)[39m
[31m    at next (D:\nib_hr\backend\node_modules\express\lib\router\route.js:149:13)[39m
[31m    at D:\nib_hr\backend\middleware\audit.middleware.js:98:5[39m
[31m    at Layer.handle [as handle_request] (D:\nib_hr\backend\node_modules\express\lib\router\layer.js:95:5)[39m
[31m    at next (D:\nib_hr\backend\node_modules\express\lib\router\route.js:149:13)[39m
[31m    at Route.dispatch (D:\nib_hr\backend\node_modules\express\lib\router\route.js:119:3)[39m
[31m    at Layer.handle [as handle_request] (D:\nib_hr\backend\node_modules\express\lib\router\layer.js:95:5)[39m
2026-08-31 13:24:49:2449 [31merror[39m: [31mGET /api/table/documents - Error: Access restricted: Table 'documents' is not in the whitelist.[39m
[31mStack: Error: Access restricted: Table 'documents' is not in the whitelist.[39m
[31m    at validateTableName (D:\nib_hr\backend\controllers\core\table.controller.js:1441:11)[39m
[31m    at D:\nib_hr\backend\controllers\core\table.controller.js:1448:21[39m
[31m    at D:\nib_hr\backend\utils\asyncHandler.js:4:21[39m
[31m    at Layer.handle [as handle_request] (D:\nib_hr\backend\node_modules\express\lib\router\layer.js:95:5)[39m
[31m    at next (D:\nib_hr\backend\node_modules\express\lib\router\route.js:149:13)[39m
[31m    at D:\nib_hr\backend\middleware\audit.middleware.js:98:5[39m
[31m    at Layer.handle [as handle_request] (D:\nib_hr\backend\node_modules\express\lib\router\layer.js:95:5)[39m
[31m    at next (D:\nib_hr\backend\node_modules\express\lib\router\route.js:149:13)[39m
[31m    at Route.dispatch (D:\nib_hr\backend\node_modules\express\lib\router\route.js:119:3)[39m
[31m    at Layer.handle [as handle_request] (D:\nib_hr\backend\node_modules\express\lib\router\layer.js:95:5)[39m
2026-08-31 13:24:51:2451 [31merror[39m: [31mGET /api/table/documents - Error: Access restricted: Table 'documents' is not in the whitelist.[39m
[31mStack: Error: Access restricted: Table 'documents' is not in the whitelist.[39m
[31m    at validateTableName (D:\nib_hr\backend\controllers\core\table.controller.js:1441:11)[39m
[31m    at D:\nib_hr\backend\controllers\core\table.controller.js:1448:21[39m
[31m    at D:\nib_hr\backend\utils\asyncHandler.js:4:21[39m
[31m    at Layer.handle [as handle_request] (D:\nib_hr\backend\node_modules\express\lib\router\layer.js:95:5)[39m
[31m    at next (D:\nib_hr\backend\node_modules\express\lib\router\route.js:149:13)[39m
[31m    at D:\nib_hr\backend\middleware\audit.middleware.js:98:5[39m
[31m    at Layer.handle [as handle_request] (D:\nib_hr\backend\node_modules\express\lib\router\layer.js:95:5)[39m
[31m    at next (D:\nib_hr\backend\node_modules\express\lib\router\route.js:149:13)[39m
[31m    at Route.dispatch (D:\nib_hr\backend\node_modules\express\lib\router\route.js:119:3)[39m
[31m    at Layer.handle [as handle_request] (D:\nib_hr\backend\node_modules\express\lib\router\layer.js:95:5)[39m
2026-08-31 13:24:52:2452 [31merror[39m: [31mGET /api/table/documents - Error: Access restricted: Table 'documents' is not in the whitelist.[39m
[31mStack: Error: Access restricted: Table 'documents' is not in the whitelist.[39m
[31m    at validateTableName (D:\nib_hr\backend\controllers\core\table.controller.js:1441:11)[39m
[31m    at D:\nib_hr\backend\controllers\core\table.controller.js:1448:21[39m
[31m    at D:\nib_hr\backend\utils\asyncHandler.js:4:21[39m
[31m    at Layer.handle [as handle_request] (D:\nib_hr\backend\node_modules\express\lib\router\layer.js:95:5)[39m
[31m    at next (D:\nib_hr\backend\node_modules\express\lib\router\route.js:149:13)[39m
[31m    at D:\nib_hr\backend\middleware\audit.middleware.js:98:5[39m
[31m    at Layer.handle [as handle_request] (D:\nib_hr\backend\node_modules\express\lib\router\layer.js:95:5)[39m
[31m    at next (D:\nib_hr\backend\node_modules\express\lib\router\route.js:149:13)[39m
[31m    at Route.dispatch (D:\nib_hr\backend\node_modules\express\lib\router\route.js:119:3)[39m
[31m    at Layer.handle [as handle_request] (D:\nib_hr\backend\node_modules\express\lib\router\layer.js:95:5)[39m
2026-08-31 13:24:54:2454 [31merror[39m: [31mGET /api/table/documents - Error: Access restricted: Table 'documents' is not in the whitelist.[39m
[31mStack: Error: Access restricted: Table 'documents' is not in the whitelist.[39m
[31m    at validateTableName (D:\nib_hr\backend\controllers\core\table.controller.js:1441:11)[39m
[31m    at D:\nib_hr\backend\controllers\core\table.controller.js:1448:21[39m
[31m    at D:\nib_hr\backend\utils\asyncHandler.js:4:21[39m
[31m    at Layer.handle [as handle_request] (D:\nib_hr\backend\node_modules\express\lib\router\layer.js:95:5)[39m
[31m    at next (D:\nib_hr\backend\node_modules\express\lib\router\route.js:149:13)[39m
[31m    at D:\nib_hr\backend\middleware\audit.middleware.js:98:5[39m
[31m    at Layer.handle [as handle_request] (D:\nib_hr\backend\node_modules\express\lib\router\layer.js:95:5)[39m
[31m    at next (D:\nib_hr\backend\node_modules\express\lib\router\route.js:149:13)[39m
[31m    at Route.dispatch (D:\nib_hr\backend\node_modules\express\lib\router\route.js:119:3)[39m
[31m    at Layer.handle [as handle_request] (D:\nib_hr\backend\node_modules\express\lib\router\layer.js:95:5)[39m
2026-08-31 13:25:36:2536 [31merror[39m: [31mGET /api/table/documents - Error: Access restricted: Table 'documents' is not in the whitelist.[39m
[31mStack: Error: Access restricted: Table 'documents' is not in the whitelist.[39m
[31m    at validateTableName (D:\nib_hr\backend\controllers\core\table.controller.js:1441:11)[39m
[31m    at D:\nib_hr\backend\controllers\core\table.controller.js:1448:21[39m
[31m    at D:\nib_hr\backend\utils\asyncHandler.js:4:21[39m
[31m    at Layer.handle [as handle_request] (D:\nib_hr\backend\node_modules\express\lib\router\layer.js:95:5)[39m
[31m    at next (D:\nib_hr\backend\node_modules\express\lib\router\route.js:149:13)[39m
[31m    at D:\nib_hr\backend\middleware\audit.middleware.js:98:5[39m
[31m    at Layer.handle [as handle_request] (D:\nib_hr\backend\node_modules\express\lib\router\layer.js:95:5)[39m
[31m    at next (D:\nib_hr\backend\node_modules\express\lib\router\route.js:149:13)[39m
[31m    at Route.dispatch (D:\nib_hr\backend\node_modules\express\lib\router\route.js:119:3)[39m
[31m    at Layer.handle [as handle_request] (D:\nib_hr\backend\node_modules\express\lib\router\layer.js:95:5)[39m
2026-08-31 13:26:02:262 [31merror[39m: [31mPOST /api/auth/login - Error: Invalid email or password.[39m
[31mStack: Error: Invalid email or password.[39m
[31m    at AuthService.login (D:\nib_hr\backend\services\auth.service.js:348:11)[39m
[31m    at async D:\nib_hr\backend\controllers\auth.controller.js:17:18[39m
2026-08-31 13:26:02:262 [31merror[39m: [31mGET /api/table/documents - Error: Access restricted: Table 'documents' is not in the whitelist.[39m
[31mStack: Error: Access restricted: Table 'documents' is not in the whitelist.[39m
[31m    at validateTableName (D:\nib_hr\backend\controllers\core\table.controller.js:1441:11)[39m
[31m    at D:\nib_hr\backend\controllers\core\table.controller.js:1448:21[39m
[31m    at D:\nib_hr\backend\utils\asyncHandler.js:4:21[39m
[31m    at Layer.handle [as handle_request] (D:\nib_hr\backend\node_modules\express\lib\router\layer.js:95:5)[39m
[31m    at next (D:\nib_hr\backend\node_modules\express\lib\router\route.js:149:13)[39m
[31m    at D:\nib_hr\backend\middleware\audit.middleware.js:98:5[39m
[31m    at Layer.handle [as handle_request] (D:\nib_hr\backend\node_modules\express\lib\router\layer.js:95:5)[39m
[31m    at next (D:\nib_hr\backend\node_modules\express\lib\router\route.js:149:13)[39m
[31m    at Route.dispatch (D:\nib_hr\backend\node_modules\express\lib\router\route.js:119:3)[39m
[31m    at Layer.handle [as handle_request] (D:\nib_hr\backend\node_modules\express\lib\router\layer.js:95:5)[39m
2026-08-31 13:26:02:262 [31merror[39m: [31mGET /api/table/documents - Error: Access restricted: Table 'documents' is not in the whitelist.[39m
[31mStack: Error: Access restricted: Table 'documents' is not in the whitelist.[39m
[31m    at validateTableName (D:\nib_hr\backend\controllers\core\table.controller.js:1441:11)[39m
[31m    at D:\nib_hr\backend\controllers\core\table.controller.js:1448:21[39m
[31m    at D:\nib_hr\backend\utils\asyncHandler.js:4:21[39m
[31m    at Layer.handle [as handle_request] (D:\nib_hr\backend\node_modules\express\lib\router\layer.js:95:5)[39m
[31m    at next (D:\nib_hr\backend\node_modules\express\lib\router\route.js:149:13)[39m
[31m    at D:\nib_hr\backend\middleware\audit.middleware.js:98:5[39m
[31m    at Layer.handle [as handle_request] (D:\nib_hr\backend\node_modules\express\lib\router\layer.js:95:5)[39m
[31m    at next (D:\nib_hr\backend\node_modules\express\lib\router\route.js:149:13)[39m
[31m    at Route.dispatch (D:\nib_hr\backend\node_modules\express\lib\router\route.js:119:3)[39m
[31m    at Layer.handle [as handle_request] (D:\nib_hr\backend\node_modules\express\lib\router\layer.js:95:5)[39m
2026-08-31 13:26:04:264 [31merror[39m: [31mGET /api/table/documents - Error: Access restricted: Table 'documents' is not in the whitelist.[39m
[31mStack: Error: Access restricted: Table 'documents' is not in the whitelist.[39m
[31m    at validateTableName (D:\nib_hr\backend\controllers\core\table.controller.js:1441:11)[39m
[31m    at D:\nib_hr\backend\controllers\core\table.controller.js:1448:21[39m
[31m    at D:\nib_hr\backend\utils\asyncHandler.js:4:21[39m
[31m    at Layer.handle [as handle_request] (D:\nib_hr\backend\node_modules\express\lib\router\layer.js:95:5)[39m
[31m    at next (D:\nib_hr\backend\node_modules\express\lib\router\route.js:149:13)[39m
[31m    at D:\nib_hr\backend\middleware\audit.middleware.js:98:5[39m
[31m    at Layer.handle [as handle_request] (D:\nib_hr\backend\node_modules\express\lib\router\layer.js:95:5)[39m
[31m    at next (D:\nib_hr\backend\node_modules\express\lib\router\route.js:149:13)[39m
[31m    at Route.dispatch (D:\nib_hr\backend\node_modules\express\lib\router\route.js:119:3)[39m
[31m    at Layer.handle [as handle_request] (D:\nib_hr\backend\node_modules\express\lib\router\layer.js:95:5)[39m
2026-08-31 13:26:05:265 [31merror[39m: [31mGET /api/table/documents - Error: Access restricted: Table 'documents' is not in the whitelist.[39m
[31mStack: Error: Access restricted: Table 'documents' is not in the whitelist.[39m
[31m    at validateTableName (D:\nib_hr\backend\controllers\core\table.controller.js:1441:11)[39m
[31m    at D:\nib_hr\backend\controllers\core\table.controller.js:1448:21[39m
[31m    at D:\nib_hr\backend\utils\asyncHandler.js:4:21[39m
[31m    at Layer.handle [as handle_request] (D:\nib_hr\backend\node_modules\express\lib\router\layer.js:95:5)[39m
[31m    at next (D:\nib_hr\backend\node_modules\express\lib\router\route.js:149:13)[39m
[31m    at D:\nib_hr\backend\middleware\audit.middleware.js:98:5[39m
[31m    at Layer.handle [as handle_request] (D:\nib_hr\backend\node_modules\express\lib\router\layer.js:95:5)[39m
[31m    at next (D:\nib_hr\backend\node_modules\express\lib\router\route.js:149:13)[39m
[31m    at Route.dispatch (D:\nib_hr\backend\node_modules\express\lib\router\route.js:119:3)[39m
[31m    at Layer.handle [as handle_request] (D:\nib_hr\backend\node_modules\express\lib\router\layer.js:95:5)[39m
2026-08-31 14:57:36:5736 [31merror[39m: [31mGET /api/table/documents - Error: Access restricted: Table 'documents' is not in the whitelist.[39m
[31mStack: Error: Access restricted: Table 'documents' is not in the whitelist.[39m
[31m    at validateTableName (D:\nib_hr\backend\controllers\core\table.controller.js:1441:11)[39m
[31m    at D:\nib_hr\backend\controllers\core\table.controller.js:1448:21[39m
[31m    at D:\nib_hr\backend\utils\asyncHandler.js:4:21[39m
[31m    at Layer.handle [as handle_request] (D:\nib_hr\backend\node_modules\express\lib\router\layer.js:95:5)[39m
[31m    at next (D:\nib_hr\backend\node_modules\express\lib\router\route.js:149:13)[39m
[31m    at D:\nib_hr\backend\middleware\audit.middleware.js:98:5[39m
[31m    at Layer.handle [as handle_request] (D:\nib_hr\backend\node_modules\express\lib\router\layer.js:95:5)[39m
[31m    at next (D:\nib_hr\backend\node_modules\express\lib\router\route.js:149:13)[39m
[31m    at Route.dispatch (D:\nib_hr\backend\node_modules\express\lib\router\route.js:119:3)[39m
[31m    at Layer.handle [as handle_request] (D:\nib_hr\backend\node_modules\express\lib\router\layer.js:95:5)[39m
2026-08-31 14:57:36:5736 [31merror[39m: [31mGET /api/table/documents - Error: Access restricted: Table 'documents' is not in the whitelist.[39m
[31mStack: Error: Access restricted: Table 'documents' is not in the whitelist.[39m
[31m    at validateTableName (D:\nib_hr\backend\controllers\core\table.controller.js:1441:11)[39m
[31m    at D:\nib_hr\backend\controllers\core\table.controller.js:1448:21[39m
[31m    at D:\nib_hr\backend\utils\asyncHandler.js:4:21[39m
[31m    at Layer.handle [as handle_request] (D:\nib_hr\backend\node_modules\express\lib\router\layer.js:95:5)[39m
[31m    at next (D:\nib_hr\backend\node_modules\express\lib\router\route.js:149:13)[39m
[31m    at D:\nib_hr\backend\middleware\audit.middleware.js:98:5[39m
[31m    at Layer.handle [as handle_request] (D:\nib_hr\backend\node_modules\express\lib\router\layer.js:95:5)[39m
[31m    at next (D:\nib_hr\backend\node_modules\express\lib\router\route.js:149:13)[39m
[31m    at Route.dispatch (D:\nib_hr\backend\node_modules\express\lib\router\route.js:119:3)[39m
[31m    at Layer.handle [as handle_request] (D:\nib_hr\backend\node_modules\express\lib\router\layer.js:95:5)[39m
2026-08-31 14:57:38:5738 [31merror[39m: [31mGET /api/table/documents - Error: Access restricted: Table 'documents' is not in the whitelist.[39m
[31mStack: Error: Access restricted: Table 'documents' is not in the whitelist.[39m
[31m    at validateTableName (D:\nib_hr\backend\controllers\core\table.controller.js:1441:11)[39m
[31m    at D:\nib_hr\backend\controllers\core\table.controller.js:1448:21[39m
[31m    at D:\nib_hr\backend\utils\asyncHandler.js:4:21[39m
[31m    at Layer.handle [as handle_request] (D:\nib_hr\backend\node_modules\express\lib\router\layer.js:95:5)[39m
[31m    at next (D:\nib_hr\backend\node_modules\express\lib\router\route.js:149:13)[39m
[31m    at D:\nib_hr\backend\middleware\audit.middleware.js:98:5[39m
[31m    at Layer.handle [as handle_request] (D:\nib_hr\backend\node_modules\express\lib\router\layer.js:95:5)[39m
[31m    at next (D:\nib_hr\backend\node_modules\express\lib\router\route.js:149:13)[39m
[31m    at Route.dispatch (D:\nib_hr\backend\node_modules\express\lib\router\route.js:119:3)[39m
[31m    at Layer.handle [as handle_request] (D:\nib_hr\backend\node_modules\express\lib\router\layer.js:95:5)[39m
2026-08-31 14:57:39:5739 [31merror[39m: [31mGET /api/table/documents - Error: Access restricted: Table 'documents' is not in the whitelist.[39m
[31mStack: Error: Access restricted: Table 'documents' is not in the whitelist.[39m
[31m    at validateTableName (D:\nib_hr\backend\controllers\core\table.controller.js:1441:11)[39m
[31m    at D:\nib_hr\backend\controllers\core\table.controller.js:1448:21[39m
[31m    at D:\nib_hr\backend\utils\asyncHandler.js:4:21[39m
[31m    at Layer.handle [as handle_request] (D:\nib_hr\backend\node_modules\express\lib\router\layer.js:95:5)[39m
[31m    at next (D:\nib_hr\backend\node_modules\express\lib\router\route.js:149:13)[39m
[31m    at D:\nib_hr\backend\middleware\audit.middleware.js:98:5[39m
[31m    at Layer.handle [as handle_request] (D:\nib_hr\backend\node_modules\express\lib\router\layer.js:95:5)[39m
[31m    at next (D:\nib_hr\backend\node_modules\express\lib\router\route.js:149:13)[39m
[31m    at Route.dispatch (D:\nib_hr\backend\node_modules\express\lib\router\route.js:119:3)[39m
[31m    at Layer.handle [as handle_request] (D:\nib_hr\backend\node_modules\express\lib\router\layer.js:95:5)[39m
2026-08-31 14:58:00:580 [31merror[39m: [31mGET /api/table/documents - Error: Access restricted: Table 'documents' is not in the whitelist.[39m
[31mStack: Error: Access restricted: Table 'documents' is not in the whitelist.[39m
[31m    at validateTableName (D:\nib_hr\backend\controllers\core\table.controller.js:1441:11)[39m
[31m    at D:\nib_hr\backend\controllers\core\table.controller.js:1448:21[39m
[31m    at D:\nib_hr\backend\utils\asyncHandler.js:4:21[39m
[31m    at Layer.handle [as handle_request] (D:\nib_hr\backend\node_modules\express\lib\router\layer.js:95:5)[39m
[31m    at next (D:\nib_hr\backend\node_modules\express\lib\router\route.js:149:13)[39m
[31m    at D:\nib_hr\backend\middleware\audit.middleware.js:98:5[39m
[31m    at Layer.handle [as handle_request] (D:\nib_hr\backend\node_modules\express\lib\router\layer.js:95:5)[39m
[31m    at next (D:\nib_hr\backend\node_modules\express\lib\router\route.js:149:13)[39m
[31m    at Route.dispatch (D:\nib_hr\backend\node_modules\express\lib\router\route.js:119:3)[39m
[31m    at Layer.handle [as handle_request] (D:\nib_hr\backend\node_modules\express\lib\router\layer.js:95:5)[39m
2026-08-31 14:58:02:582 [31merror[39m: [31mGET /api/table/documents - Error: Access restricted: Table 'documents' is not in the whitelist.[39m
[31mStack: Error: Access restricted: Table 'documents' is not in the whitelist.[39m
[31m    at validateTableName (D:\nib_hr\backend\controllers\core\table.controller.js:1441:11)[39m
[31m    at D:\nib_hr\backend\controllers\core\table.controller.js:1448:21[39m
[31m    at D:\nib_hr\backend\utils\asyncHandler.js:4:21[39m
[31m    at Layer.handle [as handle_request] (D:\nib_hr\backend\node_modules\express\lib\router\layer.js:95:5)[39m
[31m    at next (D:\nib_hr\backend\node_modules\express\lib\router\route.js:149:13)[39m
[31m    at D:\nib_hr\backend\middleware\audit.middleware.js:98:5[39m
[31m    at Layer.handle [as handle_request] (D:\nib_hr\backend\node_modules\express\lib\router\layer.js:95:5)[39m
[31m    at next (D:\nib_hr\backend\node_modules\express\lib\router\route.js:149:13)[39m
[31m    at Route.dispatch (D:\nib_hr\backend\node_modules\express\lib\router\route.js:119:3)[39m
[31m    at Layer.handle [as handle_request] (D:\nib_hr\backend\node_modules\express\lib\router\layer.js:95:5)[39m
2026-08-31 16:12:51:1251 [31merror[39m: [31mGET /api/table/documents - Error: Access restricted: Table 'documents' is not in the whitelist.[39m
[31mStack: Error: Access restricted: Table 'documents' is not in the whitelist.[39m
[31m    at validateTableName (D:\nib_hr\backend\controllers\core\table.controller.js:1441:11)[39m
[31m    at D:\nib_hr\backend\controllers\core\table.controller.js:1448:21[39m
[31m    at D:\nib_hr\backend\utils\asyncHandler.js:4:21[39m
[31m    at Layer.handle [as handle_request] (D:\nib_hr\backend\node_modules\express\lib\router\layer.js:95:5)[39m
[31m    at next (D:\nib_hr\backend\node_modules\express\lib\router\route.js:149:13)[39m
[31m    at D:\nib_hr\backend\middleware\audit.middleware.js:98:5[39m
[31m    at Layer.handle [as handle_request] (D:\nib_hr\backend\node_modules\express\lib\router\layer.js:95:5)[39m
[31m    at next (D:\nib_hr\backend\node_modules\express\lib\router\route.js:149:13)[39m
[31m    at Route.dispatch (D:\nib_hr\backend\node_modules\express\lib\router\route.js:119:3)[39m
[31m    at Layer.handle [as handle_request] (D:\nib_hr\backend\node_modules\express\lib\router\layer.js:95:5)[39m
2026-08-31 16:12:52:1252 [31merror[39m: [31mGET /api/table/documents - Error: Access restricted: Table 'documents' is not in the whitelist.[39m
[31mStack: Error: Access restricted: Table 'documents' is not in the whitelist.[39m
[31m    at validateTableName (D:\nib_hr\backend\controllers\core\table.controller.js:1441:11)[39m
[31m    at D:\nib_hr\backend\controllers\core\table.controller.js:1448:21[39m
[31m    at D:\nib_hr\backend\utils\asyncHandler.js:4:21[39m
[31m    at Layer.handle [as handle_request] (D:\nib_hr\backend\node_modules\express\lib\router\layer.js:95:5)[39m
[31m    at next (D:\nib_hr\backend\node_modules\express\lib\router\route.js:149:13)[39m
[31m    at D:\nib_hr\backend\middleware\audit.middleware.js:98:5[39m
[31m    at Layer.handle [as handle_request] (D:\nib_hr\backend\node_modules\express\lib\router\layer.js:95:5)[39m
[31m    at next (D:\nib_hr\backend\node_modules\express\lib\router\route.js:149:13)[39m
[31m    at Route.dispatch (D:\nib_hr\backend\node_modules\express\lib\router\route.js:119:3)[39m
[31m    at Layer.handle [as handle_request] (D:\nib_hr\backend\node_modules\express\lib\router\layer.js:95:5)[39m
2026-08-31 16:12:53:1253 [31merror[39m: [31mGET /api/table/documents - Error: Access restricted: Table 'documents' is not in the whitelist.[39m
[31mStack: Error: Access restricted: Table 'documents' is not in the whitelist.[39m
[31m    at validateTableName (D:\nib_hr\backend\controllers\core\table.controller.js:1441:11)[39m
[31m    at D:\nib_hr\backend\controllers\core\table.controller.js:1448:21[39m
[31m    at D:\nib_hr\backend\utils\asyncHandler.js:4:21[39m
[31m    at Layer.handle [as handle_request] (D:\nib_hr\backend\node_modules\express\lib\router\layer.js:95:5)[39m
[31m    at next (D:\nib_hr\backend\node_modules\express\lib\router\route.js:149:13)[39m
[31m    at D:\nib_hr\backend\middleware\audit.middleware.js:98:5[39m
[31m    at Layer.handle [as handle_request] (D:\nib_hr\backend\node_modules\express\lib\router\layer.js:95:5)[39m
[31m    at next (D:\nib_hr\backend\node_modules\express\lib\router\route.js:149:13)[39m
[31m    at Route.dispatch (D:\nib_hr\backend\node_modules\express\lib\router\route.js:119:3)[39m
[31m    at Layer.handle [as handle_request] (D:\nib_hr\backend\node_modules\express\lib\router\layer.js:95:5)[39m
2026-08-31 16:12:54:1254 [31merror[39m: [31mGET /api/table/documents - Error: Access restricted: Table 'documents' is not in the whitelist.[39m
[31mStack: Error: Access restricted: Table 'documents' is not in the whitelist.[39m
[31m    at validateTableName (D:\nib_hr\backend\controllers\core\table.controller.js:1441:11)[39m
[31m    at D:\nib_hr\backend\controllers\core\table.controller.js:1448:21[39m
[31m    at D:\nib_hr\backend\utils\asyncHandler.js:4:21[39m
[31m    at Layer.handle [as handle_request] (D:\nib_hr\backend\node_modules\express\lib\router\layer.js:95:5)[39m
[31m    at next (D:\nib_hr\backend\node_modules\express\lib\router\route.js:149:13)[39m
[31m    at D:\nib_hr\backend\middleware\audit.middleware.js:98:5[39m
[31m    at Layer.handle [as handle_request] (D:\nib_hr\backend\node_modules\express\lib\router\layer.js:95:5)[39m
[31m    at next (D:\nib_hr\backend\node_modules\express\lib\router\route.js:149:13)[39m
[31m    at Route.dispatch (D:\nib_hr\backend\node_modules\express\lib\router\route.js:119:3)[39m
[31m    at Layer.handle [as handle_request] (D:\nib_hr\backend\node_modules\express\lib\router\layer.js:95:5)[39m
2026-08-31 16:20:19:2019 [31merror[39m: [31mGET /api/table/documents - Error: Access restricted: Table 'documents' is not in the whitelist.[39m
[31mStack: Error: Access restricted: Table 'documents' is not in the whitelist.[39m
[31m    at validateTableName (D:\nib_hr\backend\controllers\core\table.controller.js:1441:11)[39m
[31m    at D:\nib_hr\backend\controllers\core\table.controller.js:1448:21[39m
[31m    at D:\nib_hr\backend\utils\asyncHandler.js:4:21[39m
[31m    at Layer.handle [as handle_request] (D:\nib_hr\backend\node_modules\express\lib\router\layer.js:95:5)[39m
[31m    at next (D:\nib_hr\backend\node_modules\express\lib\router\route.js:149:13)[39m
[31m    at D:\nib_hr\backend\middleware\audit.middleware.js:98:5[39m
[31m    at Layer.handle [as handle_request] (D:\nib_hr\backend\node_modules\express\lib\router\layer.js:95:5)[39m
[31m    at next (D:\nib_hr\backend\node_modules\express\lib\router\route.js:149:13)[39m
[31m    at Route.dispatch (D:\nib_hr\backend\node_modules\express\lib\router\route.js:119:3)[39m
[31m    at Layer.handle [as handle_request] (D:\nib_hr\backend\node_modules\express\lib\router\layer.js:95:5)[39m
2026-08-31 16:20:21:2021 [31merror[39m: [31mGET /api/table/documents - Error: Access restricted: Table 'documents' is not in the whitelist.[39m
[31mStack: Error: Access restricted: Table 'documents' is not in the whitelist.[39m
[31m    at validateTableName (D:\nib_hr\backend\controllers\core\table.controller.js:1441:11)[39m
[31m    at D:\nib_hr\backend\controllers\core\table.controller.js:1448:21[39m
[31m    at D:\nib_hr\backend\utils\asyncHandler.js:4:21[39m
[31m    at Layer.handle [as handle_request] (D:\nib_hr\backend\node_modules\express\lib\router\layer.js:95:5)[39m
[31m    at next (D:\nib_hr\backend\node_modules\express\lib\router\route.js:149:13)[39m
[31m    at D:\nib_hr\backend\middleware\audit.middleware.js:98:5[39m
[31m    at Layer.handle [as handle_request] (D:\nib_hr\backend\node_modules\express\lib\router\layer.js:95:5)[39m
[31m    at next (D:\nib_hr\backend\node_modules\express\lib\router\route.js:149:13)[39m
[31m    at Route.dispatch (D:\nib_hr\backend\node_modules\express\lib\router\route.js:119:3)[39m
[31m    at Layer.handle [as handle_request] (D:\nib_hr\backend\node_modules\express\lib\router\layer.js:95:5)[39m
2026-08-31 16:20:23:2023 [31merror[39m: [31mGET /api/table/documents - Error: Access restricted: Table 'documents' is not in the whitelist.[39m
[31mStack: Error: Access restricted: Table 'documents' is not in the whitelist.[39m
[31m    at validateTableName (D:\nib_hr\backend\controllers\core\table.controller.js:1441:11)[39m
[31m    at D:\nib_hr\backend\controllers\core\table.controller.js:1448:21[39m
[31m    at D:\nib_hr\backend\utils\asyncHandler.js:4:21[39m
[31m    at Layer.handle [as handle_request] (D:\nib_hr\backend\node_modules\express\lib\router\layer.js:95:5)[39m
[31m    at next (D:\nib_hr\backend\node_modules\express\lib\router\route.js:149:13)[39m
[31m    at D:\nib_hr\backend\middleware\audit.middleware.js:98:5[39m
[31m    at Layer.handle [as handle_request] (D:\nib_hr\backend\node_modules\express\lib\router\layer.js:95:5)[39m
[31m    at next (D:\nib_hr\backend\node_modules\express\lib\router\route.js:149:13)[39m
[31m    at Route.dispatch (D:\nib_hr\backend\node_modules\express\lib\router\route.js:119:3)[39m
[31m    at Layer.handle [as handle_request] (D:\nib_hr\backend\node_modules\express\lib\router\layer.js:95:5)[39m
2026-08-31 16:20:25:2025 [31merror[39m: [31mGET /api/table/documents - Error: Access restricted: Table 'documents' is not in the whitelist.[39m
[31mStack: Error: Access restricted: Table 'documents' is not in the whitelist.[39m
[31m    at validateTableName (D:\nib_hr\backend\controllers\core\table.controller.js:1441:11)[39m
[31m    at D:\nib_hr\backend\controllers\core\table.controller.js:1448:21[39m
[31m    at D:\nib_hr\backend\utils\asyncHandler.js:4:21[39m
[31m    at Layer.handle [as handle_request] (D:\nib_hr\backend\node_modules\express\lib\router\layer.js:95:5)[39m
[31m    at next (D:\nib_hr\backend\node_modules\express\lib\router\route.js:149:13)[39m
[31m    at D:\nib_hr\backend\middleware\audit.middleware.js:98:5[39m
[31m    at Layer.handle [as handle_request] (D:\nib_hr\backend\node_modules\express\lib\router\layer.js:95:5)[39m
[31m    at next (D:\nib_hr\backend\node_modules\express\lib\router\route.js:149:13)[39m
[31m    at Route.dispatch (D:\nib_hr\backend\node_modules\express\lib\router\route.js:119:3)[39m
[31m    at Layer.handle [as handle_request] (D:\nib_hr\backend\node_modules\express\lib\router\layer.js:95:5)[39m
2026-08-31 16:20:31:2031 [31merror[39m: [31mGET /api/table/documents - Error: Access restricted: Table 'documents' is not in the whitelist.[39m
[31mStack: Error: Access restricted: Table 'documents' is not in the whitelist.[39m
[31m    at validateTableName (D:\nib_hr\backend\controllers\core\table.controller.js:1441:11)[39m
[31m    at D:\nib_hr\backend\controllers\core\table.controller.js:1448:21[39m
[31m    at D:\nib_hr\backend\utils\asyncHandler.js:4:21[39m
[31m    at Layer.handle [as handle_request] (D:\nib_hr\backend\node_modules\express\lib\router\layer.js:95:5)[39m
[31m    at next (D:\nib_hr\backend\node_modules\express\lib\router\route.js:149:13)[39m
[31m    at D:\nib_hr\backend\middleware\audit.middleware.js:98:5[39m
[31m    at Layer.handle [as handle_request] (D:\nib_hr\backend\node_modules\express\lib\router\layer.js:95:5)[39m
[31m    at next (D:\nib_hr\backend\node_modules\express\lib\router\route.js:149:13)[39m
[31m    at Route.dispatch (D:\nib_hr\backend\node_modules\express\lib\router\route.js:119:3)[39m
[31m    at Layer.handle [as handle_request] (D:\nib_hr\backend\node_modules\express\lib\router\layer.js:95:5)[39m
2026-08-31 16:20:34:2034 [31merror[39m: [31mGET /api/table/documents - Error: Access restricted: Table 'documents' is not in the whitelist.[39m
[31mStack: Error: Access restricted: Table 'documents' is not in the whitelist.[39m
[31m    at validateTableName (D:\nib_hr\backend\controllers\core\table.controller.js:1441:11)[39m
[31m    at D:\nib_hr\backend\controllers\core\table.controller.js:1448:21[39m
[31m    at D:\nib_hr\backend\utils\asyncHandler.js:4:21[39m
[31m    at Layer.handle [as handle_request] (D:\nib_hr\backend\node_modules\express\lib\router\layer.js:95:5)[39m
[31m    at next (D:\nib_hr\backend\node_modules\express\lib\router\route.js:149:13)[39m
[31m    at D:\nib_hr\backend\middleware\audit.middleware.js:98:5[39m
[31m    at Layer.handle [as handle_request] (D:\nib_hr\backend\node_modules\express\lib\router\layer.js:95:5)[39m
[31m    at next (D:\nib_hr\backend\node_modules\express\lib\router\route.js:149:13)[39m
[31m    at Route.dispatch (D:\nib_hr\backend\node_modules\express\lib\router\route.js:119:3)[39m
[31m    at Layer.handle [as handle_request] (D:\nib_hr\backend\node_modules\express\lib\router\layer.js:95:5)[39m
2026-08-31 16:20:38:2038 [31merror[39m: [31mGET /api/table/documents - Error: Access restricted: Table 'documents' is not in the whitelist.[39m
[31mStack: Error: Access restricted: Table 'documents' is not in the whitelist.[39m
[31m    at validateTableName (D:\nib_hr\backend\controllers\core\table.controller.js:1441:11)[39m
[31m    at D:\nib_hr\backend\controllers\core\table.controller.js:1448:21[39m
[31m    at D:\nib_hr\backend\utils\asyncHandler.js:4:21[39m
[31m    at Layer.handle [as handle_request] (D:\nib_hr\backend\node_modules\express\lib\router\layer.js:95:5)[39m
[31m    at next (D:\nib_hr\backend\node_modules\express\lib\router\route.js:149:13)[39m
[31m    at D:\nib_hr\backend\middleware\audit.middleware.js:98:5[39m
[31m    at Layer.handle [as handle_request] (D:\nib_hr\backend\node_modules\express\lib\router\layer.js:95:5)[39m
[31m    at next (D:\nib_hr\backend\node_modules\express\lib\router\route.js:149:13)[39m
[31m    at Route.dispatch (D:\nib_hr\backend\node_modules\express\lib\router\route.js:119:3)[39m
[31m    at Layer.handle [as handle_request] (D:\nib_hr\backend\node_modules\express\lib\router\layer.js:95:5)[39m
2026-08-31 16:56:32:5632 [31merror[39m: [31m[Multi-Tenant Seeder Error] Failed to seed tenant database: Unknown column 'designation_id' in 'SELECT'[39m
2026-08-31 16:56:41:5641 [31merror[39m: [31m[Multi-Tenant Seeder Error] Failed to seed tenant database: Unknown column 'designation_id' in 'SELECT'[39m
2026-08-31 16:56:46:5646 [31merror[39m: [31m[Multi-Tenant Seeder Error] Failed to seed tenant database: Unknown column 'designation_id' in 'SELECT'[39m
2026-08-31 16:56:49:5649 [31merror[39m: [31m[Multi-Tenant Seeder Error] Failed to seed tenant database: Unknown column 'designation_id' in 'SELECT'[39m
2026-08-31 16:56:54:5654 [31merror[39m: [31m[Multi-Tenant Seeder Error] Failed to seed tenant database: Unknown column 'designation_id' in 'SELECT'[39m
2026-08-31 17:02:25:225 [31merror[39m: [31m[Multi-Tenant Seeder Error] Failed to seed tenant database: Unknown column 'designation_id' in 'SELECT'[39m
2026-08-31 17:06:00:60 [31merror[39m: [31mGET /api/table/documents - Error: Access restricted: Table 'documents' is not in the whitelist.[39m
[31mStack: Error: Access restricted: Table 'documents' is not in the whitelist.[39m
[31m    at validateTableName (D:\nib_hr\backend\controllers\core\table.controller.js:1441:11)[39m
[31m    at D:\nib_hr\backend\controllers\core\table.controller.js:1448:21[39m
[31m    at D:\nib_hr\backend\utils\asyncHandler.js:4:21[39m
[31m    at Layer.handle [as handle_request] (D:\nib_hr\backend\node_modules\express\lib\router\layer.js:95:5)[39m
[31m    at next (D:\nib_hr\backend\node_modules\express\lib\router\route.js:149:13)[39m
[31m    at D:\nib_hr\backend\middleware\audit.middleware.js:98:5[39m
[31m    at Layer.handle [as handle_request] (D:\nib_hr\backend\node_modules\express\lib\router\layer.js:95:5)[39m
[31m    at next (D:\nib_hr\backend\node_modules\express\lib\router\route.js:149:13)[39m
[31m    at Route.dispatch (D:\nib_hr\backend\node_modules\express\lib\router\route.js:119:3)[39m
[31m    at Layer.handle [as handle_request] (D:\nib_hr\backend\node_modules\express\lib\router\layer.js:95:5)[39m
2026-08-31 17:06:00:60 [31merror[39m: [31mGET /api/table/documents - Error: Access restricted: Table 'documents' is not in the whitelist.[39m
[31mStack: Error: Access restricted: Table 'documents' is not in the whitelist.[39m
[31m    at validateTableName (D:\nib_hr\backend\controllers\core\table.controller.js:1441:11)[39m
[31m    at D:\nib_hr\backend\controllers\core\table.controller.js:1448:21[39m
[31m    at D:\nib_hr\backend\utils\asyncHandler.js:4:21[39m
[31m    at Layer.handle [as handle_request] (D:\nib_hr\backend\node_modules\express\lib\router\layer.js:95:5)[39m
[31m    at next (D:\nib_hr\backend\node_modules\express\lib\router\route.js:149:13)[39m
[31m    at D:\nib_hr\backend\middleware\audit.middleware.js:98:5[39m
[31m    at Layer.handle [as handle_request] (D:\nib_hr\backend\node_modules\express\lib\router\layer.js:95:5)[39m
[31m    at next (D:\nib_hr\backend\node_modules\express\lib\router\route.js:149:13)[39m
[31m    at Route.dispatch (D:\nib_hr\backend\node_modules\express\lib\router\route.js:119:3)[39m
[31m    at Layer.handle [as handle_request] (D:\nib_hr\backend\node_modules\express\lib\router\layer.js:95:5)[39m
2026-08-31 17:06:02:62 [31merror[39m: [31mGET /api/table/exit_requests - Error: Access restricted: Table 'exit_requests' is not in the whitelist.[39m
[31mStack: Error: Access restricted: Table 'exit_requests' is not in the whitelist.[39m
[31m    at validateTableName (D:\nib_hr\backend\controllers\core\table.controller.js:1441:11)[39m
[31m    at D:\nib_hr\backend\controllers\core\table.controller.js:1448:21[39m
[31m    at D:\nib_hr\backend\utils\asyncHandler.js:4:21[39m
[31m    at Layer.handle [as handle_request] (D:\nib_hr\backend\node_modules\express\lib\router\layer.js:95:5)[39m
[31m    at next (D:\nib_hr\backend\node_modules\express\lib\router\route.js:149:13)[39m
[31m    at D:\nib_hr\backend\middleware\audit.middleware.js:98:5[39m
[31m    at Layer.handle [as handle_request] (D:\nib_hr\backend\node_modules\express\lib\router\layer.js:95:5)[39m
[31m    at next (D:\nib_hr\backend\node_modules\express\lib\router\route.js:149:13)[39m
[31m    at Route.dispatch (D:\nib_hr\backend\node_modules\express\lib\router\route.js:119:3)[39m
[31m    at Layer.handle [as handle_request] (D:\nib_hr\backend\node_modules\express\lib\router\layer.js:95:5)[39m
2026-08-31 17:06:02:62 [31merror[39m: [31mGET /api/table/notice_periods - Error: Access restricted: Table 'notice_periods' is not in the whitelist.[39m
[31mStack: Error: Access restricted: Table 'notice_periods' is not in the whitelist.[39m
[31m    at validateTableName (D:\nib_hr\backend\controllers\core\table.controller.js:1441:11)[39m
[31m    at D:\nib_hr\backend\controllers\core\table.controller.js:1448:21[39m
[31m    at D:\nib_hr\backend\utils\asyncHandler.js:4:21[39m
[31m    at Layer.handle [as handle_request] (D:\nib_hr\backend\node_modules\express\lib\router\layer.js:95:5)[39m
[31m    at next (D:\nib_hr\backend\node_modules\express\lib\router\route.js:149:13)[39m
[31m    at D:\nib_hr\backend\middleware\audit.middleware.js:98:5[39m
[31m    at Layer.handle [as handle_request] (D:\nib_hr\backend\node_modules\express\lib\router\layer.js:95:5)[39m
[31m    at next (D:\nib_hr\backend\node_modules\express\lib\router\route.js:149:13)[39m
[31m    at Route.dispatch (D:\nib_hr\backend\node_modules\express\lib\router\route.js:119:3)[39m
[31m    at Layer.handle [as handle_request] (D:\nib_hr\backend\node_modules\express\lib\router\layer.js:95:5)[39m
2026-08-31 17:06:02:62 [31merror[39m: [31mGET /api/table/exit_clearances - Error: Access restricted: Table 'exit_clearances' is not in the whitelist.[39m
[31mStack: Error: Access restricted: Table 'exit_clearances' is not in the whitelist.[39m
[31m    at validateTableName (D:\nib_hr\backend\controllers\core\table.controller.js:1441:11)[39m
[31m    at D:\nib_hr\backend\controllers\core\table.controller.js:1448:21[39m
[31m    at D:\nib_hr\backend\utils\asyncHandler.js:4:21[39m
[31m    at Layer.handle [as handle_request] (D:\nib_hr\backend\node_modules\express\lib\router\layer.js:95:5)[39m
[31m    at next (D:\nib_hr\backend\node_modules\express\lib\router\route.js:149:13)[39m
[31m    at D:\nib_hr\backend\middleware\audit.middleware.js:98:5[39m
[31m    at Layer.handle [as handle_request] (D:\nib_hr\backend\node_modules\express\lib\router\layer.js:95:5)[39m
[31m    at next (D:\nib_hr\backend\node_modules\express\lib\router\route.js:149:13)[39m
[31m    at Route.dispatch (D:\nib_hr\backend\node_modules\express\lib\router\route.js:119:3)[39m
[31m    at Layer.handle [as handle_request] (D:\nib_hr\backend\node_modules\express\lib\router\layer.js:95:5)[39m
2026-08-31 17:06:02:62 [31merror[39m: [31mGET /api/table/asset_returns - Error: Access restricted: Table 'asset_returns' is not in the whitelist.[39m
[31mStack: Error: Access restricted: Table 'asset_returns' is not in the whitelist.[39m
[31m    at validateTableName (D:\nib_hr\backend\controllers\core\table.controller.js:1441:11)[39m
[31m    at D:\nib_hr\backend\controllers\core\table.controller.js:1448:21[39m
[31m    at D:\nib_hr\backend\utils\asyncHandler.js:4:21[39m
[31m    at Layer.handle [as handle_request] (D:\nib_hr\backend\node_modules\express\lib\router\layer.js:95:5)[39m
[31m    at next (D:\nib_hr\backend\node_modules\express\lib\router\route.js:149:13)[39m
[31m    at D:\nib_hr\backend\middleware\audit.middleware.js:98:5[39m
[31m    at Layer.handle [as handle_request] (D:\nib_hr\backend\node_modules\express\lib\router\layer.js:95:5)[39m
[31m    at next (D:\nib_hr\backend\node_modules\express\lib\router\route.js:149:13)[39m
[31m    at Route.dispatch (D:\nib_hr\backend\node_modules\express\lib\router\route.js:119:3)[39m
[31m    at Layer.handle [as handle_request] (D:\nib_hr\backend\node_modules\express\lib\router\layer.js:95:5)[39m
2026-08-31 17:06:02:62 [31merror[39m: [31mGET /api/table/no_dues - Error: Access restricted: Table 'no_dues' is not in the whitelist.[39m
[31mStack: Error: Access restricted: Table 'no_dues' is not in the whitelist.[39m
[31m    at validateTableName (D:\nib_hr\backend\controllers\core\table.controller.js:1441:11)[39m
[31m    at D:\nib_hr\backend\controllers\core\table.controller.js:1448:21[39m
[31m    at D:\nib_hr\backend\utils\asyncHandler.js:4:21[39m
[31m    at Layer.handle [as handle_request] (D:\nib_hr\backend\node_modules\express\lib\router\layer.js:95:5)[39m
[31m    at next (D:\nib_hr\backend\node_modules\express\lib\router\route.js:149:13)[39m
[31m    at D:\nib_hr\backend\middleware\audit.middleware.js:98:5[39m
[31m    at Layer.handle [as handle_request] (D:\nib_hr\backend\node_modules\express\lib\router\layer.js:95:5)[39m
[31m    at next (D:\nib_hr\backend\node_modules\express\lib\router\route.js:149:13)[39m
[31m    at Route.dispatch (D:\nib_hr\backend\node_modules\express\lib\router\route.js:119:3)[39m
[31m    at Layer.handle [as handle_request] (D:\nib_hr\backend\node_modules\express\lib\router\layer.js:95:5)[39m
2026-08-31 17:06:02:62 [31merror[39m: [31mGET /api/table/fnf_settlements - Error: Access restricted: Table 'fnf_settlements' is not in the whitelist.[39m
[31mStack: Error: Access restricted: Table 'fnf_settlements' is not in the whitelist.[39m
[31m    at validateTableName (D:\nib_hr\backend\controllers\core\table.controller.js:1441:11)[39m
[31m    at D:\nib_hr\backend\controllers\core\table.controller.js:1448:21[39m
[31m    at D:\nib_hr\backend\utils\asyncHandler.js:4:21[39m
[31m    at Layer.handle [as handle_request] (D:\nib_hr\backend\node_modules\express\lib\router\layer.js:95:5)[39m
[31m    at next (D:\nib_hr\backend\node_modules\express\lib\router\route.js:149:13)[39m
[31m    at D:\nib_hr\backend\middleware\audit.middleware.js:98:5[39m
[31m    at Layer.handle [as handle_request] (D:\nib_hr\backend\node_modules\express\lib\router\layer.js:95:5)[39m
[31m    at next (D:\nib_hr\backend\node_modules\express\lib\router\route.js:149:13)[39m
[31m    at Route.dispatch (D:\nib_hr\backend\node_modules\express\lib\router\route.js:119:3)[39m
[31m    at Layer.handle [as handle_request] (D:\nib_hr\backend\node_modules\express\lib\router\layer.js:95:5)[39m
2026-08-31 17:06:02:62 [31merror[39m: [31mGET /api/table/exit_interviews - Error: Access restricted: Table 'exit_interviews' is not in the whitelist.[39m
[31mStack: Error: Access restricted: Table 'exit_interviews' is not in the whitelist.[39m
[31m    at validateTableName (D:\nib_hr\backend\controllers\core\table.controller.js:1441:11)[39m
[31m    at D:\nib_hr\backend\controllers\core\table.controller.js:1448:21[39m
[31m    at D:\nib_hr\backend\utils\asyncHandler.js:4:21[39m
[31m    at Layer.handle [as handle_request] (D:\nib_hr\backend\node_modules\express\lib\router\layer.js:95:5)[39m
[31m    at next (D:\nib_hr\backend\node_modules\express\lib\router\route.js:149:13)[39m
[31m    at D:\nib_hr\backend\middleware\audit.middleware.js:98:5[39m
[31m    at Layer.handle [as handle_request] (D:\nib_hr\backend\node_modules\express\lib\router\layer.js:95:5)[39m
[31m    at next (D:\nib_hr\backend\node_modules\express\lib\router\route.js:149:13)[39m
[31m    at Route.dispatch (D:\nib_hr\backend\node_modules\express\lib\router\route.js:119:3)[39m
[31m    at Layer.handle [as handle_request] (D:\nib_hr\backend\node_modules\express\lib\router\layer.js:95:5)[39m
2026-08-31 17:06:02:62 [31merror[39m: [31mGET /api/table/experience_letters - Error: Access restricted: Table 'experience_letters' is not in the whitelist.[39m
[31mStack: Error: Access restricted: Table 'experience_letters' is not in the whitelist.[39m
[31m    at validateTableName (D:\nib_hr\backend\controllers\core\table.controller.js:1441:11)[39m
[31m    at D:\nib_hr\backend\controllers\core\table.controller.js:1448:21[39m
[31m    at D:\nib_hr\backend\utils\asyncHandler.js:4:21[39m
[31m    at Layer.handle [as handle_request] (D:\nib_hr\backend\node_modules\express\lib\router\layer.js:95:5)[39m
[31m    at next (D:\nib_hr\backend\node_modules\express\lib\router\route.js:149:13)[39m
[31m    at D:\nib_hr\backend\middleware\audit.middleware.js:98:5[39m
[31m    at Layer.handle [as handle_request] (D:\nib_hr\backend\node_modules\express\lib\router\layer.js:95:5)[39m
[31m    at next (D:\nib_hr\backend\node_modules\express\lib\router\route.js:149:13)[39m
[31m    at Route.dispatch (D:\nib_hr\backend\node_modules\express\lib\router\route.js:119:3)[39m
[31m    at Layer.handle [as handle_request] (D:\nib_hr\backend\node_modules\express\lib\router\layer.js:95:5)[39m
2026-08-31 17:06:02:62 [31merror[39m: [31mGET /api/table/documents - Error: Access restricted: Table 'documents' is not in the whitelist.[39m
[31mStack: Error: Access restricted: Table 'documents' is not in the whitelist.[39m
[31m    at validateTableName (D:\nib_hr\backend\controllers\core\table.controller.js:1441:11)[39m
[31m    at D:\nib_hr\backend\controllers\core\table.controller.js:1448:21[39m
[31m    at D:\nib_hr\backend\utils\asyncHandler.js:4:21[39m
[31m    at Layer.handle [as handle_request] (D:\nib_hr\backend\node_modules\express\lib\router\layer.js:95:5)[39m
[31m    at next (D:\nib_hr\backend\node_modules\express\lib\router\route.js:149:13)[39m
[31m    at D:\nib_hr\backend\middleware\audit.middleware.js:98:5[39m
[31m    at Layer.handle [as handle_request] (D:\nib_hr\backend\node_modules\express\lib\router\layer.js:95:5)[39m
[31m    at next (D:\nib_hr\backend\node_modules\express\lib\router\route.js:149:13)[39m
[31m    at Route.dispatch (D:\nib_hr\backend\node_modules\express\lib\router\route.js:119:3)[39m
[31m    at Layer.handle [as handle_request] (D:\nib_hr\backend\node_modules\express\lib\router\layer.js:95:5)[39m
2026-08-31 17:06:03:63 [31merror[39m: [31mGET /api/table/exit_requests - Error: Access restricted: Table 'exit_requests' is not in the whitelist.[39m
[31mStack: Error: Access restricted: Table 'exit_requests' is not in the whitelist.[39m
[31m    at validateTableName (D:\nib_hr\backend\controllers\core\table.controller.js:1441:11)[39m
[31m    at D:\nib_hr\backend\controllers\core\table.controller.js:1448:21[39m
[31m    at D:\nib_hr\backend\utils\asyncHandler.js:4:21[39m
[31m    at Layer.handle [as handle_request] (D:\nib_hr\backend\node_modules\express\lib\router\layer.js:95:5)[39m
[31m    at next (D:\nib_hr\backend\node_modules\express\lib\router\route.js:149:13)[39m
[31m    at D:\nib_hr\backend\middleware\audit.middleware.js:98:5[39m
[31m    at Layer.handle [as handle_request] (D:\nib_hr\backend\node_modules\express\lib\router\layer.js:95:5)[39m
[31m    at next (D:\nib_hr\backend\node_modules\express\lib\router\route.js:149:13)[39m
[31m    at Route.dispatch (D:\nib_hr\backend\node_modules\express\lib\router\route.js:119:3)[39m
[31m    at Layer.handle [as handle_request] (D:\nib_hr\backend\node_modules\express\lib\router\layer.js:95:5)[39m
2026-08-31 17:06:03:63 [31merror[39m: [31mGET /api/table/notice_periods - Error: Access restricted: Table 'notice_periods' is not in the whitelist.[39m
[31mStack: Error: Access restricted: Table 'notice_periods' is not in the whitelist.[39m
[31m    at validateTableName (D:\nib_hr\backend\controllers\core\table.controller.js:1441:11)[39m
[31m    at D:\nib_hr\backend\controllers\core\table.controller.js:1448:21[39m
[31m    at D:\nib_hr\backend\utils\asyncHandler.js:4:21[39m
[31m    at Layer.handle [as handle_request] (D:\nib_hr\backend\node_modules\express\lib\router\layer.js:95:5)[39m
[31m    at next (D:\nib_hr\backend\node_modules\express\lib\router\route.js:149:13)[39m
[31m    at D:\nib_hr\backend\middleware\audit.middleware.js:98:5[39m
[31m    at Layer.handle [as handle_request] (D:\nib_hr\backend\node_modules\express\lib\router\layer.js:95:5)[39m
[31m    at next (D:\nib_hr\backend\node_modules\express\lib\router\route.js:149:13)[39m
[31m    at Route.dispatch (D:\nib_hr\backend\node_modules\express\lib\router\route.js:119:3)[39m
[31m    at Layer.handle [as handle_request] (D:\nib_hr\backend\node_modules\express\lib\router\layer.js:95:5)[39m
2026-08-31 17:06:03:63 [31merror[39m: [31mGET /api/table/exit_clearances - Error: Access restricted: Table 'exit_clearances' is not in the whitelist.[39m
[31mStack: Error: Access restricted: Table 'exit_clearances' is not in the whitelist.[39m
[31m    at validateTableName (D:\nib_hr\backend\controllers\core\table.controller.js:1441:11)[39m
[31m    at D:\nib_hr\backend\controllers\core\table.controller.js:1448:21[39m
[31m    at D:\nib_hr\backend\utils\asyncHandler.js:4:21[39m
[31m    at Layer.handle [as handle_request] (D:\nib_hr\backend\node_modules\express\lib\router\layer.js:95:5)[39m
[31m    at next (D:\nib_hr\backend\node_modules\express\lib\router\route.js:149:13)[39m
[31m    at D:\nib_hr\backend\middleware\audit.middleware.js:98:5[39m
[31m    at Layer.handle [as handle_request] (D:\nib_hr\backend\node_modules\express\lib\router\layer.js:95:5)[39m
[31m    at next (D:\nib_hr\backend\node_modules\express\lib\router\route.js:149:13)[39m
[31m    at Route.dispatch (D:\nib_hr\backend\node_modules\express\lib\router\route.js:119:3)[39m
[31m    at Layer.handle [as handle_request] (D:\nib_hr\backend\node_modules\express\lib\router\layer.js:95:5)[39m
2026-08-31 17:06:03:63 [31merror[39m: [31mGET /api/table/asset_returns - Error: Access restricted: Table 'asset_returns' is not in the whitelist.[39m
[31mStack: Error: Access restricted: Table 'asset_returns' is not in the whitelist.[39m
[31m    at validateTableName (D:\nib_hr\backend\controllers\core\table.controller.js:1441:11)[39m
[31m    at D:\nib_hr\backend\controllers\core\table.controller.js:1448:21[39m
[31m    at D:\nib_hr\backend\utils\asyncHandler.js:4:21[39m
[31m    at Layer.handle [as handle_request] (D:\nib_hr\backend\node_modules\express\lib\router\layer.js:95:5)[39m
[31m    at next (D:\nib_hr\backend\node_modules\express\lib\router\route.js:149:13)[39m
[31m    at D:\nib_hr\backend\middleware\audit.middleware.js:98:5[39m
[31m    at Layer.handle [as handle_request] (D:\nib_hr\backend\node_modules\express\lib\router\layer.js:95:5)[39m
[31m    at next (D:\nib_hr\backend\node_modules\express\lib\router\route.js:149:13)[39m
[31m    at Route.dispatch (D:\nib_hr\backend\node_modules\express\lib\router\route.js:119:3)[39m
[31m    at Layer.handle [as handle_request] (D:\nib_hr\backend\node_modules\express\lib\router\layer.js:95:5)[39m
2026-08-31 17:06:03:63 [31merror[39m: [31mGET /api/table/no_dues - Error: Access restricted: Table 'no_dues' is not in the whitelist.[39m
[31mStack: Error: Access restricted: Table 'no_dues' is not in the whitelist.[39m
[31m    at validateTableName (D:\nib_hr\backend\controllers\core\table.controller.js:1441:11)[39m
[31m    at D:\nib_hr\backend\controllers\core\table.controller.js:1448:21[39m
[31m    at D:\nib_hr\backend\utils\asyncHandler.js:4:21[39m
[31m    at Layer.handle [as handle_request] (D:\nib_hr\backend\node_modules\express\lib\router\layer.js:95:5)[39m
[31m    at next (D:\nib_hr\backend\node_modules\express\lib\router\route.js:149:13)[39m
[31m    at D:\nib_hr\backend\middleware\audit.middleware.js:98:5[39m
[31m    at Layer.handle [as handle_request] (D:\nib_hr\backend\node_modules\express\lib\router\layer.js:95:5)[39m
[31m    at next (D:\nib_hr\backend\node_modules\express\lib\router\route.js:149:13)[39m
[31m    at Route.dispatch (D:\nib_hr\backend\node_modules\express\lib\router\route.js:119:3)[39m
[31m    at Layer.handle [as handle_request] (D:\nib_hr\backend\node_modules\express\lib\router\layer.js:95:5)[39m
2026-08-31 17:06:03:63 [31merror[39m: [31mGET /api/table/fnf_settlements - Error: Access restricted: Table 'fnf_settlements' is not in the whitelist.[39m
[31mStack: Error: Access restricted: Table 'fnf_settlements' is not in the whitelist.[39m
[31m    at validateTableName (D:\nib_hr\backend\controllers\core\table.controller.js:1441:11)[39m
[31m    at D:\nib_hr\backend\controllers\core\table.controller.js:1448:21[39m
[31m    at D:\nib_hr\backend\utils\asyncHandler.js:4:21[39m
[31m    at Layer.handle [as handle_request] (D:\nib_hr\backend\node_modules\express\lib\router\layer.js:95:5)[39m
[31m    at next (D:\nib_hr\backend\node_modules\express\lib\router\route.js:149:13)[39m
[31m    at D:\nib_hr\backend\middleware\audit.middleware.js:98:5[39m
[31m    at Layer.handle [as handle_request] (D:\nib_hr\backend\node_modules\express\lib\router\layer.js:95:5)[39m
[31m    at next (D:\nib_hr\backend\node_modules\express\lib\router\route.js:149:13)[39m
[31m    at Route.dispatch (D:\nib_hr\backend\node_modules\express\lib\router\route.js:119:3)[39m
[31m    at Layer.handle [as handle_request] (D:\nib_hr\backend\node_modules\express\lib\router\layer.js:95:5)[39m
2026-08-31 17:06:03:63 [31merror[39m: [31mGET /api/table/exit_interviews - Error: Access restricted: Table 'exit_interviews' is not in the whitelist.[39m
[31mStack: Error: Access restricted: Table 'exit_interviews' is not in the whitelist.[39m
[31m    at validateTableName (D:\nib_hr\backend\controllers\core\table.controller.js:1441:11)[39m
[31m    at D:\nib_hr\backend\controllers\core\table.controller.js:1448:21[39m
[31m    at D:\nib_hr\backend\utils\asyncHandler.js:4:21[39m
[31m    at Layer.handle [as handle_request] (D:\nib_hr\backend\node_modules\express\lib\router\layer.js:95:5)[39m
[31m    at next (D:\nib_hr\backend\node_modules\express\lib\router\route.js:149:13)[39m
[31m    at D:\nib_hr\backend\middleware\audit.middleware.js:98:5[39m
[31m    at Layer.handle [as handle_request] (D:\nib_hr\backend\node_modules\express\lib\router\layer.js:95:5)[39m
[31m    at next (D:\nib_hr\backend\node_modules\express\lib\router\route.js:149:13)[39m
[31m    at Route.dispatch (D:\nib_hr\backend\node_modules\express\lib\router\route.js:119:3)[39m
[31m    at Layer.handle [as handle_request] (D:\nib_hr\backend\node_modules\express\lib\router\layer.js:95:5)[39m
2026-08-31 17:06:03:63 [31merror[39m: [31mGET /api/table/experience_letters - Error: Access restricted: Table 'experience_letters' is not in the whitelist.[39m
[31mStack: Error: Access restricted: Table 'experience_letters' is not in the whitelist.[39m
[31m    at validateTableName (D:\nib_hr\backend\controllers\core\table.controller.js:1441:11)[39m
[31m    at D:\nib_hr\backend\controllers\core\table.controller.js:1448:21[39m
[31m    at D:\nib_hr\backend\utils\asyncHandler.js:4:21[39m
[31m    at Layer.handle [as handle_request] (D:\nib_hr\backend\node_modules\express\lib\router\layer.js:95:5)[39m
[31m    at next (D:\nib_hr\backend\node_modules\express\lib\router\route.js:149:13)[39m
[31m    at D:\nib_hr\backend\middleware\audit.middleware.js:98:5[39m
[31m    at Layer.handle [as handle_request] (D:\nib_hr\backend\node_modules\express\lib\router\layer.js:95:5)[39m
[31m    at next (D:\nib_hr\backend\node_modules\express\lib\router\route.js:149:13)[39m
[31m    at Route.dispatch (D:\nib_hr\backend\node_modules\express\lib\router\route.js:119:3)[39m
[31m    at Layer.handle [as handle_request] (D:\nib_hr\backend\node_modules\express\lib\router\layer.js:95:5)[39m
2026-08-31 17:06:03:63 [31merror[39m: [31mGET /api/table/documents - Error: Access restricted: Table 'documents' is not in the whitelist.[39m
[31mStack: Error: Access restricted: Table 'documents' is not in the whitelist.[39m
[31m    at validateTableName (D:\nib_hr\backend\controllers\core\table.controller.js:1441:11)[39m
[31m    at D:\nib_hr\backend\controllers\core\table.controller.js:1448:21[39m
[31m    at D:\nib_hr\backend\utils\asyncHandler.js:4:21[39m
[31m    at Layer.handle [as handle_request] (D:\nib_hr\backend\node_modules\express\lib\router\layer.js:95:5)[39m
[31m    at next (D:\nib_hr\backend\node_modules\express\lib\router\route.js:149:13)[39m
[31m    at D:\nib_hr\backend\middleware\audit.middleware.js:98:5[39m
[31m    at Layer.handle [as handle_request] (D:\nib_hr\backend\node_modules\express\lib\router\layer.js:95:5)[39m
[31m    at next (D:\nib_hr\backend\node_modules\express\lib\router\route.js:149:13)[39m
[31m    at Route.dispatch (D:\nib_hr\backend\node_modules\express\lib\router\route.js:119:3)[39m
[31m    at Layer.handle [as handle_request] (D:\nib_hr\backend\node_modules\express\lib\router\layer.js:95:5)[39m
2026-08-31 17:06:03:63 [31merror[39m: [31mGET /api/table/exit_requests - Error: Access restricted: Table 'exit_requests' is not in the whitelist.[39m
[31mStack: Error: Access restricted: Table 'exit_requests' is not in the whitelist.[39m
[31m    at validateTableName (D:\nib_hr\backend\controllers\core\table.controller.js:1441:11)[39m
[31m    at D:\nib_hr\backend\controllers\core\table.controller.js:1448:21[39m
[31m    at D:\nib_hr\backend\utils\asyncHandler.js:4:21[39m
[31m    at Layer.handle [as handle_request] (D:\nib_hr\backend\node_modules\express\lib\router\layer.js:95:5)[39m
[31m    at next (D:\nib_hr\backend\node_modules\express\lib\router\route.js:149:13)[39m
[31m    at D:\nib_hr\backend\middleware\audit.middleware.js:98:5[39m
[31m    at Layer.handle [as handle_request] (D:\nib_hr\backend\node_modules\express\lib\router\layer.js:95:5)[39m
[31m    at next (D:\nib_hr\backend\node_modules\express\lib\router\route.js:149:13)[39m
[31m    at Route.dispatch (D:\nib_hr\backend\node_modules\express\lib\router\route.js:119:3)[39m
[31m    at Layer.handle [as handle_request] (D:\nib_hr\backend\node_modules\express\lib\router\layer.js:95:5)[39m
2026-08-31 17:06:04:64 [31merror[39m: [31mGET /api/table/exit_requests - Error: Access restricted: Table 'exit_requests' is not in the whitelist.[39m
[31mStack: Error: Access restricted: Table 'exit_requests' is not in the whitelist.[39m
[31m    at validateTableName (D:\nib_hr\backend\controllers\core\table.controller.js:1441:11)[39m
[31m    at D:\nib_hr\backend\controllers\core\table.controller.js:1448:21[39m
[31m    at D:\nib_hr\backend\utils\asyncHandler.js:4:21[39m
[31m    at Layer.handle [as handle_request] (D:\nib_hr\backend\node_modules\express\lib\router\layer.js:95:5)[39m
[31m    at next (D:\nib_hr\backend\node_modules\express\lib\router\route.js:149:13)[39m
[31m    at D:\nib_hr\backend\middleware\audit.middleware.js:98:5[39m
[31m    at Layer.handle [as handle_request] (D:\nib_hr\backend\node_modules\express\lib\router\layer.js:95:5)[39m
[31m    at next (D:\nib_hr\backend\node_modules\express\lib\router\route.js:149:13)[39m
[31m    at Route.dispatch (D:\nib_hr\backend\node_modules\express\lib\router\route.js:119:3)[39m
[31m    at Layer.handle [as handle_request] (D:\nib_hr\backend\node_modules\express\lib\router\layer.js:95:5)[39m
2026-08-31 17:06:05:65 [31merror[39m: [31mGET /api/table/exit_requests - Error: Access restricted: Table 'exit_requests' is not in the whitelist.[39m
[31mStack: Error: Access restricted: Table 'exit_requests' is not in the whitelist.[39m
[31m    at validateTableName (D:\nib_hr\backend\controllers\core\table.controller.js:1441:11)[39m
[31m    at D:\nib_hr\backend\controllers\core\table.controller.js:1448:21[39m
[31m    at D:\nib_hr\backend\utils\asyncHandler.js:4:21[39m
[31m    at Layer.handle [as handle_request] (D:\nib_hr\backend\node_modules\express\lib\router\layer.js:95:5)[39m
[31m    at next (D:\nib_hr\backend\node_modules\express\lib\router\route.js:149:13)[39m
[31m    at D:\nib_hr\backend\middleware\audit.middleware.js:98:5[39m
[31m    at Layer.handle [as handle_request] (D:\nib_hr\backend\node_modules\express\lib\router\layer.js:95:5)[39m
[31m    at next (D:\nib_hr\backend\node_modules\express\lib\router\route.js:149:13)[39m
[31m    at Route.dispatch (D:\nib_hr\backend\node_modules\express\lib\router\route.js:119:3)[39m
[31m    at Layer.handle [as handle_request] (D:\nib_hr\backend\node_modules\express\lib\router\layer.js:95:5)[39m
2026-08-31 17:06:05:65 [31merror[39m: [31mGET /api/table/exit_requests - Error: Access restricted: Table 'exit_requests' is not in the whitelist.[39m
[31mStack: Error: Access restricted: Table 'exit_requests' is not in the whitelist.[39m
[31m    at validateTableName (D:\nib_hr\backend\controllers\core\table.controller.js:1441:11)[39m
[31m    at D:\nib_hr\backend\controllers\core\table.controller.js:1448:21[39m
[31m    at D:\nib_hr\backend\utils\asyncHandler.js:4:21[39m
[31m    at Layer.handle [as handle_request] (D:\nib_hr\backend\node_modules\express\lib\router\layer.js:95:5)[39m
[31m    at next (D:\nib_hr\backend\node_modules\express\lib\router\route.js:149:13)[39m
[31m    at D:\nib_hr\backend\middleware\audit.middleware.js:98:5[39m
[31m    at Layer.handle [as handle_request] (D:\nib_hr\backend\node_modules\express\lib\router\layer.js:95:5)[39m
[31m    at next (D:\nib_hr\backend\node_modules\express\lib\router\route.js:149:13)[39m
[31m    at Route.dispatch (D:\nib_hr\backend\node_modules\express\lib\router\route.js:119:3)[39m
[31m    at Layer.handle [as handle_request] (D:\nib_hr\backend\node_modules\express\lib\router\layer.js:95:5)[39m
2026-08-31 17:07:02:72 [31merror[39m: [31mGET /api/table/documents - Error: Access restricted: Table 'documents' is not in the whitelist.[39m
[31mStack: Error: Access restricted: Table 'documents' is not in the whitelist.[39m
[31m    at validateTableName (D:\nib_hr\backend\controllers\core\table.controller.js:1441:11)[39m
[31m    at D:\nib_hr\backend\controllers\core\table.controller.js:1448:21[39m
[31m    at D:\nib_hr\backend\utils\asyncHandler.js:4:21[39m
[31m    at Layer.handle [as handle_request] (D:\nib_hr\backend\node_modules\express\lib\router\layer.js:95:5)[39m
[31m    at next (D:\nib_hr\backend\node_modules\express\lib\router\route.js:149:13)[39m
[31m    at D:\nib_hr\backend\middleware\audit.middleware.js:98:5[39m
[31m    at Layer.handle [as handle_request] (D:\nib_hr\backend\node_modules\express\lib\router\layer.js:95:5)[39m
[31m    at next (D:\nib_hr\backend\node_modules\express\lib\router\route.js:149:13)[39m
[31m    at Route.dispatch (D:\nib_hr\backend\node_modules\express\lib\router\route.js:119:3)[39m
[31m    at Layer.handle [as handle_request] (D:\nib_hr\backend\node_modules\express\lib\router\layer.js:95:5)[39m
2026-08-31 17:12:08:128 [31merror[39m: [31mPOST /api/documents/templates - Error: Named replacement ":template_file" has no entry in the replacement map.[39m
[31mStack: Error: Named replacement ":template_file" has no entry in the replacement map.[39m
[31m    at injectReplacements (D:\nib_hr\backend\node_modules\sequelize\lib\utils\sql.js:131:15)[39m
[31m    at Sequelize.query (D:\nib_hr\backend\node_modules\sequelize\lib\sequelize.js:286:13)[39m
[31m    at DocumentService.createTemplate (D:\nib_hr\backend\services\core\document.service.js:144:20)[39m
[31m    at D:\nib_hr\backend\controllers\core\document.controller.js:35:42[39m
[31m    at D:\nib_hr\backend\utils\asyncHandler.js:4:21[39m
[31m    at Layer.handle [as handle_request] (D:\nib_hr\backend\node_modules\express\lib\router\layer.js:95:5)[39m
[31m    at next (D:\nib_hr\backend\node_modules\express\lib\router\route.js:149:13)[39m
[31m    at Route.dispatch (D:\nib_hr\backend\node_modules\express\lib\router\route.js:119:3)[39m
[31m    at Layer.handle [as handle_request] (D:\nib_hr\backend\node_modules\express\lib\router\layer.js:95:5)[39m
[31m    at D:\nib_hr\backend\node_modules\express\lib\router\index.js:284:15[39m
2026-08-31 17:16:13:1613 [31merror[39m: [31mPOST /api/documents/templates - Error: Named replacement ":template_file" has no entry in the replacement map.[39m
[31mStack: Error: Named replacement ":template_file" has no entry in the replacement map.[39m
[31m    at injectReplacements (D:\nib_hr\backend\node_modules\sequelize\lib\utils\sql.js:131:15)[39m
[31m    at Sequelize.query (D:\nib_hr\backend\node_modules\sequelize\lib\sequelize.js:286:13)[39m
[31m    at DocumentService.createTemplate (D:\nib_hr\backend\services\core\document.service.js:144:20)[39m
[31m    at D:\nib_hr\backend\controllers\core\document.controller.js:35:42[39m
[31m    at D:\nib_hr\backend\utils\asyncHandler.js:4:21[39m
[31m    at Layer.handle [as handle_request] (D:\nib_hr\backend\node_modules\express\lib\router\layer.js:95:5)[39m
[31m    at next (D:\nib_hr\backend\node_modules\express\lib\router\route.js:149:13)[39m
[31m    at Route.dispatch (D:\nib_hr\backend\node_modules\express\lib\router\route.js:119:3)[39m
[31m    at Layer.handle [as handle_request] (D:\nib_hr\backend\node_modules\express\lib\router\layer.js:95:5)[39m
[31m    at D:\nib_hr\backend\node_modules\express\lib\router\index.js:284:15[39m
2026-08-31 17:17:03:173 [31merror[39m: [31m[Multi-Tenant Seeder Error] Failed to seed tenant database: Unknown column 'designation_id' in 'SELECT'[39m
2026-08-31 17:17:11:1711 [31merror[39m: [31m[Multi-Tenant Seeder Error] Failed to seed tenant database: Unknown column 'designation_id' in 'SELECT'[39m
2026-08-31 17:21:03:213 [31merror[39m: [31mGET /api/table/documents - Error: Access restricted: Table 'documents' is not in the whitelist.[39m
[31mStack: Error: Access restricted: Table 'documents' is not in the whitelist.[39m
[31m    at validateTableName (D:\nib_hr\backend\controllers\core\table.controller.js:1441:11)[39m
[31m    at D:\nib_hr\backend\controllers\core\table.controller.js:1448:21[39m
[31m    at D:\nib_hr\backend\utils\asyncHandler.js:4:21[39m
[31m    at Layer.handle [as handle_request] (D:\nib_hr\backend\node_modules\express\lib\router\layer.js:95:5)[39m
[31m    at next (D:\nib_hr\backend\node_modules\express\lib\router\route.js:149:13)[39m
[31m    at D:\nib_hr\backend\middleware\audit.middleware.js:98:5[39m
[31m    at Layer.handle [as handle_request] (D:\nib_hr\backend\node_modules\express\lib\router\layer.js:95:5)[39m
[31m    at next (D:\nib_hr\backend\node_modules\express\lib\router\route.js:149:13)[39m
[31m    at Route.dispatch (D:\nib_hr\backend\node_modules\express\lib\router\route.js:119:3)[39m
[31m    at Layer.handle [as handle_request] (D:\nib_hr\backend\node_modules\express\lib\router\layer.js:95:5)[39m
2026-08-31 17:21:24:2124 [31merror[39m: [31mGET /api/table/documents - Error: Access restricted: Table 'documents' is not in the whitelist.[39m
[31mStack: Error: Access restricted: Table 'documents' is not in the whitelist.[39m
[31m    at validateTableName (D:\nib_hr\backend\controllers\core\table.controller.js:1441:11)[39m
[31m    at D:\nib_hr\backend\controllers\core\table.controller.js:1448:21[39m
[31m    at D:\nib_hr\backend\utils\asyncHandler.js:4:21[39m
[31m    at Layer.handle [as handle_request] (D:\nib_hr\backend\node_modules\express\lib\router\layer.js:95:5)[39m
[31m    at next (D:\nib_hr\backend\node_modules\express\lib\router\route.js:149:13)[39m
[31m    at D:\nib_hr\backend\middleware\audit.middleware.js:98:5[39m
[31m    at Layer.handle [as handle_request] (D:\nib_hr\backend\node_modules\express\lib\router\layer.js:95:5)[39m
[31m    at next (D:\nib_hr\backend\node_modules\express\lib\router\route.js:149:13)[39m
[31m    at Route.dispatch (D:\nib_hr\backend\node_modules\express\lib\router\route.js:119:3)[39m
[31m    at Layer.handle [as handle_request] (D:\nib_hr\backend\node_modules\express\lib\router\layer.js:95:5)[39m
2026-08-31 17:21:38:2138 [31merror[39m: [31mGET /api/table/documents - Error: Access restricted: Table 'documents' is not in the whitelist.[39m
[31mStack: Error: Access restricted: Table 'documents' is not in the whitelist.[39m
[31m    at validateTableName (D:\nib_hr\backend\controllers\core\table.controller.js:1441:11)[39m
[31m    at D:\nib_hr\backend\controllers\core\table.controller.js:1448:21[39m
[31m    at D:\nib_hr\backend\utils\asyncHandler.js:4:21[39m
[31m    at Layer.handle [as handle_request] (D:\nib_hr\backend\node_modules\express\lib\router\layer.js:95:5)[39m
[31m    at next (D:\nib_hr\backend\node_modules\express\lib\router\route.js:149:13)[39m
[31m    at D:\nib_hr\backend\middleware\audit.middleware.js:98:5[39m
[31m    at Layer.handle [as handle_request] (D:\nib_hr\backend\node_modules\express\lib\router\layer.js:95:5)[39m
[31m    at next (D:\nib_hr\backend\node_modules\express\lib\router\route.js:149:13)[39m
[31m    at Route.dispatch (D:\nib_hr\backend\node_modules\express\lib\router\route.js:119:3)[39m
[31m    at Layer.handle [as handle_request] (D:\nib_hr\backend\node_modules\express\lib\router\layer.js:95:5)[39m
2026-08-31 17:21:39:2139 [31merror[39m: [31mGET /api/table/documents - Error: Access restricted: Table 'documents' is not in the whitelist.[39m
[31mStack: Error: Access restricted: Table 'documents' is not in the whitelist.[39m
[31m    at validateTableName (D:\nib_hr\backend\controllers\core\table.controller.js:1441:11)[39m
[31m    at D:\nib_hr\backend\controllers\core\table.controller.js:1448:21[39m
[31m    at D:\nib_hr\backend\utils\asyncHandler.js:4:21[39m
[31m    at Layer.handle [as handle_request] (D:\nib_hr\backend\node_modules\express\lib\router\layer.js:95:5)[39m
[31m    at next (D:\nib_hr\backend\node_modules\express\lib\router\route.js:149:13)[39m
[31m    at D:\nib_hr\backend\middleware\audit.middleware.js:98:5[39m
[31m    at Layer.handle [as handle_request] (D:\nib_hr\backend\node_modules\express\lib\router\layer.js:95:5)[39m
[31m    at next (D:\nib_hr\backend\node_modules\express\lib\router\route.js:149:13)[39m
[31m    at Route.dispatch (D:\nib_hr\backend\node_modules\express\lib\router\route.js:119:3)[39m
[31m    at Layer.handle [as handle_request] (D:\nib_hr\backend\node_modules\express\lib\router\layer.js:95:5)[39m
2026-08-31 17:21:40:2140 [31merror[39m: [31mGET /api/table/documents - Error: Access restricted: Table 'documents' is not in the whitelist.[39m
[31mStack: Error: Access restricted: Table 'documents' is not in the whitelist.[39m
[31m    at validateTableName (D:\nib_hr\backend\controllers\core\table.controller.js:1441:11)[39m
[31m    at D:\nib_hr\backend\controllers\core\table.controller.js:1448:21[39m
[31m    at D:\nib_hr\backend\utils\asyncHandler.js:4:21[39m
[31m    at Layer.handle [as handle_request] (D:\nib_hr\backend\node_modules\express\lib\router\layer.js:95:5)[39m
[31m    at next (D:\nib_hr\backend\node_modules\express\lib\router\route.js:149:13)[39m
[31m    at D:\nib_hr\backend\middleware\audit.middleware.js:98:5[39m
[31m    at Layer.handle [as handle_request] (D:\nib_hr\backend\node_modules\express\lib\router\layer.js:95:5)[39m
[31m    at next (D:\nib_hr\backend\node_modules\express\lib\router\route.js:149:13)[39m
[31m    at Route.dispatch (D:\nib_hr\backend\node_modules\express\lib\router\route.js:119:3)[39m
[31m    at Layer.handle [as handle_request] (D:\nib_hr\backend\node_modules\express\lib\router\layer.js:95:5)[39m
2026-08-31 17:25:30:2530 [31merror[39m: [31mGET /api/table/documents - Error: Access restricted: Table 'documents' is not in the whitelist.[39m
[31mStack: Error: Access restricted: Table 'documents' is not in the whitelist.[39m
[31m    at validateTableName (D:\nib_hr\backend\controllers\core\table.controller.js:1441:11)[39m
[31m    at D:\nib_hr\backend\controllers\core\table.controller.js:1448:21[39m
[31m    at D:\nib_hr\backend\utils\asyncHandler.js:4:21[39m
[31m    at Layer.handle [as handle_request] (D:\nib_hr\backend\node_modules\express\lib\router\layer.js:95:5)[39m
[31m    at next (D:\nib_hr\backend\node_modules\express\lib\router\route.js:149:13)[39m
[31m    at D:\nib_hr\backend\middleware\audit.middleware.js:98:5[39m
[31m    at Layer.handle [as handle_request] (D:\nib_hr\backend\node_modules\express\lib\router\layer.js:95:5)[39m
[31m    at next (D:\nib_hr\backend\node_modules\express\lib\router\route.js:149:13)[39m
[31m    at Route.dispatch (D:\nib_hr\backend\node_modules\express\lib\router\route.js:119:3)[39m
[31m    at Layer.handle [as handle_request] (D:\nib_hr\backend\node_modules\express\lib\router\layer.js:95:5)[39m
2026-08-31 17:41:10:4110 [31merror[39m: [31mGET /api/table/documents - Error: Access restricted: Table 'documents' is not in the whitelist.[39m
[31mStack: Error: Access restricted: Table 'documents' is not in the whitelist.[39m
[31m    at validateTableName (D:\nib_hr\backend\controllers\core\table.controller.js:1441:11)[39m
[31m    at D:\nib_hr\backend\controllers\core\table.controller.js:1448:21[39m
[31m    at D:\nib_hr\backend\utils\asyncHandler.js:4:21[39m
[31m    at Layer.handle [as handle_request] (D:\nib_hr\backend\node_modules\express\lib\router\layer.js:95:5)[39m
[31m    at next (D:\nib_hr\backend\node_modules\express\lib\router\route.js:149:13)[39m
[31m    at D:\nib_hr\backend\middleware\audit.middleware.js:98:5[39m
[31m    at Layer.handle [as handle_request] (D:\nib_hr\backend\node_modules\express\lib\router\layer.js:95:5)[39m
[31m    at next (D:\nib_hr\backend\node_modules\express\lib\router\route.js:149:13)[39m
[31m    at Route.dispatch (D:\nib_hr\backend\node_modules\express\lib\router\route.js:119:3)[39m
[31m    at Layer.handle [as handle_request] (D:\nib_hr\backend\node_modules\express\lib\router\layer.js:95:5)[39m
2026-09-03 11:37:51:3751 [31merror[39m: [31m[Multi-Tenant Seeder Error] Failed to seed tenant database: Unknown column 'designation_id' in 'SELECT'[39m
2026-09-03 11:42:58:4258 [31merror[39m: [31mPOST /api/auth/login - Error: Invalid email or password.[39m
[31mStack: Error: Invalid email or password.[39m
[31m    at AuthService.login (D:\nib_hr\backend\services\auth.service.js:206:15)[39m
[31m    at async D:\nib_hr\backend\controllers\auth.controller.js:17:18[39m
2026-09-03 11:43:08:438 [31merror[39m: [31mPOST /api/auth/login - Error: Invalid email or password.[39m
[31mStack: Error: Invalid email or password.[39m
[31m    at AuthService.login (D:\nib_hr\backend\services\auth.service.js:206:15)[39m
[31m    at async D:\nib_hr\backend\controllers\auth.controller.js:17:18[39m
2026-09-03 11:56:11:5611 [31merror[39m: [31m[Multi-Tenant Seeder Error] Failed to seed tenant database: Unknown column 'designation_id' in 'SELECT'[39m
2026-09-03 11:56:37:5637 [31merror[39m: [31m[Multi-Tenant Seeder Error] Failed to seed tenant database: Unknown column 'designation_id' in 'SELECT'[39m
2026-09-03 12:46:56:4656 [31merror[39m: [31m[Multi-Tenant Seeder Error] Failed to seed tenant database: Unknown column 'designation_id' in 'SELECT'[39m
2026-09-03 12:55:04:554 [31merror[39m: [31m[Multi-Tenant Seeder Error] Failed to seed tenant database: Unknown column 'designation_id' in 'SELECT'[39m
2026-09-03 12:55:39:5539 [31merror[39m: [31m[Multi-Tenant Seeder Error] Failed to seed tenant database: Unknown column 'designation_id' in 'SELECT'[39m
2026-09-03 12:56:33:5633 [31merror[39m: [31mPOST /api/auth/login - Error: Invalid email or password.[39m
[31mStack: Error: Invalid email or password.[39m
[31m    at AuthService.login (D:\nib_hr\backend\services\auth.service.js:206:15)[39m
[31m    at async D:\nib_hr\backend\controllers\auth.controller.js:17:18[39m
2026-09-03 13:54:42:5442 [31merror[39m: [31mUnable to connect to or initialize the Master database:[39m
2026-09-11 13:38:45:3845 [31merror[39m: [31m[Multi-Tenant Seeder Error] Failed to seed tenant database: Unknown column 'company_id' in 'SELECT'[39m
2026-09-11 14:02:49:249 [31merror[39m: [31mGET /api/table/department - Error: Unauthorized access request. Token missing.[39m
[31mStack: Error: Unauthorized access request. Token missing.[39m
[31m    at C:\Users\admin\Downloads\nib_hr\backend\middleware\auth.middleware.js:11:11[39m
[31m    at C:\Users\admin\Downloads\nib_hr\backend\utils\asyncHandler.js:4:21[39m
[31m    at Layer.handle [as handle_request] (C:\Users\admin\Downloads\nib_hr\backend\node_modules\express\lib\router\layer.js:95:5)[39m
[31m    at trim_prefix (C:\Users\admin\Downloads\nib_hr\backend\node_modules\express\lib\router\index.js:328:13)[39m
[31m    at C:\Users\admin\Downloads\nib_hr\backend\node_modules\express\lib\router\index.js:286:9[39m
[31m    at router.process_params (C:\Users\admin\Downloads\nib_hr\backend\node_modules\express\lib\router\index.js:346:12)[39m
[31m    at next (C:\Users\admin\Downloads\nib_hr\backend\node_modules\express\lib\router\index.js:280:10)[39m
[31m    at router.handle (C:\Users\admin\Downloads\nib_hr\backend\node_modules\express\lib\router\index.js:175:3)[39m
[31m    at router (C:\Users\admin\Downloads\nib_hr\backend\node_modules\express\lib\router\index.js:47:12)[39m
[31m    at Layer.handle [as handle_request] (C:\Users\admin\Downloads\nib_hr\backend\node_modules\express\lib\router\layer.js:95:5)[39m
2026-09-11 14:43:30:4330 [31merror[39m: [31mGET /api/table/documents - Error: Access restricted: Table 'documents' is not in the whitelist.[39m
[31mStack: Error: Access restricted: Table 'documents' is not in the whitelist.[39m
[31m    at validateTableName (C:\Users\admin\Downloads\nib_hr\backend\controllers\core\table.controller.js:1467:11)[39m
[31m    at C:\Users\admin\Downloads\nib_hr\backend\controllers\core\table.controller.js:1474:21[39m
[31m    at C:\Users\admin\Downloads\nib_hr\backend\utils\asyncHandler.js:4:21[39m
[31m    at Layer.handle [as handle_request] (C:\Users\admin\Downloads\nib_hr\backend\node_modules\express\lib\router\layer.js:95:5)[39m
[31m    at next (C:\Users\admin\Downloads\nib_hr\backend\node_modules\express\lib\router\route.js:149:13)[39m
[31m    at C:\Users\admin\Downloads\nib_hr\backend\middleware\audit.middleware.js:98:5[39m
[31m    at Layer.handle [as handle_request] (C:\Users\admin\Downloads\nib_hr\backend\node_modules\express\lib\router\layer.js:95:5)[39m
[31m    at next (C:\Users\admin\Downloads\nib_hr\backend\node_modules\express\lib\router\route.js:149:13)[39m
[31m    at Route.dispatch (C:\Users\admin\Downloads\nib_hr\backend\node_modules\express\lib\router\route.js:119:3)[39m
[31m    at Layer.handle [as handle_request] (C:\Users\admin\Downloads\nib_hr\backend\node_modules\express\lib\router\layer.js:95:5)[39m
2026-09-11 14:43:31:4331 [31merror[39m: [31mGET /api/table/exit_requests - Error: Access restricted: Table 'exit_requests' is not in the whitelist.[39m
[31mStack: Error: Access restricted: Table 'exit_requests' is not in the whitelist.[39m
[31m    at validateTableName (C:\Users\admin\Downloads\nib_hr\backend\controllers\core\table.controller.js:1467:11)[39m
[31m    at C:\Users\admin\Downloads\nib_hr\backend\controllers\core\table.controller.js:1474:21[39m
[31m    at C:\Users\admin\Downloads\nib_hr\backend\utils\asyncHandler.js:4:21[39m
[31m    at Layer.handle [as handle_request] (C:\Users\admin\Downloads\nib_hr\backend\node_modules\express\lib\router\layer.js:95:5)[39m
[31m    at next (C:\Users\admin\Downloads\nib_hr\backend\node_modules\express\lib\router\route.js:149:13)[39m
[31m    at C:\Users\admin\Downloads\nib_hr\backend\middleware\audit.middleware.js:98:5[39m
[31m    at Layer.handle [as handle_request] (C:\Users\admin\Downloads\nib_hr\backend\node_modules\express\lib\router\layer.js:95:5)[39m
[31m    at next (C:\Users\admin\Downloads\nib_hr\backend\node_modules\express\lib\router\route.js:149:13)[39m
[31m    at Route.dispatch (C:\Users\admin\Downloads\nib_hr\backend\node_modules\express\lib\router\route.js:119:3)[39m
[31m    at Layer.handle [as handle_request] (C:\Users\admin\Downloads\nib_hr\backend\node_modules\express\lib\router\layer.js:95:5)[39m
2026-09-11 14:43:31:4331 [31merror[39m: [31mGET /api/table/notice_periods - Error: Access restricted: Table 'notice_periods' is not in the whitelist.[39m
[31mStack: Error: Access restricted: Table 'notice_periods' is not in the whitelist.[39m
[31m    at validateTableName (C:\Users\admin\Downloads\nib_hr\backend\controllers\core\table.controller.js:1467:11)[39m
[31m    at C:\Users\admin\Downloads\nib_hr\backend\controllers\core\table.controller.js:1474:21[39m
[31m    at C:\Users\admin\Downloads\nib_hr\backend\utils\asyncHandler.js:4:21[39m
[31m    at Layer.handle [as handle_request] (C:\Users\admin\Downloads\nib_hr\backend\node_modules\express\lib\router\layer.js:95:5)[39m
[31m    at next (C:\Users\admin\Downloads\nib_hr\backend\node_modules\express\lib\router\route.js:149:13)[39m
[31m    at C:\Users\admin\Downloads\nib_hr\backend\middleware\audit.middleware.js:98:5[39m
[31m    at Layer.handle [as handle_request] (C:\Users\admin\Downloads\nib_hr\backend\node_modules\express\lib\router\layer.js:95:5)[39m
[31m    at next (C:\Users\admin\Downloads\nib_hr\backend\node_modules\express\lib\router\route.js:149:13)[39m
[31m    at Route.dispatch (C:\Users\admin\Downloads\nib_hr\backend\node_modules\express\lib\router\route.js:119:3)[39m
[31m    at Layer.handle [as handle_request] (C:\Users\admin\Downloads\nib_hr\backend\node_modules\express\lib\router\layer.js:95:5)[39m
2026-09-11 14:43:31:4331 [31merror[39m: [31mGET /api/table/exit_clearances - Error: Access restricted: Table 'exit_clearances' is not in the whitelist.[39m
[31mStack: Error: Access restricted: Table 'exit_clearances' is not in the whitelist.[39m
[31m    at validateTableName (C:\Users\admin\Downloads\nib_hr\backend\controllers\core\table.controller.js:1467:11)[39m
[31m    at C:\Users\admin\Downloads\nib_hr\backend\controllers\core\table.controller.js:1474:21[39m
[31m    at C:\Users\admin\Downloads\nib_hr\backend\utils\asyncHandler.js:4:21[39m
[31m    at Layer.handle [as handle_request] (C:\Users\admin\Downloads\nib_hr\backend\node_modules\express\lib\router\layer.js:95:5)[39m
[31m    at next (C:\Users\admin\Downloads\nib_hr\backend\node_modules\express\lib\router\route.js:149:13)[39m
[31m    at C:\Users\admin\Downloads\nib_hr\backend\middleware\audit.middleware.js:98:5[39m
[31m    at Layer.handle [as handle_request] (C:\Users\admin\Downloads\nib_hr\backend\node_modules\express\lib\router\layer.js:95:5)[39m
[31m    at next (C:\Users\admin\Downloads\nib_hr\backend\node_modules\express\lib\router\route.js:149:13)[39m
[31m    at Route.dispatch (C:\Users\admin\Downloads\nib_hr\backend\node_modules\express\lib\router\route.js:119:3)[39m
[31m    at Layer.handle [as handle_request] (C:\Users\admin\Downloads\nib_hr\backend\node_modules\express\lib\router\layer.js:95:5)[39m
2026-09-11 14:43:31:4331 [31merror[39m: [31mGET /api/table/asset_returns - Error: Access restricted: Table 'asset_returns' is not in the whitelist.[39m
[31mStack: Error: Access restricted: Table 'asset_returns' is not in the whitelist.[39m
[31m    at validateTableName (C:\Users\admin\Downloads\nib_hr\backend\controllers\core\table.controller.js:1467:11)[39m
[31m    at C:\Users\admin\Downloads\nib_hr\backend\controllers\core\table.controller.js:1474:21[39m
[31m    at C:\Users\admin\Downloads\nib_hr\backend\utils\asyncHandler.js:4:21[39m
[31m    at Layer.handle [as handle_request] (C:\Users\admin\Downloads\nib_hr\backend\node_modules\express\lib\router\layer.js:95:5)[39m
[31m    at next (C:\Users\admin\Downloads\nib_hr\backend\node_modules\express\lib\router\route.js:149:13)[39m
[31m    at C:\Users\admin\Downloads\nib_hr\backend\middleware\audit.middleware.js:98:5[39m
[31m    at Layer.handle [as handle_request] (C:\Users\admin\Downloads\nib_hr\backend\node_modules\express\lib\router\layer.js:95:5)[39m
[31m    at next (C:\Users\admin\Downloads\nib_hr\backend\node_modules\express\lib\router\route.js:149:13)[39m
[31m    at Route.dispatch (C:\Users\admin\Downloads\nib_hr\backend\node_modules\express\lib\router\route.js:119:3)[39m
[31m    at Layer.handle [as handle_request] (C:\Users\admin\Downloads\nib_hr\backend\node_modules\express\lib\router\layer.js:95:5)[39m
2026-09-11 14:43:31:4331 [31merror[39m: [31mGET /api/table/no_dues - Error: Access restricted: Table 'no_dues' is not in the whitelist.[39m
[31mStack: Error: Access restricted: Table 'no_dues' is not in the whitelist.[39m
[31m    at validateTableName (C:\Users\admin\Downloads\nib_hr\backend\controllers\core\table.controller.js:1467:11)[39m
[31m    at C:\Users\admin\Downloads\nib_hr\backend\controllers\core\table.controller.js:1474:21[39m
[31m    at C:\Users\admin\Downloads\nib_hr\backend\utils\asyncHandler.js:4:21[39m
[31m    at Layer.handle [as handle_request] (C:\Users\admin\Downloads\nib_hr\backend\node_modules\express\lib\router\layer.js:95:5)[39m
[31m    at next (C:\Users\admin\Downloads\nib_hr\backend\node_modules\express\lib\router\route.js:149:13)[39m
[31m    at C:\Users\admin\Downloads\nib_hr\backend\middleware\audit.middleware.js:98:5[39m
[31m    at Layer.handle [as handle_request] (C:\Users\admin\Downloads\nib_hr\backend\node_modules\express\lib\router\layer.js:95:5)[39m
[31m    at next (C:\Users\admin\Downloads\nib_hr\backend\node_modules\express\lib\router\route.js:149:13)[39m
[31m    at Route.dispatch (C:\Users\admin\Downloads\nib_hr\backend\node_modules\express\lib\router\route.js:119:3)[39m
[31m    at Layer.handle [as handle_request] (C:\Users\admin\Downloads\nib_hr\backend\node_modules\express\lib\router\layer.js:95:5)[39m
2026-09-11 14:43:31:4331 [31merror[39m: [31mGET /api/table/fnf_settlements - Error: Access restricted: Table 'fnf_settlements' is not in the whitelist.[39m
[31mStack: Error: Access restricted: Table 'fnf_settlements' is not in the whitelist.[39m
[31m    at validateTableName (C:\Users\admin\Downloads\nib_hr\backend\controllers\core\table.controller.js:1467:11)[39m
[31m    at C:\Users\admin\Downloads\nib_hr\backend\controllers\core\table.controller.js:1474:21[39m
[31m    at C:\Users\admin\Downloads\nib_hr\backend\utils\asyncHandler.js:4:21[39m
[31m    at Layer.handle [as handle_request] (C:\Users\admin\Downloads\nib_hr\backend\node_modules\express\lib\router\layer.js:95:5)[39m
[31m    at next (C:\Users\admin\Downloads\nib_hr\backend\node_modules\express\lib\router\route.js:149:13)[39m
[31m    at C:\Users\admin\Downloads\nib_hr\backend\middleware\audit.middleware.js:98:5[39m
[31m    at Layer.handle [as handle_request] (C:\Users\admin\Downloads\nib_hr\backend\node_modules\express\lib\router\layer.js:95:5)[39m
[31m    at next (C:\Users\admin\Downloads\nib_hr\backend\node_modules\express\lib\router\route.js:149:13)[39m
[31m    at Route.dispatch (C:\Users\admin\Downloads\nib_hr\backend\node_modules\express\lib\router\route.js:119:3)[39m
[31m    at Layer.handle [as handle_request] (C:\Users\admin\Downloads\nib_hr\backend\node_modules\express\lib\router\layer.js:95:5)[39m
2026-09-11 14:43:31:4331 [31merror[39m: [31mGET /api/table/exit_interviews - Error: Access restricted: Table 'exit_interviews' is not in the whitelist.[39m
[31mStack: Error: Access restricted: Table 'exit_interviews' is not in the whitelist.[39m
[31m    at validateTableName (C:\Users\admin\Downloads\nib_hr\backend\controllers\core\table.controller.js:1467:11)[39m
[31m    at C:\Users\admin\Downloads\nib_hr\backend\controllers\core\table.controller.js:1474:21[39m
[31m    at C:\Users\admin\Downloads\nib_hr\backend\utils\asyncHandler.js:4:21[39m
[31m    at Layer.handle [as handle_request] (C:\Users\admin\Downloads\nib_hr\backend\node_modules\express\lib\router\layer.js:95:5)[39m
[31m    at next (C:\Users\admin\Downloads\nib_hr\backend\node_modules\express\lib\router\route.js:149:13)[39m
[31m    at C:\Users\admin\Downloads\nib_hr\backend\middleware\audit.middleware.js:98:5[39m
[31m    at Layer.handle [as handle_request] (C:\Users\admin\Downloads\nib_hr\backend\node_modules\express\lib\router\layer.js:95:5)[39m
[31m    at next (C:\Users\admin\Downloads\nib_hr\backend\node_modules\express\lib\router\route.js:149:13)[39m
[31m    at Route.dispatch (C:\Users\admin\Downloads\nib_hr\backend\node_modules\express\lib\router\route.js:119:3)[39m
[31m    at Layer.handle [as handle_request] (C:\Users\admin\Downloads\nib_hr\backend\node_modules\express\lib\router\layer.js:95:5)[39m
2026-09-11 14:43:31:4331 [31merror[39m: [31mGET /api/table/experience_letters - Error: Access restricted: Table 'experience_letters' is not in the whitelist.[39m
[31mStack: Error: Access restricted: Table 'experience_letters' is not in the whitelist.[39m
[31m    at validateTableName (C:\Users\admin\Downloads\nib_hr\backend\controllers\core\table.controller.js:1467:11)[39m
[31m    at C:\Users\admin\Downloads\nib_hr\backend\controllers\core\table.controller.js:1474:21[39m
[31m    at C:\Users\admin\Downloads\nib_hr\backend\utils\asyncHandler.js:4:21[39m
[31m    at Layer.handle [as handle_request] (C:\Users\admin\Downloads\nib_hr\backend\node_modules\express\lib\router\layer.js:95:5)[39m
[31m    at next (C:\Users\admin\Downloads\nib_hr\backend\node_modules\express\lib\router\route.js:149:13)[39m
[31m    at C:\Users\admin\Downloads\nib_hr\backend\middleware\audit.middleware.js:98:5[39m
[31m    at Layer.handle [as handle_request] (C:\Users\admin\Downloads\nib_hr\backend\node_modules\express\lib\router\layer.js:95:5)[39m
[31m    at next (C:\Users\admin\Downloads\nib_hr\backend\node_modules\express\lib\router\route.js:149:13)[39m
[31m    at Route.dispatch (C:\Users\admin\Downloads\nib_hr\backend\node_modules\express\lib\router\route.js:119:3)[39m
[31m    at Layer.handle [as handle_request] (C:\Users\admin\Downloads\nib_hr\backend\node_modules\express\lib\router\layer.js:95:5)[39m
2026-09-11 14:43:31:4331 [31merror[39m: [31mGET /api/table/documents - Error: Access restricted: Table 'documents' is not in the whitelist.[39m
[31mStack: Error: Access restricted: Table 'documents' is not in the whitelist.[39m
[31m    at validateTableName (C:\Users\admin\Downloads\nib_hr\backend\controllers\core\table.controller.js:1467:11)[39m
[31m    at C:\Users\admin\Downloads\nib_hr\backend\controllers\core\table.controller.js:1474:21[39m
[31m    at C:\Users\admin\Downloads\nib_hr\backend\utils\asyncHandler.js:4:21[39m
[31m    at Layer.handle [as handle_request] (C:\Users\admin\Downloads\nib_hr\backend\node_modules\express\lib\router\layer.js:95:5)[39m
[31m    at next (C:\Users\admin\Downloads\nib_hr\backend\node_modules\express\lib\router\route.js:149:13)[39m
[31m    at C:\Users\admin\Downloads\nib_hr\backend\middleware\audit.middleware.js:98:5[39m
[31m    at Layer.handle [as handle_request] (C:\Users\admin\Downloads\nib_hr\backend\node_modules\express\lib\router\layer.js:95:5)[39m
[31m    at next (C:\Users\admin\Downloads\nib_hr\backend\node_modules\express\lib\router\route.js:149:13)[39m
[31m    at Route.dispatch (C:\Users\admin\Downloads\nib_hr\backend\node_modules\express\lib\router\route.js:119:3)[39m
[31m    at Layer.handle [as handle_request] (C:\Users\admin\Downloads\nib_hr\backend\node_modules\express\lib\router\layer.js:95:5)[39m
2026-09-11 14:43:31:4331 [31merror[39m: [31mGET /api/table/exit_requests - Error: Access restricted: Table 'exit_requests' is not in the whitelist.[39m
[31mStack: Error: Access restricted: Table 'exit_requests' is not in the whitelist.[39m
[31m    at validateTableName (C:\Users\admin\Downloads\nib_hr\backend\controllers\core\table.controller.js:1467:11)[39m
[31m    at C:\Users\admin\Downloads\nib_hr\backend\controllers\core\table.controller.js:1474:21[39m
[31m    at C:\Users\admin\Downloads\nib_hr\backend\utils\asyncHandler.js:4:21[39m
[31m    at Layer.handle [as handle_request] (C:\Users\admin\Downloads\nib_hr\backend\node_modules\express\lib\router\layer.js:95:5)[39m
[31m    at next (C:\Users\admin\Downloads\nib_hr\backend\node_modules\express\lib\router\route.js:149:13)[39m
[31m    at C:\Users\admin\Downloads\nib_hr\backend\middleware\audit.middleware.js:98:5[39m
[31m    at Layer.handle [as handle_request] (C:\Users\admin\Downloads\nib_hr\backend\node_modules\express\lib\router\layer.js:95:5)[39m
[31m    at next (C:\Users\admin\Downloads\nib_hr\backend\node_modules\express\lib\router\route.js:149:13)[39m
[31m    at Route.dispatch (C:\Users\admin\Downloads\nib_hr\backend\node_modules\express\lib\router\route.js:119:3)[39m
[31m    at Layer.handle [as handle_request] (C:\Users\admin\Downloads\nib_hr\backend\node_modules\express\lib\router\layer.js:95:5)[39m
2026-09-11 14:43:31:4331 [31merror[39m: [31mGET /api/table/exit_clearances - Error: Access restricted: Table 'exit_clearances' is not in the whitelist.[39m
[31mStack: Error: Access restricted: Table 'exit_clearances' is not in the whitelist.[39m
[31m    at validateTableName (C:\Users\admin\Downloads\nib_hr\backend\controllers\core\table.controller.js:1467:11)[39m
[31m    at C:\Users\admin\Downloads\nib_hr\backend\controllers\core\table.controller.js:1474:21[39m
[31m    at C:\Users\admin\Downloads\nib_hr\backend\utils\asyncHandler.js:4:21[39m
[31m    at Layer.handle [as handle_request] (C:\Users\admin\Downloads\nib_hr\backend\node_modules\express\lib\router\layer.js:95:5)[39m
[31m    at next (C:\Users\admin\Downloads\nib_hr\backend\node_modules\express\lib\router\route.js:149:13)[39m
[31m    at C:\Users\admin\Downloads\nib_hr\backend\middleware\audit.middleware.js:98:5[39m
[31m    at Layer.handle [as handle_request] (C:\Users\admin\Downloads\nib_hr\backend\node_modules\express\lib\router\layer.js:95:5)[39m
[31m    at next (C:\Users\admin\Downloads\nib_hr\backend\node_modules\express\lib\router\route.js:149:13)[39m
[31m    at Route.dispatch (C:\Users\admin\Downloads\nib_hr\backend\node_modules\express\lib\router\route.js:119:3)[39m
[31m    at Layer.handle [as handle_request] (C:\Users\admin\Downloads\nib_hr\backend\node_modules\express\lib\router\layer.js:95:5)[39m
2026-09-11 14:43:31:4331 [31merror[39m: [31mGET /api/table/asset_returns - Error: Access restricted: Table 'asset_returns' is not in the whitelist.[39m
[31mStack: Error: Access restricted: Table 'asset_returns' is not in the whitelist.[39m
[31m    at validateTableName (C:\Users\admin\Downloads\nib_hr\backend\controllers\core\table.controller.js:1467:11)[39m
[31m    at C:\Users\admin\Downloads\nib_hr\backend\controllers\core\table.controller.js:1474:21[39m
[31m    at C:\Users\admin\Downloads\nib_hr\backend\utils\asyncHandler.js:4:21[39m
[31m    at Layer.handle [as handle_request] (C:\Users\admin\Downloads\nib_hr\backend\node_modules\express\lib\router\layer.js:95:5)[39m
[31m    at next (C:\Users\admin\Downloads\nib_hr\backend\node_modules\express\lib\router\route.js:149:13)[39m
[31m    at C:\Users\admin\Downloads\nib_hr\backend\middleware\audit.middleware.js:98:5[39m
[31m    at Layer.handle [as handle_request] (C:\Users\admin\Downloads\nib_hr\backend\node_modules\express\lib\router\layer.js:95:5)[39m
[31m    at next (C:\Users\admin\Downloads\nib_hr\backend\node_modules\express\lib\router\route.js:149:13)[39m
[31m    at Route.dispatch (C:\Users\admin\Downloads\nib_hr\backend\node_modules\express\lib\router\route.js:119:3)[39m
[31m    at Layer.handle [as handle_request] (C:\Users\admin\Downloads\nib_hr\backend\node_modules\express\lib\router\layer.js:95:5)[39m
2026-09-11 14:43:31:4331 [31merror[39m: [31mGET /api/table/no_dues - Error: Access restricted: Table 'no_dues' is not in the whitelist.[39m
[31mStack: Error: Access restricted: Table 'no_dues' is not in the whitelist.[39m
[31m    at validateTableName (C:\Users\admin\Downloads\nib_hr\backend\controllers\core\table.controller.js:1467:11)[39m
[31m    at C:\Users\admin\Downloads\nib_hr\backend\controllers\core\table.controller.js:1474:21[39m
[31m    at C:\Users\admin\Downloads\nib_hr\backend\utils\asyncHandler.js:4:21[39m
[31m    at Layer.handle [as handle_request] (C:\Users\admin\Downloads\nib_hr\backend\node_modules\express\lib\router\layer.js:95:5)[39m
[31m    at next (C:\Users\admin\Downloads\nib_hr\backend\node_modules\express\lib\router\route.js:149:13)[39m
[31m    at C:\Users\admin\Downloads\nib_hr\backend\middleware\audit.middleware.js:98:5[39m
[31m    at Layer.handle [as handle_request] (C:\Users\admin\Downloads\nib_hr\backend\node_modules\express\lib\router\layer.js:95:5)[39m
[31m    at next (C:\Users\admin\Downloads\nib_hr\backend\node_modules\express\lib\router\route.js:149:13)[39m
[31m    at Route.dispatch (C:\Users\admin\Downloads\nib_hr\backend\node_modules\express\lib\router\route.js:119:3)[39m
[31m    at Layer.handle [as handle_request] (C:\Users\admin\Downloads\nib_hr\backend\node_modules\express\lib\router\layer.js:95:5)[39m
2026-09-11 14:43:31:4331 [31merror[39m: [31mGET /api/table/notice_periods - Error: Access restricted: Table 'notice_periods' is not in the whitelist.[39m
[31mStack: Error: Access restricted: Table 'notice_periods' is not in the whitelist.[39m
[31m    at validateTableName (C:\Users\admin\Downloads\nib_hr\backend\controllers\core\table.controller.js:1467:11)[39m
[31m    at C:\Users\admin\Downloads\nib_hr\backend\controllers\core\table.controller.js:1474:21[39m
[31m    at C:\Users\admin\Downloads\nib_hr\backend\utils\asyncHandler.js:4:21[39m
[31m    at Layer.handle [as handle_request] (C:\Users\admin\Downloads\nib_hr\backend\node_modules\express\lib\router\layer.js:95:5)[39m
[31m    at next (C:\Users\admin\Downloads\nib_hr\backend\node_modules\express\lib\router\route.js:149:13)[39m
[31m    at C:\Users\admin\Downloads\nib_hr\backend\middleware\audit.middleware.js:98:5[39m
[31m    at Layer.handle [as handle_request] (C:\Users\admin\Downloads\nib_hr\backend\node_modules\express\lib\router\layer.js:95:5)[39m
[31m    at next (C:\Users\admin\Downloads\nib_hr\backend\node_modules\express\lib\router\route.js:149:13)[39m
[31m    at Route.dispatch (C:\Users\admin\Downloads\nib_hr\backend\node_modules\express\lib\router\route.js:119:3)[39m
[31m    at Layer.handle [as handle_request] (C:\Users\admin\Downloads\nib_hr\backend\node_modules\express\lib\router\layer.js:95:5)[39m
2026-09-11 14:43:31:4331 [31merror[39m: [31mGET /api/table/fnf_settlements - Error: Access restricted: Table 'fnf_settlements' is not in the whitelist.[39m
[31mStack: Error: Access restricted: Table 'fnf_settlements' is not in the whitelist.[39m
[31m    at validateTableName (C:\Users\admin\Downloads\nib_hr\backend\controllers\core\table.controller.js:1467:11)[39m
[31m    at C:\Users\admin\Downloads\nib_hr\backend\controllers\core\table.controller.js:1474:21[39m
[31m    at C:\Users\admin\Downloads\nib_hr\backend\utils\asyncHandler.js:4:21[39m
[31m    at Layer.handle [as handle_request] (C:\Users\admin\Downloads\nib_hr\backend\node_modules\express\lib\router\layer.js:95:5)[39m
[31m    at next (C:\Users\admin\Downloads\nib_hr\backend\node_modules\express\lib\router\route.js:149:13)[39m
[31m    at C:\Users\admin\Downloads\nib_hr\backend\middleware\audit.middleware.js:98:5[39m
[31m    at Layer.handle [as handle_request] (C:\Users\admin\Downloads\nib_hr\backend\node_modules\express\lib\router\layer.js:95:5)[39m
[31m    at next (C:\Users\admin\Downloads\nib_hr\backend\node_modules\express\lib\router\route.js:149:13)[39m
[31m    at Route.dispatch (C:\Users\admin\Downloads\nib_hr\backend\node_modules\express\lib\router\route.js:119:3)[39m
[31m    at Layer.handle [as handle_request] (C:\Users\admin\Downloads\nib_hr\backend\node_modules\express\lib\router\layer.js:95:5)[39m
2026-09-11 14:43:31:4331 [31merror[39m: [31mGET /api/table/exit_interviews - Error: Access restricted: Table 'exit_interviews' is not in the whitelist.[39m
[31mStack: Error: Access restricted: Table 'exit_interviews' is not in the whitelist.[39m
[31m    at validateTableName (C:\Users\admin\Downloads\nib_hr\backend\controllers\core\table.controller.js:1467:11)[39m
[31m    at C:\Users\admin\Downloads\nib_hr\backend\controllers\core\table.controller.js:1474:21[39m
[31m    at C:\Users\admin\Downloads\nib_hr\backend\utils\asyncHandler.js:4:21[39m
[31m    at Layer.handle [as handle_request] (C:\Users\admin\Downloads\nib_hr\backend\node_modules\express\lib\router\layer.js:95:5)[39m
[31m    at next (C:\Users\admin\Downloads\nib_hr\backend\node_modules\express\lib\router\route.js:149:13)[39m
[31m    at C:\Users\admin\Downloads\nib_hr\backend\middleware\audit.middleware.js:98:5[39m
[31m    at Layer.handle [as handle_request] (C:\Users\admin\Downloads\nib_hr\backend\node_modules\express\lib\router\layer.js:95:5)[39m
[31m    at next (C:\Users\admin\Downloads\nib_hr\backend\node_modules\express\lib\router\route.js:149:13)[39m
[31m    at Route.dispatch (C:\Users\admin\Downloads\nib_hr\backend\node_modules\express\lib\router\route.js:119:3)[39m
[31m    at Layer.handle [as handle_request] (C:\Users\admin\Downloads\nib_hr\backend\node_modules\express\lib\router\layer.js:95:5)[39m
2026-09-11 14:43:31:4331 [31merror[39m: [31mGET /api/table/experience_letters - Error: Access restricted: Table 'experience_letters' is not in the whitelist.[39m
[31mStack: Error: Access restricted: Table 'experience_letters' is not in the whitelist.[39m
[31m    at validateTableName (C:\Users\admin\Downloads\nib_hr\backend\controllers\core\table.controller.js:1467:11)[39m
[31m    at C:\Users\admin\Downloads\nib_hr\backend\controllers\core\table.controller.js:1474:21[39m
[31m    at C:\Users\admin\Downloads\nib_hr\backend\utils\asyncHandler.js:4:21[39m
[31m    at Layer.handle [as handle_request] (C:\Users\admin\Downloads\nib_hr\backend\node_modules\express\lib\router\layer.js:95:5)[39m
[31m    at next (C:\Users\admin\Downloads\nib_hr\backend\node_modules\express\lib\router\route.js:149:13)[39m
[31m    at C:\Users\admin\Downloads\nib_hr\backend\middleware\audit.middleware.js:98:5[39m
[31m    at Layer.handle [as handle_request] (C:\Users\admin\Downloads\nib_hr\backend\node_modules\express\lib\router\layer.js:95:5)[39m
[31m    at next (C:\Users\admin\Downloads\nib_hr\backend\node_modules\express\lib\router\route.js:149:13)[39m
[31m    at Route.dispatch (C:\Users\admin\Downloads\nib_hr\backend\node_modules\express\lib\router\route.js:119:3)[39m
[31m    at Layer.handle [as handle_request] (C:\Users\admin\Downloads\nib_hr\backend\node_modules\express\lib\router\layer.js:95:5)[39m
2026-09-11 14:43:32:4332 [31merror[39m: [31mGET /api/table/exit_requests - Error: Access restricted: Table 'exit_requests' is not in the whitelist.[39m
[31mStack: Error: Access restricted: Table 'exit_requests' is not in the whitelist.[39m
[31m    at validateTableName (C:\Users\admin\Downloads\nib_hr\backend\controllers\core\table.controller.js:1467:11)[39m
[31m    at C:\Users\admin\Downloads\nib_hr\backend\controllers\core\table.controller.js:1474:21[39m
[31m    at C:\Users\admin\Downloads\nib_hr\backend\utils\asyncHandler.js:4:21[39m
[31m    at Layer.handle [as handle_request] (C:\Users\admin\Downloads\nib_hr\backend\node_modules\express\lib\router\layer.js:95:5)[39m
[31m    at next (C:\Users\admin\Downloads\nib_hr\backend\node_modules\express\lib\router\route.js:149:13)[39m
[31m    at C:\Users\admin\Downloads\nib_hr\backend\middleware\audit.middleware.js:98:5[39m
[31m    at Layer.handle [as handle_request] (C:\Users\admin\Downloads\nib_hr\backend\node_modules\express\lib\router\layer.js:95:5)[39m
[31m    at next (C:\Users\admin\Downloads\nib_hr\backend\node_modules\express\lib\router\route.js:149:13)[39m
[31m    at Route.dispatch (C:\Users\admin\Downloads\nib_hr\backend\node_modules\express\lib\router\route.js:119:3)[39m
[31m    at Layer.handle [as handle_request] (C:\Users\admin\Downloads\nib_hr\backend\node_modules\express\lib\router\layer.js:95:5)[39m
2026-09-11 14:43:32:4332 [31merror[39m: [31mGET /api/table/exit_requests - Error: Access restricted: Table 'exit_requests' is not in the whitelist.[39m
[31mStack: Error: Access restricted: Table 'exit_requests' is not in the whitelist.[39m
[31m    at validateTableName (C:\Users\admin\Downloads\nib_hr\backend\controllers\core\table.controller.js:1467:11)[39m
[31m    at C:\Users\admin\Downloads\nib_hr\backend\controllers\core\table.controller.js:1474:21[39m
[31m    at C:\Users\admin\Downloads\nib_hr\backend\utils\asyncHandler.js:4:21[39m
[31m    at Layer.handle [as handle_request] (C:\Users\admin\Downloads\nib_hr\backend\node_modules\express\lib\router\layer.js:95:5)[39m
[31m    at next (C:\Users\admin\Downloads\nib_hr\backend\node_modules\express\lib\router\route.js:149:13)[39m
[31m    at C:\Users\admin\Downloads\nib_hr\backend\middleware\audit.middleware.js:98:5[39m
[31m    at Layer.handle [as handle_request] (C:\Users\admin\Downloads\nib_hr\backend\node_modules\express\lib\router\layer.js:95:5)[39m
[31m    at next (C:\Users\admin\Downloads\nib_hr\backend\node_modules\express\lib\router\route.js:149:13)[39m
[31m    at Route.dispatch (C:\Users\admin\Downloads\nib_hr\backend\node_modules\express\lib\router\route.js:119:3)[39m
[31m    at Layer.handle [as handle_request] (C:\Users\admin\Downloads\nib_hr\backend\node_modules\express\lib\router\layer.js:95:5)[39m
2026-09-11 14:43:32:4332 [31merror[39m: [31mGET /api/table/exit_requests - Error: Access restricted: Table 'exit_requests' is not in the whitelist.[39m
[31mStack: Error: Access restricted: Table 'exit_requests' is not in the whitelist.[39m
[31m    at validateTableName (C:\Users\admin\Downloads\nib_hr\backend\controllers\core\table.controller.js:1467:11)[39m
[31m    at C:\Users\admin\Downloads\nib_hr\backend\controllers\core\table.controller.js:1474:21[39m
[31m    at C:\Users\admin\Downloads\nib_hr\backend\utils\asyncHandler.js:4:21[39m
[31m    at Layer.handle [as handle_request] (C:\Users\admin\Downloads\nib_hr\backend\node_modules\express\lib\router\layer.js:95:5)[39m
[31m    at next (C:\Users\admin\Downloads\nib_hr\backend\node_modules\express\lib\router\route.js:149:13)[39m
[31m    at C:\Users\admin\Downloads\nib_hr\backend\middleware\audit.middleware.js:98:5[39m
[31m    at Layer.handle [as handle_request] (C:\Users\admin\Downloads\nib_hr\backend\node_modules\express\lib\router\layer.js:95:5)[39m
[31m    at next (C:\Users\admin\Downloads\nib_hr\backend\node_modules\express\lib\router\route.js:149:13)[39m
[31m    at Route.dispatch (C:\Users\admin\Downloads\nib_hr\backend\node_modules\express\lib\router\route.js:119:3)[39m
[31m    at Layer.handle [as handle_request] (C:\Users\admin\Downloads\nib_hr\backend\node_modules\express\lib\router\layer.js:95:5)[39m
2026-09-11 14:43:32:4332 [31merror[39m: [31mGET /api/table/exit_requests - Error: Access restricted: Table 'exit_requests' is not in the whitelist.[39m
[31mStack: Error: Access restricted: Table 'exit_requests' is not in the whitelist.[39m
[31m    at validateTableName (C:\Users\admin\Downloads\nib_hr\backend\controllers\core\table.controller.js:1467:11)[39m
[31m    at C:\Users\admin\Downloads\nib_hr\backend\controllers\core\table.controller.js:1474:21[39m
[31m    at C:\Users\admin\Downloads\nib_hr\backend\utils\asyncHandler.js:4:21[39m
[31m    at Layer.handle [as handle_request] (C:\Users\admin\Downloads\nib_hr\backend\node_modules\express\lib\router\layer.js:95:5)[39m
[31m    at next (C:\Users\admin\Downloads\nib_hr\backend\node_modules\express\lib\router\route.js:149:13)[39m
[31m    at C:\Users\admin\Downloads\nib_hr\backend\middleware\audit.middleware.js:98:5[39m
[31m    at Layer.handle [as handle_request] (C:\Users\admin\Downloads\nib_hr\backend\node_modules\express\lib\router\layer.js:95:5)[39m
[31m    at next (C:\Users\admin\Downloads\nib_hr\backend\node_modules\express\lib\router\route.js:149:13)[39m
[31m    at Route.dispatch (C:\Users\admin\Downloads\nib_hr\backend\node_modules\express\lib\router\route.js:119:3)[39m
[31m    at Layer.handle [as handle_request] (C:\Users\admin\Downloads\nib_hr\backend\node_modules\express\lib\router\layer.js:95:5)[39m
2026-09-11 14:43:35:4335 [31merror[39m: [31mGET /api/table/documents - Error: Access restricted: Table 'documents' is not in the whitelist.[39m
[31mStack: Error: Access restricted: Table 'documents' is not in the whitelist.[39m
[31m    at validateTableName (C:\Users\admin\Downloads\nib_hr\backend\controllers\core\table.controller.js:1467:11)[39m
[31m    at C:\Users\admin\Downloads\nib_hr\backend\controllers\core\table.controller.js:1474:21[39m
[31m    at C:\Users\admin\Downloads\nib_hr\backend\utils\asyncHandler.js:4:21[39m
[31m    at Layer.handle [as handle_request] (C:\Users\admin\Downloads\nib_hr\backend\node_modules\express\lib\router\layer.js:95:5)[39m
[31m    at next (C:\Users\admin\Downloads\nib_hr\backend\node_modules\express\lib\router\route.js:149:13)[39m
[31m    at C:\Users\admin\Downloads\nib_hr\backend\middleware\audit.middleware.js:98:5[39m
[31m    at Layer.handle [as handle_request] (C:\Users\admin\Downloads\nib_hr\backend\node_modules\express\lib\router\layer.js:95:5)[39m
[31m    at next (C:\Users\admin\Downloads\nib_hr\backend\node_modules\express\lib\router\route.js:149:13)[39m
[31m    at Route.dispatch (C:\Users\admin\Downloads\nib_hr\backend\node_modules\express\lib\router\route.js:119:3)[39m
[31m    at Layer.handle [as handle_request] (C:\Users\admin\Downloads\nib_hr\backend\node_modules\express\lib\router\layer.js:95:5)[39m
2026-09-11 14:43:36:4336 [31merror[39m: [31mGET /api/table/exit_requests - Error: Access restricted: Table 'exit_requests' is not in the whitelist.[39m
[31mStack: Error: Access restricted: Table 'exit_requests' is not in the whitelist.[39m
[31m    at validateTableName (C:\Users\admin\Downloads\nib_hr\backend\controllers\core\table.controller.js:1467:11)[39m
[31m    at C:\Users\admin\Downloads\nib_hr\backend\controllers\core\table.controller.js:1474:21[39m
[31m    at C:\Users\admin\Downloads\nib_hr\backend\utils\asyncHandler.js:4:21[39m
[31m    at Layer.handle [as handle_request] (C:\Users\admin\Downloads\nib_hr\backend\node_modules\express\lib\router\layer.js:95:5)[39m
[31m    at next (C:\Users\admin\Downloads\nib_hr\backend\node_modules\express\lib\router\route.js:149:13)[39m
[31m    at C:\Users\admin\Downloads\nib_hr\backend\middleware\audit.middleware.js:98:5[39m
[31m    at Layer.handle [as handle_request] (C:\Users\admin\Downloads\nib_hr\backend\node_modules\express\lib\router\layer.js:95:5)[39m
[31m    at next (C:\Users\admin\Downloads\nib_hr\backend\node_modules\express\lib\router\route.js:149:13)[39m
[31m    at Route.dispatch (C:\Users\admin\Downloads\nib_hr\backend\node_modules\express\lib\router\route.js:119:3)[39m
[31m    at Layer.handle [as handle_request] (C:\Users\admin\Downloads\nib_hr\backend\node_modules\express\lib\router\layer.js:95:5)[39m
2026-09-11 14:43:36:4336 [31merror[39m: [31mGET /api/table/notice_periods - Error: Access restricted: Table 'notice_periods' is not in the whitelist.[39m
[31mStack: Error: Access restricted: Table 'notice_periods' is not in the whitelist.[39m
[31m    at validateTableName (C:\Users\admin\Downloads\nib_hr\backend\controllers\core\table.controller.js:1467:11)[39m
[31m    at C:\Users\admin\Downloads\nib_hr\backend\controllers\core\table.controller.js:1474:21[39m
[31m    at C:\Users\admin\Downloads\nib_hr\backend\utils\asyncHandler.js:4:21[39m
[31m    at Layer.handle [as handle_request] (C:\Users\admin\Downloads\nib_hr\backend\node_modules\express\lib\router\layer.js:95:5)[39m
[31m    at next (C:\Users\admin\Downloads\nib_hr\backend\node_modules\express\lib\router\route.js:149:13)[39m
[31m    at C:\Users\admin\Downloads\nib_hr\backend\middleware\audit.middleware.js:98:5[39m
[31m    at Layer.handle [as handle_request] (C:\Users\admin\Downloads\nib_hr\backend\node_modules\express\lib\router\layer.js:95:5)[39m
[31m    at next (C:\Users\admin\Downloads\nib_hr\backend\node_modules\express\lib\router\route.js:149:13)[39m
[31m    at Route.dispatch (C:\Users\admin\Downloads\nib_hr\backend\node_modules\express\lib\router\route.js:119:3)[39m
[31m    at Layer.handle [as handle_request] (C:\Users\admin\Downloads\nib_hr\backend\node_modules\express\lib\router\layer.js:95:5)[39m
2026-09-11 14:43:36:4336 [31merror[39m: [31mGET /api/table/exit_clearances - Error: Access restricted: Table 'exit_clearances' is not in the whitelist.[39m
[31mStack: Error: Access restricted: Table 'exit_clearances' is not in the whitelist.[39m
[31m    at validateTableName (C:\Users\admin\Downloads\nib_hr\backend\controllers\core\table.controller.js:1467:11)[39m
[31m    at C:\Users\admin\Downloads\nib_hr\backend\controllers\core\table.controller.js:1474:21[39m
[31m    at C:\Users\admin\Downloads\nib_hr\backend\utils\asyncHandler.js:4:21[39m
[31m    at Layer.handle [as handle_request] (C:\Users\admin\Downloads\nib_hr\backend\node_modules\express\lib\router\layer.js:95:5)[39m
[31m    at next (C:\Users\admin\Downloads\nib_hr\backend\node_modules\express\lib\router\route.js:149:13)[39m
[31m    at C:\Users\admin\Downloads\nib_hr\backend\middleware\audit.middleware.js:98:5[39m
[31m    at Layer.handle [as handle_request] (C:\Users\admin\Downloads\nib_hr\backend\node_modules\express\lib\router\layer.js:95:5)[39m
[31m    at next (C:\Users\admin\Downloads\nib_hr\backend\node_modules\express\lib\router\route.js:149:13)[39m
[31m    at Route.dispatch (C:\Users\admin\Downloads\nib_hr\backend\node_modules\express\lib\router\route.js:119:3)[39m
[31m    at Layer.handle [as handle_request] (C:\Users\admin\Downloads\nib_hr\backend\node_modules\express\lib\router\layer.js:95:5)[39m
2026-09-11 14:43:36:4336 [31merror[39m: [31mGET /api/table/asset_returns - Error: Access restricted: Table 'asset_returns' is not in the whitelist.[39m
[31mStack: Error: Access restricted: Table 'asset_returns' is not in the whitelist.[39m
[31m    at validateTableName (C:\Users\admin\Downloads\nib_hr\backend\controllers\core\table.controller.js:1467:11)[39m
[31m    at C:\Users\admin\Downloads\nib_hr\backend\controllers\core\table.controller.js:1474:21[39m
[31m    at C:\Users\admin\Downloads\nib_hr\backend\utils\asyncHandler.js:4:21[39m
[31m    at Layer.handle [as handle_request] (C:\Users\admin\Downloads\nib_hr\backend\node_modules\express\lib\router\layer.js:95:5)[39m
[31m    at next (C:\Users\admin\Downloads\nib_hr\backend\node_modules\express\lib\router\route.js:149:13)[39m
[31m    at C:\Users\admin\Downloads\nib_hr\backend\middleware\audit.middleware.js:98:5[39m
[31m    at Layer.handle [as handle_request] (C:\Users\admin\Downloads\nib_hr\backend\node_modules\express\lib\router\layer.js:95:5)[39m
[31m    at next (C:\Users\admin\Downloads\nib_hr\backend\node_modules\express\lib\router\route.js:149:13)[39m
[31m    at Route.dispatch (C:\Users\admin\Downloads\nib_hr\backend\node_modules\express\lib\router\route.js:119:3)[39m
[31m    at Layer.handle [as handle_request] (C:\Users\admin\Downloads\nib_hr\backend\node_modules\express\lib\router\layer.js:95:5)[39m
2026-09-11 14:43:36:4336 [31merror[39m: [31mGET /api/table/no_dues - Error: Access restricted: Table 'no_dues' is not in the whitelist.[39m
[31mStack: Error: Access restricted: Table 'no_dues' is not in the whitelist.[39m
[31m    at validateTableName (C:\Users\admin\Downloads\nib_hr\backend\controllers\core\table.controller.js:1467:11)[39m
[31m    at C:\Users\admin\Downloads\nib_hr\backend\controllers\core\table.controller.js:1474:21[39m
[31m    at C:\Users\admin\Downloads\nib_hr\backend\utils\asyncHandler.js:4:21[39m
[31m    at Layer.handle [as handle_request] (C:\Users\admin\Downloads\nib_hr\backend\node_modules\express\lib\router\layer.js:95:5)[39m
[31m    at next (C:\Users\admin\Downloads\nib_hr\backend\node_modules\express\lib\router\route.js:149:13)[39m
[31m    at C:\Users\admin\Downloads\nib_hr\backend\middleware\audit.middleware.js:98:5[39m
[31m    at Layer.handle [as handle_request] (C:\Users\admin\Downloads\nib_hr\backend\node_modules\express\lib\router\layer.js:95:5)[39m
[31m    at next (C:\Users\admin\Downloads\nib_hr\backend\node_modules\express\lib\router\route.js:149:13)[39m
[31m    at Route.dispatch (C:\Users\admin\Downloads\nib_hr\backend\node_modules\express\lib\router\route.js:119:3)[39m
[31m    at Layer.handle [as handle_request] (C:\Users\admin\Downloads\nib_hr\backend\node_modules\express\lib\router\layer.js:95:5)[39m
2026-09-11 14:43:36:4336 [31merror[39m: [31mGET /api/table/fnf_settlements - Error: Access restricted: Table 'fnf_settlements' is not in the whitelist.[39m
[31mStack: Error: Access restricted: Table 'fnf_settlements' is not in the whitelist.[39m
[31m    at validateTableName (C:\Users\admin\Downloads\nib_hr\backend\controllers\core\table.controller.js:1467:11)[39m
[31m    at C:\Users\admin\Downloads\nib_hr\backend\controllers\core\table.controller.js:1474:21[39m
[31m    at C:\Users\admin\Downloads\nib_hr\backend\utils\asyncHandler.js:4:21[39m
[31m    at Layer.handle [as handle_request] (C:\Users\admin\Downloads\nib_hr\backend\node_modules\express\lib\router\layer.js:95:5)[39m
[31m    at next (C:\Users\admin\Downloads\nib_hr\backend\node_modules\express\lib\router\route.js:149:13)[39m
[31m    at C:\Users\admin\Downloads\nib_hr\backend\middleware\audit.middleware.js:98:5[39m
[31m    at Layer.handle [as handle_request] (C:\Users\admin\Downloads\nib_hr\backend\node_modules\express\lib\router\layer.js:95:5)[39m
[31m    at next (C:\Users\admin\Downloads\nib_hr\backend\node_modules\express\lib\router\route.js:149:13)[39m
[31m    at Route.dispatch (C:\Users\admin\Downloads\nib_hr\backend\node_modules\express\lib\router\route.js:119:3)[39m
[31m    at Layer.handle [as handle_request] (C:\Users\admin\Downloads\nib_hr\backend\node_modules\express\lib\router\layer.js:95:5)[39m
2026-09-11 14:43:36:4336 [31merror[39m: [31mGET /api/table/exit_interviews - Error: Access restricted: Table 'exit_interviews' is not in the whitelist.[39m
[31mStack: Error: Access restricted: Table 'exit_interviews' is not in the whitelist.[39m
[31m    at validateTableName (C:\Users\admin\Downloads\nib_hr\backend\controllers\core\table.controller.js:1467:11)[39m
[31m    at C:\Users\admin\Downloads\nib_hr\backend\controllers\core\table.controller.js:1474:21[39m
[31m    at C:\Users\admin\Downloads\nib_hr\backend\utils\asyncHandler.js:4:21[39m
[31m    at Layer.handle [as handle_request] (C:\Users\admin\Downloads\nib_hr\backend\node_modules\express\lib\router\layer.js:95:5)[39m
[31m    at next (C:\Users\admin\Downloads\nib_hr\backend\node_modules\express\lib\router\route.js:149:13)[39m
[31m    at C:\Users\admin\Downloads\nib_hr\backend\middleware\audit.middleware.js:98:5[39m
[31m    at Layer.handle [as handle_request] (C:\Users\admin\Downloads\nib_hr\backend\node_modules\express\lib\router\layer.js:95:5)[39m
[31m    at next (C:\Users\admin\Downloads\nib_hr\backend\node_modules\express\lib\router\route.js:149:13)[39m
[31m    at Route.dispatch (C:\Users\admin\Downloads\nib_hr\backend\node_modules\express\lib\router\route.js:119:3)[39m
[31m    at Layer.handle [as handle_request] (C:\Users\admin\Downloads\nib_hr\backend\node_modules\express\lib\router\layer.js:95:5)[39m
2026-09-11 14:43:36:4336 [31merror[39m: [31mGET /api/table/experience_letters - Error: Access restricted: Table 'experience_letters' is not in the whitelist.[39m
[31mStack: Error: Access restricted: Table 'experience_letters' is not in the whitelist.[39m
[31m    at validateTableName (C:\Users\admin\Downloads\nib_hr\backend\controllers\core\table.controller.js:1467:11)[39m
[31m    at C:\Users\admin\Downloads\nib_hr\backend\controllers\core\table.controller.js:1474:21[39m
[31m    at C:\Users\admin\Downloads\nib_hr\backend\utils\asyncHandler.js:4:21[39m
[31m    at Layer.handle [as handle_request] (C:\Users\admin\Downloads\nib_hr\backend\node_modules\express\lib\router\layer.js:95:5)[39m
[31m    at next (C:\Users\admin\Downloads\nib_hr\backend\node_modules\express\lib\router\route.js:149:13)[39m
[31m    at C:\Users\admin\Downloads\nib_hr\backend\middleware\audit.middleware.js:98:5[39m
[31m    at Layer.handle [as handle_request] (C:\Users\admin\Downloads\nib_hr\backend\node_modules\express\lib\router\layer.js:95:5)[39m
[31m    at next (C:\Users\admin\Downloads\nib_hr\backend\node_modules\express\lib\router\route.js:149:13)[39m
[31m    at Route.dispatch (C:\Users\admin\Downloads\nib_hr\backend\node_modules\express\lib\router\route.js:119:3)[39m
[31m    at Layer.handle [as handle_request] (C:\Users\admin\Downloads\nib_hr\backend\node_modules\express\lib\router\layer.js:95:5)[39m
2026-09-11 14:43:36:4336 [31merror[39m: [31mGET /api/table/documents - Error: Access restricted: Table 'documents' is not in the whitelist.[39m
[31mStack: Error: Access restricted: Table 'documents' is not in the whitelist.[39m
[31m    at validateTableName (C:\Users\admin\Downloads\nib_hr\backend\controllers\core\table.controller.js:1467:11)[39m
[31m    at C:\Users\admin\Downloads\nib_hr\backend\controllers\core\table.controller.js:1474:21[39m
[31m    at C:\Users\admin\Downloads\nib_hr\backend\utils\asyncHandler.js:4:21[39m
[31m    at Layer.handle [as handle_request] (C:\Users\admin\Downloads\nib_hr\backend\node_modules\express\lib\router\layer.js:95:5)[39m
[31m    at next (C:\Users\admin\Downloads\nib_hr\backend\node_modules\express\lib\router\route.js:149:13)[39m
[31m    at C:\Users\admin\Downloads\nib_hr\backend\middleware\audit.middleware.js:98:5[39m
[31m    at Layer.handle [as handle_request] (C:\Users\admin\Downloads\nib_hr\backend\node_modules\express\lib\router\layer.js:95:5)[39m
[31m    at next (C:\Users\admin\Downloads\nib_hr\backend\node_modules\express\lib\router\route.js:149:13)[39m
[31m    at Route.dispatch (C:\Users\admin\Downloads\nib_hr\backend\node_modules\express\lib\router\route.js:119:3)[39m
[31m    at Layer.handle [as handle_request] (C:\Users\admin\Downloads\nib_hr\backend\node_modules\express\lib\router\layer.js:95:5)[39m
2026-09-11 14:43:36:4336 [31merror[39m: [31mGET /api/table/exit_requests - Error: Access restricted: Table 'exit_requests' is not in the whitelist.[39m
[31mStack: Error: Access restricted: Table 'exit_requests' is not in the whitelist.[39m
[31m    at validateTableName (C:\Users\admin\Downloads\nib_hr\backend\controllers\core\table.controller.js:1467:11)[39m
[31m    at C:\Users\admin\Downloads\nib_hr\backend\controllers\core\table.controller.js:1474:21[39m
[31m    at C:\Users\admin\Downloads\nib_hr\backend\utils\asyncHandler.js:4:21[39m
[31m    at Layer.handle [as handle_request] (C:\Users\admin\Downloads\nib_hr\backend\node_modules\express\lib\router\layer.js:95:5)[39m
[31m    at next (C:\Users\admin\Downloads\nib_hr\backend\node_modules\express\lib\router\route.js:149:13)[39m
[31m    at C:\Users\admin\Downloads\nib_hr\backend\middleware\audit.middleware.js:98:5[39m
[31m    at Layer.handle [as handle_request] (C:\Users\admin\Downloads\nib_hr\backend\node_modules\express\lib\router\layer.js:95:5)[39m
[31m    at next (C:\Users\admin\Downloads\nib_hr\backend\node_modules\express\lib\router\route.js:149:13)[39m
[31m    at Route.dispatch (C:\Users\admin\Downloads\nib_hr\backend\node_modules\express\lib\router\route.js:119:3)[39m
[31m    at Layer.handle [as handle_request] (C:\Users\admin\Downloads\nib_hr\backend\node_modules\express\lib\router\layer.js:95:5)[39m
2026-09-11 14:43:36:4336 [31merror[39m: [31mGET /api/table/notice_periods - Error: Access restricted: Table 'notice_periods' is not in the whitelist.[39m
[31mStack: Error: Access restricted: Table 'notice_periods' is not in the whitelist.[39m
[31m    at validateTableName (C:\Users\admin\Downloads\nib_hr\backend\controllers\core\table.controller.js:1467:11)[39m
[31m    at C:\Users\admin\Downloads\nib_hr\backend\controllers\core\table.controller.js:1474:21[39m
[31m    at C:\Users\admin\Downloads\nib_hr\backend\utils\asyncHandler.js:4:21[39m
[31m    at Layer.handle [as handle_request] (C:\Users\admin\Downloads\nib_hr\backend\node_modules\express\lib\router\layer.js:95:5)[39m
[31m    at next (C:\Users\admin\Downloads\nib_hr\backend\node_modules\express\lib\router\route.js:149:13)[39m
[31m    at C:\Users\admin\Downloads\nib_hr\backend\middleware\audit.middleware.js:98:5[39m
[31m    at Layer.handle [as handle_request] (C:\Users\admin\Downloads\nib_hr\backend\node_modules\express\lib\router\layer.js:95:5)[39m
[31m    at next (C:\Users\admin\Downloads\nib_hr\backend\node_modules\express\lib\router\route.js:149:13)[39m
[31m    at Route.dispatch (C:\Users\admin\Downloads\nib_hr\backend\node_modules\express\lib\router\route.js:119:3)[39m
[31m    at Layer.handle [as handle_request] (C:\Users\admin\Downloads\nib_hr\backend\node_modules\express\lib\router\layer.js:95:5)[39m
2026-09-11 14:43:36:4336 [31merror[39m: [31mGET /api/table/exit_clearances - Error: Access restricted: Table 'exit_clearances' is not in the whitelist.[39m
[31mStack: Error: Access restricted: Table 'exit_clearances' is not in the whitelist.[39m
[31m    at validateTableName (C:\Users\admin\Downloads\nib_hr\backend\controllers\core\table.controller.js:1467:11)[39m
[31m    at C:\Users\admin\Downloads\nib_hr\backend\controllers\core\table.controller.js:1474:21[39m
[31m    at C:\Users\admin\Downloads\nib_hr\backend\utils\asyncHandler.js:4:21[39m
[31m    at Layer.handle [as handle_request] (C:\Users\admin\Downloads\nib_hr\backend\node_modules\express\lib\router\layer.js:95:5)[39m
[31m    at next (C:\Users\admin\Downloads\nib_hr\backend\node_modules\express\lib\router\route.js:149:13)[39m
[31m    at C:\Users\admin\Downloads\nib_hr\backend\middleware\audit.middleware.js:98:5[39m
[31m    at Layer.handle [as handle_request] (C:\Users\admin\Downloads\nib_hr\backend\node_modules\express\lib\router\layer.js:95:5)[39m
[31m    at next (C:\Users\admin\Downloads\nib_hr\backend\node_modules\express\lib\router\route.js:149:13)[39m
[31m    at Route.dispatch (C:\Users\admin\Downloads\nib_hr\backend\node_modules\express\lib\router\route.js:119:3)[39m
[31m    at Layer.handle [as handle_request] (C:\Users\admin\Downloads\nib_hr\backend\node_modules\express\lib\router\layer.js:95:5)[39m
2026-09-11 14:43:36:4336 [31merror[39m: [31mGET /api/table/asset_returns - Error: Access restricted: Table 'asset_returns' is not in the whitelist.[39m
[31mStack: Error: Access restricted: Table 'asset_returns' is not in the whitelist.[39m
[31m    at validateTableName (C:\Users\admin\Downloads\nib_hr\backend\controllers\core\table.controller.js:1467:11)[39m
[31m    at C:\Users\admin\Downloads\nib_hr\backend\controllers\core\table.controller.js:1474:21[39m
[31m    at C:\Users\admin\Downloads\nib_hr\backend\utils\asyncHandler.js:4:21[39m
[31m    at Layer.handle [as handle_request] (C:\Users\admin\Downloads\nib_hr\backend\node_modules\express\lib\router\layer.js:95:5)[39m
[31m    at next (C:\Users\admin\Downloads\nib_hr\backend\node_modules\express\lib\router\route.js:149:13)[39m
[31m    at C:\Users\admin\Downloads\nib_hr\backend\middleware\audit.middleware.js:98:5[39m
[31m    at Layer.handle [as handle_request] (C:\Users\admin\Downloads\nib_hr\backend\node_modules\express\lib\router\layer.js:95:5)[39m
[31m    at next (C:\Users\admin\Downloads\nib_hr\backend\node_modules\express\lib\router\route.js:149:13)[39m
[31m    at Route.dispatch (C:\Users\admin\Downloads\nib_hr\backend\node_modules\express\lib\router\route.js:119:3)[39m
[31m    at Layer.handle [as handle_request] (C:\Users\admin\Downloads\nib_hr\backend\node_modules\express\lib\router\layer.js:95:5)[39m
2026-09-11 14:43:36:4336 [31merror[39m: [31mGET /api/table/no_dues - Error: Access restricted: Table 'no_dues' is not in the whitelist.[39m
[31mStack: Error: Access restricted: Table 'no_dues' is not in the whitelist.[39m
[31m    at validateTableName (C:\Users\admin\Downloads\nib_hr\backend\controllers\core\table.controller.js:1467:11)[39m
[31m    at C:\Users\admin\Downloads\nib_hr\backend\controllers\core\table.controller.js:1474:21[39m
[31m    at C:\Users\admin\Downloads\nib_hr\backend\utils\asyncHandler.js:4:21[39m
[31m    at Layer.handle [as handle_request] (C:\Users\admin\Downloads\nib_hr\backend\node_modules\express\lib\router\layer.js:95:5)[39m
[31m    at next (C:\Users\admin\Downloads\nib_hr\backend\node_modules\express\lib\router\route.js:149:13)[39m
[31m    at C:\Users\admin\Downloads\nib_hr\backend\middleware\audit.middleware.js:98:5[39m
[31m    at Layer.handle [as handle_request] (C:\Users\admin\Downloads\nib_hr\backend\node_modules\express\lib\router\layer.js:95:5)[39m
[31m    at next (C:\Users\admin\Downloads\nib_hr\backend\node_modules\express\lib\router\route.js:149:13)[39m
[31m    at Route.dispatch (C:\Users\admin\Downloads\nib_hr\backend\node_modules\express\lib\router\route.js:119:3)[39m
[31m    at Layer.handle [as handle_request] (C:\Users\admin\Downloads\nib_hr\backend\node_modules\express\lib\router\layer.js:95:5)[39m
2026-09-11 14:43:36:4336 [31merror[39m: [31mGET /api/table/fnf_settlements - Error: Access restricted: Table 'fnf_settlements' is not in the whitelist.[39m
[31mStack: Error: Access restricted: Table 'fnf_settlements' is not in the whitelist.[39m
[31m    at validateTableName (C:\Users\admin\Downloads\nib_hr\backend\controllers\core\table.controller.js:1467:11)[39m
[31m    at C:\Users\admin\Downloads\nib_hr\backend\controllers\core\table.controller.js:1474:21[39m
[31m    at C:\Users\admin\Downloads\nib_hr\backend\utils\asyncHandler.js:4:21[39m
[31m    at Layer.handle [as handle_request] (C:\Users\admin\Downloads\nib_hr\backend\node_modules\express\lib\router\layer.js:95:5)[39m
[31m    at next (C:\Users\admin\Downloads\nib_hr\backend\node_modules\express\lib\router\route.js:149:13)[39m
[31m    at C:\Users\admin\Downloads\nib_hr\backend\middleware\audit.middleware.js:98:5[39m
[31m    at Layer.handle [as handle_request] (C:\Users\admin\Downloads\nib_hr\backend\node_modules\express\lib\router\layer.js:95:5)[39m
[31m    at next (C:\Users\admin\Downloads\nib_hr\backend\node_modules\express\lib\router\route.js:149:13)[39m
[31m    at Route.dispatch (C:\Users\admin\Downloads\nib_hr\backend\node_modules\express\lib\router\route.js:119:3)[39m
[31m    at Layer.handle [as handle_request] (C:\Users\admin\Downloads\nib_hr\backend\node_modules\express\lib\router\layer.js:95:5)[39m
2026-09-11 14:43:36:4336 [31merror[39m: [31mGET /api/table/exit_interviews - Error: Access restricted: Table 'exit_interviews' is not in the whitelist.[39m
[31mStack: Error: Access restricted: Table 'exit_interviews' is not in the whitelist.[39m
[31m    at validateTableName (C:\Users\admin\Downloads\nib_hr\backend\controllers\core\table.controller.js:1467:11)[39m
[31m    at C:\Users\admin\Downloads\nib_hr\backend\controllers\core\table.controller.js:1474:21[39m
[31m    at C:\Users\admin\Downloads\nib_hr\backend\utils\asyncHandler.js:4:21[39m
[31m    at Layer.handle [as handle_request] (C:\Users\admin\Downloads\nib_hr\backend\node_modules\express\lib\router\layer.js:95:5)[39m
[31m    at next (C:\Users\admin\Downloads\nib_hr\backend\node_modules\express\lib\router\route.js:149:13)[39m
[31m    at C:\Users\admin\Downloads\nib_hr\backend\middleware\audit.middleware.js:98:5[39m
[31m    at Layer.handle [as handle_request] (C:\Users\admin\Downloads\nib_hr\backend\node_modules\express\lib\router\layer.js:95:5)[39m
[31m    at next (C:\Users\admin\Downloads\nib_hr\backend\node_modules\express\lib\router\route.js:149:13)[39m
[31m    at Route.dispatch (C:\Users\admin\Downloads\nib_hr\backend\node_modules\express\lib\router\route.js:119:3)[39m
[31m    at Layer.handle [as handle_request] (C:\Users\admin\Downloads\nib_hr\backend\node_modules\express\lib\router\layer.js:95:5)[39m
2026-09-11 14:43:36:4336 [31merror[39m: [31mGET /api/table/experience_letters - Error: Access restricted: Table 'experience_letters' is not in the whitelist.[39m
[31mStack: Error: Access restricted: Table 'experience_letters' is not in the whitelist.[39m
[31m    at validateTableName (C:\Users\admin\Downloads\nib_hr\backend\controllers\core\table.controller.js:1467:11)[39m
[31m    at C:\Users\admin\Downloads\nib_hr\backend\controllers\core\table.controller.js:1474:21[39m
[31m    at C:\Users\admin\Downloads\nib_hr\backend\utils\asyncHandler.js:4:21[39m
[31m    at Layer.handle [as handle_request] (C:\Users\admin\Downloads\nib_hr\backend\node_modules\express\lib\router\layer.js:95:5)[39m
[31m    at next (C:\Users\admin\Downloads\nib_hr\backend\node_modules\express\lib\router\route.js:149:13)[39m
[31m    at C:\Users\admin\Downloads\nib_hr\backend\middleware\audit.middleware.js:98:5[39m
[31m    at Layer.handle [as handle_request] (C:\Users\admin\Downloads\nib_hr\backend\node_modules\express\lib\router\layer.js:95:5)[39m
[31m    at next (C:\Users\admin\Downloads\nib_hr\backend\node_modules\express\lib\router\route.js:149:13)[39m
[31m    at Route.dispatch (C:\Users\admin\Downloads\nib_hr\backend\node_modules\express\lib\router\route.js:119:3)[39m
[31m    at Layer.handle [as handle_request] (C:\Users\admin\Downloads\nib_hr\backend\node_modules\express\lib\router\layer.js:95:5)[39m
2026-09-11 14:43:37:4337 [31merror[39m: [31mGET /api/table/exit_requests - Error: Access restricted: Table 'exit_requests' is not in the whitelist.[39m
[31mStack: Error: Access restricted: Table 'exit_requests' is not in the whitelist.[39m
[31m    at validateTableName (C:\Users\admin\Downloads\nib_hr\backend\controllers\core\table.controller.js:1467:11)[39m
[31m    at C:\Users\admin\Downloads\nib_hr\backend\controllers\core\table.controller.js:1474:21[39m
[31m    at C:\Users\admin\Downloads\nib_hr\backend\utils\asyncHandler.js:4:21[39m
[31m    at Layer.handle [as handle_request] (C:\Users\admin\Downloads\nib_hr\backend\node_modules\express\lib\router\layer.js:95:5)[39m
[31m    at next (C:\Users\admin\Downloads\nib_hr\backend\node_modules\express\lib\router\route.js:149:13)[39m
[31m    at C:\Users\admin\Downloads\nib_hr\backend\middleware\audit.middleware.js:98:5[39m
[31m    at Layer.handle [as handle_request] (C:\Users\admin\Downloads\nib_hr\backend\node_modules\express\lib\router\layer.js:95:5)[39m
[31m    at next (C:\Users\admin\Downloads\nib_hr\backend\node_modules\express\lib\router\route.js:149:13)[39m
[31m    at Route.dispatch (C:\Users\admin\Downloads\nib_hr\backend\node_modules\express\lib\router\route.js:119:3)[39m
[31m    at Layer.handle [as handle_request] (C:\Users\admin\Downloads\nib_hr\backend\node_modules\express\lib\router\layer.js:95:5)[39m
2026-09-11 14:43:37:4337 [31merror[39m: [31mGET /api/table/exit_requests - Error: Access restricted: Table 'exit_requests' is not in the whitelist.[39m
[31mStack: Error: Access restricted: Table 'exit_requests' is not in the whitelist.[39m
[31m    at validateTableName (C:\Users\admin\Downloads\nib_hr\backend\controllers\core\table.controller.js:1467:11)[39m
[31m    at C:\Users\admin\Downloads\nib_hr\backend\controllers\core\table.controller.js:1474:21[39m
[31m    at C:\Users\admin\Downloads\nib_hr\backend\utils\asyncHandler.js:4:21[39m
[31m    at Layer.handle [as handle_request] (C:\Users\admin\Downloads\nib_hr\backend\node_modules\express\lib\router\layer.js:95:5)[39m
[31m    at next (C:\Users\admin\Downloads\nib_hr\backend\node_modules\express\lib\router\route.js:149:13)[39m
[31m    at C:\Users\admin\Downloads\nib_hr\backend\middleware\audit.middleware.js:98:5[39m
[31m    at Layer.handle [as handle_request] (C:\Users\admin\Downloads\nib_hr\backend\node_modules\express\lib\router\layer.js:95:5)[39m
[31m    at next (C:\Users\admin\Downloads\nib_hr\backend\node_modules\express\lib\router\route.js:149:13)[39m
[31m    at Route.dispatch (C:\Users\admin\Downloads\nib_hr\backend\node_modules\express\lib\router\route.js:119:3)[39m
[31m    at Layer.handle [as handle_request] (C:\Users\admin\Downloads\nib_hr\backend\node_modules\express\lib\router\layer.js:95:5)[39m
2026-09-11 14:43:38:4338 [31merror[39m: [31mGET /api/table/exit_requests - Error: Access restricted: Table 'exit_requests' is not in the whitelist.[39m
[31mStack: Error: Access restricted: Table 'exit_requests' is not in the whitelist.[39m
[31m    at validateTableName (C:\Users\admin\Downloads\nib_hr\backend\controllers\core\table.controller.js:1467:11)[39m
[31m    at C:\Users\admin\Downloads\nib_hr\backend\controllers\core\table.controller.js:1474:21[39m
[31m    at C:\Users\admin\Downloads\nib_hr\backend\utils\asyncHandler.js:4:21[39m
[31m    at Layer.handle [as handle_request] (C:\Users\admin\Downloads\nib_hr\backend\node_modules\express\lib\router\layer.js:95:5)[39m
[31m    at next (C:\Users\admin\Downloads\nib_hr\backend\node_modules\express\lib\router\route.js:149:13)[39m
[31m    at C:\Users\admin\Downloads\nib_hr\backend\middleware\audit.middleware.js:98:5[39m
[31m    at Layer.handle [as handle_request] (C:\Users\admin\Downloads\nib_hr\backend\node_modules\express\lib\router\layer.js:95:5)[39m
[31m    at next (C:\Users\admin\Downloads\nib_hr\backend\node_modules\express\lib\router\route.js:149:13)[39m
[31m    at Route.dispatch (C:\Users\admin\Downloads\nib_hr\backend\node_modules\express\lib\router\route.js:119:3)[39m
[31m    at Layer.handle [as handle_request] (C:\Users\admin\Downloads\nib_hr\backend\node_modules\express\lib\router\layer.js:95:5)[39m
2026-09-11 14:43:38:4338 [31merror[39m: [31mGET /api/table/exit_requests - Error: Access restricted: Table 'exit_requests' is not in the whitelist.[39m
[31mStack: Error: Access restricted: Table 'exit_requests' is not in the whitelist.[39m
[31m    at validateTableName (C:\Users\admin\Downloads\nib_hr\backend\controllers\core\table.controller.js:1467:11)[39m
[31m    at C:\Users\admin\Downloads\nib_hr\backend\controllers\core\table.controller.js:1474:21[39m
[31m    at C:\Users\admin\Downloads\nib_hr\backend\utils\asyncHandler.js:4:21[39m
[31m    at Layer.handle [as handle_request] (C:\Users\admin\Downloads\nib_hr\backend\node_modules\express\lib\router\layer.js:95:5)[39m
[31m    at next (C:\Users\admin\Downloads\nib_hr\backend\node_modules\express\lib\router\route.js:149:13)[39m
[31m    at C:\Users\admin\Downloads\nib_hr\backend\middleware\audit.middleware.js:98:5[39m
[31m    at Layer.handle [as handle_request] (C:\Users\admin\Downloads\nib_hr\backend\node_modules\express\lib\router\layer.js:95:5)[39m
[31m    at next (C:\Users\admin\Downloads\nib_hr\backend\node_modules\express\lib\router\route.js:149:13)[39m
[31m    at Route.dispatch (C:\Users\admin\Downloads\nib_hr\backend\node_modules\express\lib\router\route.js:119:3)[39m
[31m    at Layer.handle [as handle_request] (C:\Users\admin\Downloads\nib_hr\backend\node_modules\express\lib\router\layer.js:95:5)[39m
2026-09-11 14:43:43:4343 [31merror[39m: [31mPOST /api/auth/login - Error: Invalid email or password.[39m
[31mStack: Error: Invalid email or password.[39m
[31m    at AuthService.login (C:\Users\admin\Downloads\nib_hr\backend\services\auth.service.js:206:15)[39m
[31m    at async C:\Users\admin\Downloads\nib_hr\backend\controllers\auth.controller.js:17:18[39m
2026-09-11 14:44:00:440 [31merror[39m: [31mGET /api/table/documents - Error: Access restricted: Table 'documents' is not in the whitelist.[39m
[31mStack: Error: Access restricted: Table 'documents' is not in the whitelist.[39m
[31m    at validateTableName (C:\Users\admin\Downloads\nib_hr\backend\controllers\core\table.controller.js:1467:11)[39m
[31m    at C:\Users\admin\Downloads\nib_hr\backend\controllers\core\table.controller.js:1474:21[39m
[31m    at C:\Users\admin\Downloads\nib_hr\backend\utils\asyncHandler.js:4:21[39m
[31m    at Layer.handle [as handle_request] (C:\Users\admin\Downloads\nib_hr\backend\node_modules\express\lib\router\layer.js:95:5)[39m
[31m    at next (C:\Users\admin\Downloads\nib_hr\backend\node_modules\express\lib\router\route.js:149:13)[39m
[31m    at C:\Users\admin\Downloads\nib_hr\backend\middleware\audit.middleware.js:98:5[39m
[31m    at Layer.handle [as handle_request] (C:\Users\admin\Downloads\nib_hr\backend\node_modules\express\lib\router\layer.js:95:5)[39m
[31m    at next (C:\Users\admin\Downloads\nib_hr\backend\node_modules\express\lib\router\route.js:149:13)[39m
[31m    at Route.dispatch (C:\Users\admin\Downloads\nib_hr\backend\node_modules\express\lib\router\route.js:119:3)[39m
[31m    at Layer.handle [as handle_request] (C:\Users\admin\Downloads\nib_hr\backend\node_modules\express\lib\router\layer.js:95:5)[39m
2026-09-11 14:44:00:440 [31merror[39m: [31mGET /api/table/documents - Error: Access restricted: Table 'documents' is not in the whitelist.[39m
[31mStack: Error: Access restricted: Table 'documents' is not in the whitelist.[39m
[31m    at validateTableName (C:\Users\admin\Downloads\nib_hr\backend\controllers\core\table.controller.js:1467:11)[39m
[31m    at C:\Users\admin\Downloads\nib_hr\backend\controllers\core\table.controller.js:1474:21[39m
[31m    at C:\Users\admin\Downloads\nib_hr\backend\utils\asyncHandler.js:4:21[39m
[31m    at Layer.handle [as handle_request] (C:\Users\admin\Downloads\nib_hr\backend\node_modules\express\lib\router\layer.js:95:5)[39m
[31m    at next (C:\Users\admin\Downloads\nib_hr\backend\node_modules\express\lib\router\route.js:149:13)[39m
[31m    at C:\Users\admin\Downloads\nib_hr\backend\middleware\audit.middleware.js:98:5[39m
[31m    at Layer.handle [as handle_request] (C:\Users\admin\Downloads\nib_hr\backend\node_modules\express\lib\router\layer.js:95:5)[39m
[31m    at next (C:\Users\admin\Downloads\nib_hr\backend\node_modules\express\lib\router\route.js:149:13)[39m
[31m    at Route.dispatch (C:\Users\admin\Downloads\nib_hr\backend\node_modules\express\lib\router\route.js:119:3)[39m
[31m    at Layer.handle [as handle_request] (C:\Users\admin\Downloads\nib_hr\backend\node_modules\express\lib\router\layer.js:95:5)[39m
2026-09-11 14:44:01:441 [31merror[39m: [31mGET /api/table/exit_requests - Error: Access restricted: Table 'exit_requests' is not in the whitelist.[39m
[31mStack: Error: Access restricted: Table 'exit_requests' is not in the whitelist.[39m
[31m    at validateTableName (C:\Users\admin\Downloads\nib_hr\backend\controllers\core\table.controller.js:1467:11)[39m
[31m    at C:\Users\admin\Downloads\nib_hr\backend\controllers\core\table.controller.js:1474:21[39m
[31m    at C:\Users\admin\Downloads\nib_hr\backend\utils\asyncHandler.js:4:21[39m
[31m    at Layer.handle [as handle_request] (C:\Users\admin\Downloads\nib_hr\backend\node_modules\express\lib\router\layer.js:95:5)[39m
[31m    at next (C:\Users\admin\Downloads\nib_hr\backend\node_modules\express\lib\router\route.js:149:13)[39m
[31m    at C:\Users\admin\Downloads\nib_hr\backend\middleware\audit.middleware.js:98:5[39m
[31m    at Layer.handle [as handle_request] (C:\Users\admin\Downloads\nib_hr\backend\node_modules\express\lib\router\layer.js:95:5)[39m
[31m    at next (C:\Users\admin\Downloads\nib_hr\backend\node_modules\express\lib\router\route.js:149:13)[39m
[31m    at Route.dispatch (C:\Users\admin\Downloads\nib_hr\backend\node_modules\express\lib\router\route.js:119:3)[39m
[31m    at Layer.handle [as handle_request] (C:\Users\admin\Downloads\nib_hr\backend\node_modules\express\lib\router\layer.js:95:5)[39m
2026-09-11 14:44:01:441 [31merror[39m: [31mGET /api/table/notice_periods - Error: Access restricted: Table 'notice_periods' is not in the whitelist.[39m
[31mStack: Error: Access restricted: Table 'notice_periods' is not in the whitelist.[39m
[31m    at validateTableName (C:\Users\admin\Downloads\nib_hr\backend\controllers\core\table.controller.js:1467:11)[39m
[31m    at C:\Users\admin\Downloads\nib_hr\backend\controllers\core\table.controller.js:1474:21[39m
[31m    at C:\Users\admin\Downloads\nib_hr\backend\utils\asyncHandler.js:4:21[39m
[31m    at Layer.handle [as handle_request] (C:\Users\admin\Downloads\nib_hr\backend\node_modules\express\lib\router\layer.js:95:5)[39m
[31m    at next (C:\Users\admin\Downloads\nib_hr\backend\node_modules\express\lib\router\route.js:149:13)[39m
[31m    at C:\Users\admin\Downloads\nib_hr\backend\middleware\audit.middleware.js:98:5[39m
[31m    at Layer.handle [as handle_request] (C:\Users\admin\Downloads\nib_hr\backend\node_modules\express\lib\router\layer.js:95:5)[39m
[31m    at next (C:\Users\admin\Downloads\nib_hr\backend\node_modules\express\lib\router\route.js:149:13)[39m
[31m    at Route.dispatch (C:\Users\admin\Downloads\nib_hr\backend\node_modules\express\lib\router\route.js:119:3)[39m
[31m    at Layer.handle [as handle_request] (C:\Users\admin\Downloads\nib_hr\backend\node_modules\express\lib\router\layer.js:95:5)[39m
2026-09-11 14:44:01:441 [31merror[39m: [31mGET /api/table/exit_clearances - Error: Access restricted: Table 'exit_clearances' is not in the whitelist.[39m
[31mStack: Error: Access restricted: Table 'exit_clearances' is not in the whitelist.[39m
[31m    at validateTableName (C:\Users\admin\Downloads\nib_hr\backend\controllers\core\table.controller.js:1467:11)[39m
[31m    at C:\Users\admin\Downloads\nib_hr\backend\controllers\core\table.controller.js:1474:21[39m
[31m    at C:\Users\admin\Downloads\nib_hr\backend\utils\asyncHandler.js:4:21[39m
[31m    at Layer.handle [as handle_request] (C:\Users\admin\Downloads\nib_hr\backend\node_modules\express\lib\router\layer.js:95:5)[39m
[31m    at next (C:\Users\admin\Downloads\nib_hr\backend\node_modules\express\lib\router\route.js:149:13)[39m
[31m    at C:\Users\admin\Downloads\nib_hr\backend\middleware\audit.middleware.js:98:5[39m
[31m    at Layer.handle [as handle_request] (C:\Users\admin\Downloads\nib_hr\backend\node_modules\express\lib\router\layer.js:95:5)[39m
[31m    at next (C:\Users\admin\Downloads\nib_hr\backend\node_modules\express\lib\router\route.js:149:13)[39m
[31m    at Route.dispatch (C:\Users\admin\Downloads\nib_hr\backend\node_modules\express\lib\router\route.js:119:3)[39m
[31m    at Layer.handle [as handle_request] (C:\Users\admin\Downloads\nib_hr\backend\node_modules\express\lib\router\layer.js:95:5)[39m
2026-09-11 14:44:01:441 [31merror[39m: [31mGET /api/table/asset_returns - Error: Access restricted: Table 'asset_returns' is not in the whitelist.[39m
[31mStack: Error: Access restricted: Table 'asset_returns' is not in the whitelist.[39m
[31m    at validateTableName (C:\Users\admin\Downloads\nib_hr\backend\controllers\core\table.controller.js:1467:11)[39m
[31m    at C:\Users\admin\Downloads\nib_hr\backend\controllers\core\table.controller.js:1474:21[39m
[31m    at C:\Users\admin\Downloads\nib_hr\backend\utils\asyncHandler.js:4:21[39m
[31m    at Layer.handle [as handle_request] (C:\Users\admin\Downloads\nib_hr\backend\node_modules\express\lib\router\layer.js:95:5)[39m
[31m    at next (C:\Users\admin\Downloads\nib_hr\backend\node_modules\express\lib\router\route.js:149:13)[39m
[31m    at C:\Users\admin\Downloads\nib_hr\backend\middleware\audit.middleware.js:98:5[39m
[31m    at Layer.handle [as handle_request] (C:\Users\admin\Downloads\nib_hr\backend\node_modules\express\lib\router\layer.js:95:5)[39m
[31m    at next (C:\Users\admin\Downloads\nib_hr\backend\node_modules\express\lib\router\route.js:149:13)[39m
[31m    at Route.dispatch (C:\Users\admin\Downloads\nib_hr\backend\node_modules\express\lib\router\route.js:119:3)[39m
[31m    at Layer.handle [as handle_request] (C:\Users\admin\Downloads\nib_hr\backend\node_modules\express\lib\router\layer.js:95:5)[39m
2026-09-11 14:44:01:441 [31merror[39m: [31mGET /api/table/no_dues - Error: Access restricted: Table 'no_dues' is not in the whitelist.[39m
[31mStack: Error: Access restricted: Table 'no_dues' is not in the whitelist.[39m
[31m    at validateTableName (C:\Users\admin\Downloads\nib_hr\backend\controllers\core\table.controller.js:1467:11)[39m
[31m    at C:\Users\admin\Downloads\nib_hr\backend\controllers\core\table.controller.js:1474:21[39m
[31m    at C:\Users\admin\Downloads\nib_hr\backend\utils\asyncHandler.js:4:21[39m
[31m    at Layer.handle [as handle_request] (C:\Users\admin\Downloads\nib_hr\backend\node_modules\express\lib\router\layer.js:95:5)[39m
[31m    at next (C:\Users\admin\Downloads\nib_hr\backend\node_modules\express\lib\router\route.js:149:13)[39m
[31m    at C:\Users\admin\Downloads\nib_hr\backend\middleware\audit.middleware.js:98:5[39m
[31m    at Layer.handle [as handle_request] (C:\Users\admin\Downloads\nib_hr\backend\node_modules\express\lib\router\layer.js:95:5)[39m
[31m    at next (C:\Users\admin\Downloads\nib_hr\backend\node_modules\express\lib\router\route.js:149:13)[39m
[31m    at Route.dispatch (C:\Users\admin\Downloads\nib_hr\backend\node_modules\express\lib\router\route.js:119:3)[39m
[31m    at Layer.handle [as handle_request] (C:\Users\admin\Downloads\nib_hr\backend\node_modules\express\lib\router\layer.js:95:5)[39m
2026-09-11 14:44:01:441 [31merror[39m: [31mGET /api/table/fnf_settlements - Error: Access restricted: Table 'fnf_settlements' is not in the whitelist.[39m
[31mStack: Error: Access restricted: Table 'fnf_settlements' is not in the whitelist.[39m
[31m    at validateTableName (C:\Users\admin\Downloads\nib_hr\backend\controllers\core\table.controller.js:1467:11)[39m
[31m    at C:\Users\admin\Downloads\nib_hr\backend\controllers\core\table.controller.js:1474:21[39m
[31m    at C:\Users\admin\Downloads\nib_hr\backend\utils\asyncHandler.js:4:21[39m
[31m    at Layer.handle [as handle_request] (C:\Users\admin\Downloads\nib_hr\backend\node_modules\express\lib\router\layer.js:95:5)[39m
[31m    at next (C:\Users\admin\Downloads\nib_hr\backend\node_modules\express\lib\router\route.js:149:13)[39m
[31m    at C:\Users\admin\Downloads\nib_hr\backend\middleware\audit.middleware.js:98:5[39m
[31m    at Layer.handle [as handle_request] (C:\Users\admin\Downloads\nib_hr\backend\node_modules\express\lib\router\layer.js:95:5)[39m
[31m    at next (C:\Users\admin\Downloads\nib_hr\backend\node_modules\express\lib\router\route.js:149:13)[39m
[31m    at Route.dispatch (C:\Users\admin\Downloads\nib_hr\backend\node_modules\express\lib\router\route.js:119:3)[39m
[31m    at Layer.handle [as handle_request] (C:\Users\admin\Downloads\nib_hr\backend\node_modules\express\lib\router\layer.js:95:5)[39m
2026-09-11 14:44:01:441 [31merror[39m: [31mGET /api/table/exit_interviews - Error: Access restricted: Table 'exit_interviews' is not in the whitelist.[39m
[31mStack: Error: Access restricted: Table 'exit_interviews' is not in the whitelist.[39m
[31m    at validateTableName (C:\Users\admin\Downloads\nib_hr\backend\controllers\core\table.controller.js:1467:11)[39m
[31m    at C:\Users\admin\Downloads\nib_hr\backend\controllers\core\table.controller.js:1474:21[39m
[31m    at C:\Users\admin\Downloads\nib_hr\backend\utils\asyncHandler.js:4:21[39m
[31m    at Layer.handle [as handle_request] (C:\Users\admin\Downloads\nib_hr\backend\node_modules\express\lib\router\layer.js:95:5)[39m
[31m    at next (C:\Users\admin\Downloads\nib_hr\backend\node_modules\express\lib\router\route.js:149:13)[39m
[31m    at C:\Users\admin\Downloads\nib_hr\backend\middleware\audit.middleware.js:98:5[39m
[31m    at Layer.handle [as handle_request] (C:\Users\admin\Downloads\nib_hr\backend\node_modules\express\lib\router\layer.js:95:5)[39m
[31m    at next (C:\Users\admin\Downloads\nib_hr\backend\node_modules\express\lib\router\route.js:149:13)[39m
[31m    at Route.dispatch (C:\Users\admin\Downloads\nib_hr\backend\node_modules\express\lib\router\route.js:119:3)[39m
[31m    at Layer.handle [as handle_request] (C:\Users\admin\Downloads\nib_hr\backend\node_modules\express\lib\router\layer.js:95:5)[39m
2026-09-11 14:44:01:441 [31merror[39m: [31mGET /api/table/experience_letters - Error: Access restricted: Table 'experience_letters' is not in the whitelist.[39m
[31mStack: Error: Access restricted: Table 'experience_letters' is not in the whitelist.[39m
[31m    at validateTableName (C:\Users\admin\Downloads\nib_hr\backend\controllers\core\table.controller.js:1467:11)[39m
[31m    at C:\Users\admin\Downloads\nib_hr\backend\controllers\core\table.controller.js:1474:21[39m
[31m    at C:\Users\admin\Downloads\nib_hr\backend\utils\asyncHandler.js:4:21[39m
[31m    at Layer.handle [as handle_request] (C:\Users\admin\Downloads\nib_hr\backend\node_modules\express\lib\router\layer.js:95:5)[39m
[31m    at next (C:\Users\admin\Downloads\nib_hr\backend\node_modules\express\lib\router\route.js:149:13)[39m
[31m    at C:\Users\admin\Downloads\nib_hr\backend\middleware\audit.middleware.js:98:5[39m
[31m    at Layer.handle [as handle_request] (C:\Users\admin\Downloads\nib_hr\backend\node_modules\express\lib\router\layer.js:95:5)[39m
[31m    at next (C:\Users\admin\Downloads\nib_hr\backend\node_modules\express\lib\router\route.js:149:13)[39m
[31m    at Route.dispatch (C:\Users\admin\Downloads\nib_hr\backend\node_modules\express\lib\router\route.js:119:3)[39m
[31m    at Layer.handle [as handle_request] (C:\Users\admin\Downloads\nib_hr\backend\node_modules\express\lib\router\layer.js:95:5)[39m
2026-09-11 14:44:01:441 [31merror[39m: [31mGET /api/table/exit_requests - Error: Access restricted: Table 'exit_requests' is not in the whitelist.[39m
[31mStack: Error: Access restricted: Table 'exit_requests' is not in the whitelist.[39m
[31m    at validateTableName (C:\Users\admin\Downloads\nib_hr\backend\controllers\core\table.controller.js:1467:11)[39m
[31m    at C:\Users\admin\Downloads\nib_hr\backend\controllers\core\table.controller.js:1474:21[39m
[31m    at C:\Users\admin\Downloads\nib_hr\backend\utils\asyncHandler.js:4:21[39m
[31m    at Layer.handle [as handle_request] (C:\Users\admin\Downloads\nib_hr\backend\node_modules\express\lib\router\layer.js:95:5)[39m
[31m    at next (C:\Users\admin\Downloads\nib_hr\backend\node_modules\express\lib\router\route.js:149:13)[39m
[31m    at C:\Users\admin\Downloads\nib_hr\backend\middleware\audit.middleware.js:98:5[39m
[31m    at Layer.handle [as handle_request] (C:\Users\admin\Downloads\nib_hr\backend\node_modules\express\lib\router\layer.js:95:5)[39m
[31m    at next (C:\Users\admin\Downloads\nib_hr\backend\node_modules\express\lib\router\route.js:149:13)[39m
[31m    at Route.dispatch (C:\Users\admin\Downloads\nib_hr\backend\node_modules\express\lib\router\route.js:119:3)[39m
[31m    at Layer.handle [as handle_request] (C:\Users\admin\Downloads\nib_hr\backend\node_modules\express\lib\router\layer.js:95:5)[39m
2026-09-11 14:44:01:441 [31merror[39m: [31mGET /api/table/notice_periods - Error: Access restricted: Table 'notice_periods' is not in the whitelist.[39m
[31mStack: Error: Access restricted: Table 'notice_periods' is not in the whitelist.[39m
[31m    at validateTableName (C:\Users\admin\Downloads\nib_hr\backend\controllers\core\table.controller.js:1467:11)[39m
[31m    at C:\Users\admin\Downloads\nib_hr\backend\controllers\core\table.controller.js:1474:21[39m
[31m    at C:\Users\admin\Downloads\nib_hr\backend\utils\asyncHandler.js:4:21[39m
[31m    at Layer.handle [as handle_request] (C:\Users\admin\Downloads\nib_hr\backend\node_modules\express\lib\router\layer.js:95:5)[39m
[31m    at next (C:\Users\admin\Downloads\nib_hr\backend\node_modules\express\lib\router\route.js:149:13)[39m
[31m    at C:\Users\admin\Downloads\nib_hr\backend\middleware\audit.middleware.js:98:5[39m
[31m    at Layer.handle [as handle_request] (C:\Users\admin\Downloads\nib_hr\backend\node_modules\express\lib\router\layer.js:95:5)[39m
[31m    at next (C:\Users\admin\Downloads\nib_hr\backend\node_modules\express\lib\router\route.js:149:13)[39m
[31m    at Route.dispatch (C:\Users\admin\Downloads\nib_hr\backend\node_modules\express\lib\router\route.js:119:3)[39m
[31m    at Layer.handle [as handle_request] (C:\Users\admin\Downloads\nib_hr\backend\node_modules\express\lib\router\layer.js:95:5)[39m
2026-09-11 14:44:01:441 [31merror[39m: [31mGET /api/table/exit_clearances - Error: Access restricted: Table 'exit_clearances' is not in the whitelist.[39m
[31mStack: Error: Access restricted: Table 'exit_clearances' is not in the whitelist.[39m
[31m    at validateTableName (C:\Users\admin\Downloads\nib_hr\backend\controllers\core\table.controller.js:1467:11)[39m
[31m    at C:\Users\admin\Downloads\nib_hr\backend\controllers\core\table.controller.js:1474:21[39m
[31m    at C:\Users\admin\Downloads\nib_hr\backend\utils\asyncHandler.js:4:21[39m
[31m    at Layer.handle [as handle_request] (C:\Users\admin\Downloads\nib_hr\backend\node_modules\express\lib\router\layer.js:95:5)[39m
[31m    at next (C:\Users\admin\Downloads\nib_hr\backend\node_modules\express\lib\router\route.js:149:13)[39m
[31m    at C:\Users\admin\Downloads\nib_hr\backend\middleware\audit.middleware.js:98:5[39m
[31m    at Layer.handle [as handle_request] (C:\Users\admin\Downloads\nib_hr\backend\node_modules\express\lib\router\layer.js:95:5)[39m
[31m    at next (C:\Users\admin\Downloads\nib_hr\backend\node_modules\express\lib\router\route.js:149:13)[39m
[31m    at Route.dispatch (C:\Users\admin\Downloads\nib_hr\backend\node_modules\express\lib\router\route.js:119:3)[39m
[31m    at Layer.handle [as handle_request] (C:\Users\admin\Downloads\nib_hr\backend\node_modules\express\lib\router\layer.js:95:5)[39m
2026-09-11 14:44:01:441 [31merror[39m: [31mGET /api/table/asset_returns - Error: Access restricted: Table 'asset_returns' is not in the whitelist.[39m
[31mStack: Error: Access restricted: Table 'asset_returns' is not in the whitelist.[39m
[31m    at validateTableName (C:\Users\admin\Downloads\nib_hr\backend\controllers\core\table.controller.js:1467:11)[39m
[31m    at C:\Users\admin\Downloads\nib_hr\backend\controllers\core\table.controller.js:1474:21[39m
[31m    at C:\Users\admin\Downloads\nib_hr\backend\utils\asyncHandler.js:4:21[39m
[31m    at Layer.handle [as handle_request] (C:\Users\admin\Downloads\nib_hr\backend\node_modules\express\lib\router\layer.js:95:5)[39m
[31m    at next (C:\Users\admin\Downloads\nib_hr\backend\node_modules\express\lib\router\route.js:149:13)[39m
[31m    at C:\Users\admin\Downloads\nib_hr\backend\middleware\audit.middleware.js:98:5[39m
[31m    at Layer.handle [as handle_request] (C:\Users\admin\Downloads\nib_hr\backend\node_modules\express\lib\router\layer.js:95:5)[39m
[31m    at next (C:\Users\admin\Downloads\nib_hr\backend\node_modules\express\lib\router\route.js:149:13)[39m
[31m    at Route.dispatch (C:\Users\admin\Downloads\nib_hr\backend\node_modules\express\lib\router\route.js:119:3)[39m
[31m    at Layer.handle [as handle_request] (C:\Users\admin\Downloads\nib_hr\backend\node_modules\express\lib\router\layer.js:95:5)[39m
2026-09-11 14:44:01:441 [31merror[39m: [31mGET /api/table/no_dues - Error: Access restricted: Table 'no_dues' is not in the whitelist.[39m
[31mStack: Error: Access restricted: Table 'no_dues' is not in the whitelist.[39m
[31m    at validateTableName (C:\Users\admin\Downloads\nib_hr\backend\controllers\core\table.controller.js:1467:11)[39m
[31m    at C:\Users\admin\Downloads\nib_hr\backend\controllers\core\table.controller.js:1474:21[39m
[31m    at C:\Users\admin\Downloads\nib_hr\backend\utils\asyncHandler.js:4:21[39m
[31m    at Layer.handle [as handle_request] (C:\Users\admin\Downloads\nib_hr\backend\node_modules\express\lib\router\layer.js:95:5)[39m
[31m    at next (C:\Users\admin\Downloads\nib_hr\backend\node_modules\express\lib\router\route.js:149:13)[39m
[31m    at C:\Users\admin\Downloads\nib_hr\backend\middleware\audit.middleware.js:98:5[39m
[31m    at Layer.handle [as handle_request] (C:\Users\admin\Downloads\nib_hr\backend\node_modules\express\lib\router\layer.js:95:5)[39m
[31m    at next (C:\Users\admin\Downloads\nib_hr\backend\node_modules\express\lib\router\route.js:149:13)[39m
[31m    at Route.dispatch (C:\Users\admin\Downloads\nib_hr\backend\node_modules\express\lib\router\route.js:119:3)[39m
[31m    at Layer.handle [as handle_request] (C:\Users\admin\Downloads\nib_hr\backend\node_modules\express\lib\router\layer.js:95:5)[39m
2026-09-11 14:44:01:441 [31merror[39m: [31mGET /api/table/fnf_settlements - Error: Access restricted: Table 'fnf_settlements' is not in the whitelist.[39m
[31mStack: Error: Access restricted: Table 'fnf_settlements' is not in the whitelist.[39m
[31m    at validateTableName (C:\Users\admin\Downloads\nib_hr\backend\controllers\core\table.controller.js:1467:11)[39m
[31m    at C:\Users\admin\Downloads\nib_hr\backend\controllers\core\table.controller.js:1474:21[39m
[31m    at C:\Users\admin\Downloads\nib_hr\backend\utils\asyncHandler.js:4:21[39m
[31m    at Layer.handle [as handle_request] (C:\Users\admin\Downloads\nib_hr\backend\node_modules\express\lib\router\layer.js:95:5)[39m
[31m    at next (C:\Users\admin\Downloads\nib_hr\backend\node_modules\express\lib\router\route.js:149:13)[39m
[31m    at C:\Users\admin\Downloads\nib_hr\backend\middleware\audit.middleware.js:98:5[39m
[31m    at Layer.handle [as handle_request] (C:\Users\admin\Downloads\nib_hr\backend\node_modules\express\lib\router\layer.js:95:5)[39m
[31m    at next (C:\Users\admin\Downloads\nib_hr\backend\node_modules\express\lib\router\route.js:149:13)[39m
[31m    at Route.dispatch (C:\Users\admin\Downloads\nib_hr\backend\node_modules\express\lib\router\route.js:119:3)[39m
[31m    at Layer.handle [as handle_request] (C:\Users\admin\Downloads\nib_hr\backend\node_modules\express\lib\router\layer.js:95:5)[39m
2026-09-11 14:44:02:442 [31merror[39m: [31mGET /api/table/exit_interviews - Error: Access restricted: Table 'exit_interviews' is not in the whitelist.[39m
[31mStack: Error: Access restricted: Table 'exit_interviews' is not in the whitelist.[39m
[31m    at validateTableName (C:\Users\admin\Downloads\nib_hr\backend\controllers\core\table.controller.js:1467:11)[39m
[31m    at C:\Users\admin\Downloads\nib_hr\backend\controllers\core\table.controller.js:1474:21[39m
[31m    at C:\Users\admin\Downloads\nib_hr\backend\utils\asyncHandler.js:4:21[39m
[31m    at Layer.handle [as handle_request] (C:\Users\admin\Downloads\nib_hr\backend\node_modules\express\lib\router\layer.js:95:5)[39m
[31m    at next (C:\Users\admin\Downloads\nib_hr\backend\node_modules\express\lib\router\route.js:149:13)[39m
[31m    at C:\Users\admin\Downloads\nib_hr\backend\middleware\audit.middleware.js:98:5[39m
[31m    at Layer.handle [as handle_request] (C:\Users\admin\Downloads\nib_hr\backend\node_modules\express\lib\router\layer.js:95:5)[39m
[31m    at next (C:\Users\admin\Downloads\nib_hr\backend\node_modules\express\lib\router\route.js:149:13)[39m
[31m    at Route.dispatch (C:\Users\admin\Downloads\nib_hr\backend\node_modules\express\lib\router\route.js:119:3)[39m
[31m    at Layer.handle [as handle_request] (C:\Users\admin\Downloads\nib_hr\backend\node_modules\express\lib\router\layer.js:95:5)[39m
2026-09-11 14:44:02:442 [31merror[39m: [31mGET /api/table/experience_letters - Error: Access restricted: Table 'experience_letters' is not in the whitelist.[39m
[31mStack: Error: Access restricted: Table 'experience_letters' is not in the whitelist.[39m
[31m    at validateTableName (C:\Users\admin\Downloads\nib_hr\backend\controllers\core\table.controller.js:1467:11)[39m
[31m    at C:\Users\admin\Downloads\nib_hr\backend\controllers\core\table.controller.js:1474:21[39m
[31m    at C:\Users\admin\Downloads\nib_hr\backend\utils\asyncHandler.js:4:21[39m
[31m    at Layer.handle [as handle_request] (C:\Users\admin\Downloads\nib_hr\backend\node_modules\express\lib\router\layer.js:95:5)[39m
[31m    at next (C:\Users\admin\Downloads\nib_hr\backend\node_modules\express\lib\router\route.js:149:13)[39m
[31m    at C:\Users\admin\Downloads\nib_hr\backend\middleware\audit.middleware.js:98:5[39m
[31m    at Layer.handle [as handle_request] (C:\Users\admin\Downloads\nib_hr\backend\node_modules\express\lib\router\layer.js:95:5)[39m
[31m    at next (C:\Users\admin\Downloads\nib_hr\backend\node_modules\express\lib\router\route.js:149:13)[39m
[31m    at Route.dispatch (C:\Users\admin\Downloads\nib_hr\backend\node_modules\express\lib\router\route.js:119:3)[39m
[31m    at Layer.handle [as handle_request] (C:\Users\admin\Downloads\nib_hr\backend\node_modules\express\lib\router\layer.js:95:5)[39m
2026-09-11 14:44:02:442 [31merror[39m: [31mGET /api/table/exit_requests - Error: Access restricted: Table 'exit_requests' is not in the whitelist.[39m
[31mStack: Error: Access restricted: Table 'exit_requests' is not in the whitelist.[39m
[31m    at validateTableName (C:\Users\admin\Downloads\nib_hr\backend\controllers\core\table.controller.js:1467:11)[39m
[31m    at C:\Users\admin\Downloads\nib_hr\backend\controllers\core\table.controller.js:1474:21[39m
[31m    at C:\Users\admin\Downloads\nib_hr\backend\utils\asyncHandler.js:4:21[39m
[31m    at Layer.handle [as handle_request] (C:\Users\admin\Downloads\nib_hr\backend\node_modules\express\lib\router\layer.js:95:5)[39m
[31m    at next (C:\Users\admin\Downloads\nib_hr\backend\node_modules\express\lib\router\route.js:149:13)[39m
[31m    at C:\Users\admin\Downloads\nib_hr\backend\middleware\audit.middleware.js:98:5[39m
[31m    at Layer.handle [as handle_request] (C:\Users\admin\Downloads\nib_hr\backend\node_modules\express\lib\router\layer.js:95:5)[39m
[31m    at next (C:\Users\admin\Downloads\nib_hr\backend\node_modules\express\lib\router\route.js:149:13)[39m
[31m    at Route.dispatch (C:\Users\admin\Downloads\nib_hr\backend\node_modules\express\lib\router\route.js:119:3)[39m
[31m    at Layer.handle [as handle_request] (C:\Users\admin\Downloads\nib_hr\backend\node_modules\express\lib\router\layer.js:95:5)[39m
2026-09-11 14:44:02:442 [31merror[39m: [31mGET /api/table/exit_requests - Error: Access restricted: Table 'exit_requests' is not in the whitelist.[39m
[31mStack: Error: Access restricted: Table 'exit_requests' is not in the whitelist.[39m
[31m    at validateTableName (C:\Users\admin\Downloads\nib_hr\backend\controllers\core\table.controller.js:1467:11)[39m
[31m    at C:\Users\admin\Downloads\nib_hr\backend\controllers\core\table.controller.js:1474:21[39m
[31m    at C:\Users\admin\Downloads\nib_hr\backend\utils\asyncHandler.js:4:21[39m
[31m    at Layer.handle [as handle_request] (C:\Users\admin\Downloads\nib_hr\backend\node_modules\express\lib\router\layer.js:95:5)[39m
[31m    at next (C:\Users\admin\Downloads\nib_hr\backend\node_modules\express\lib\router\route.js:149:13)[39m
[31m    at C:\Users\admin\Downloads\nib_hr\backend\middleware\audit.middleware.js:98:5[39m
[31m    at Layer.handle [as handle_request] (C:\Users\admin\Downloads\nib_hr\backend\node_modules\express\lib\router\layer.js:95:5)[39m
[31m    at next (C:\Users\admin\Downloads\nib_hr\backend\node_modules\express\lib\router\route.js:149:13)[39m
[31m    at Route.dispatch (C:\Users\admin\Downloads\nib_hr\backend\node_modules\express\lib\router\route.js:119:3)[39m
[31m    at Layer.handle [as handle_request] (C:\Users\admin\Downloads\nib_hr\backend\node_modules\express\lib\router\layer.js:95:5)[39m
2026-09-11 14:44:03:443 [31merror[39m: [31mGET /api/table/exit_requests - Error: Access restricted: Table 'exit_requests' is not in the whitelist.[39m
[31mStack: Error: Access restricted: Table 'exit_requests' is not in the whitelist.[39m
[31m    at validateTableName (C:\Users\admin\Downloads\nib_hr\backend\controllers\core\table.controller.js:1467:11)[39m
[31m    at C:\Users\admin\Downloads\nib_hr\backend\controllers\core\table.controller.js:1474:21[39m
[31m    at C:\Users\admin\Downloads\nib_hr\backend\utils\asyncHandler.js:4:21[39m
[31m    at Layer.handle [as handle_request] (C:\Users\admin\Downloads\nib_hr\backend\node_modules\express\lib\router\layer.js:95:5)[39m
[31m    at next (C:\Users\admin\Downloads\nib_hr\backend\node_modules\express\lib\router\route.js:149:13)[39m
[31m    at C:\Users\admin\Downloads\nib_hr\backend\middleware\audit.middleware.js:98:5[39m
[31m    at Layer.handle [as handle_request] (C:\Users\admin\Downloads\nib_hr\backend\node_modules\express\lib\router\layer.js:95:5)[39m
[31m    at next (C:\Users\admin\Downloads\nib_hr\backend\node_modules\express\lib\router\route.js:149:13)[39m
[31m    at Route.dispatch (C:\Users\admin\Downloads\nib_hr\backend\node_modules\express\lib\router\route.js:119:3)[39m
[31m    at Layer.handle [as handle_request] (C:\Users\admin\Downloads\nib_hr\backend\node_modules\express\lib\router\layer.js:95:5)[39m
2026-09-11 14:44:03:443 [31merror[39m: [31mGET /api/table/exit_requests - Error: Access restricted: Table 'exit_requests' is not in the whitelist.[39m
[31mStack: Error: Access restricted: Table 'exit_requests' is not in the whitelist.[39m
[31m    at validateTableName (C:\Users\admin\Downloads\nib_hr\backend\controllers\core\table.controller.js:1467:11)[39m
[31m    at C:\Users\admin\Downloads\nib_hr\backend\controllers\core\table.controller.js:1474:21[39m
[31m    at C:\Users\admin\Downloads\nib_hr\backend\utils\asyncHandler.js:4:21[39m
[31m    at Layer.handle [as handle_request] (C:\Users\admin\Downloads\nib_hr\backend\node_modules\express\lib\router\layer.js:95:5)[39m
[31m    at next (C:\Users\admin\Downloads\nib_hr\backend\node_modules\express\lib\router\route.js:149:13)[39m
[31m    at C:\Users\admin\Downloads\nib_hr\backend\middleware\audit.middleware.js:98:5[39m
[31m    at Layer.handle [as handle_request] (C:\Users\admin\Downloads\nib_hr\backend\node_modules\express\lib\router\layer.js:95:5)[39m
[31m    at next (C:\Users\admin\Downloads\nib_hr\backend\node_modules\express\lib\router\route.js:149:13)[39m
[31m    at Route.dispatch (C:\Users\admin\Downloads\nib_hr\backend\node_modules\express\lib\router\route.js:119:3)[39m
[31m    at Layer.handle [as handle_request] (C:\Users\admin\Downloads\nib_hr\backend\node_modules\express\lib\router\layer.js:95:5)[39m
2026-09-11 14:53:23:5323 [31merror[39m: [31mPOST /api/auth/login - Error: Invalid email or password.[39m
[31mStack: Error: Invalid email or password.[39m
[31m    at AuthService.login (C:\Users\admin\Downloads\nib_hr\backend\services\auth.service.js:206:15)[39m
[31m    at async C:\Users\admin\Downloads\nib_hr\backend\controllers\auth.controller.js:17:18[39m
2026-09-11 14:53:28:5328 [31merror[39m: [31mGET /api/table/documents - Error: Access restricted: Table 'documents' is not in the whitelist.[39m
[31mStack: Error: Access restricted: Table 'documents' is not in the whitelist.[39m
[31m    at validateTableName (C:\Users\admin\Downloads\nib_hr\backend\controllers\core\table.controller.js:1467:11)[39m
[31m    at C:\Users\admin\Downloads\nib_hr\backend\controllers\core\table.controller.js:1474:21[39m
[31m    at C:\Users\admin\Downloads\nib_hr\backend\utils\asyncHandler.js:4:21[39m
[31m    at Layer.handle [as handle_request] (C:\Users\admin\Downloads\nib_hr\backend\node_modules\express\lib\router\layer.js:95:5)[39m
[31m    at next (C:\Users\admin\Downloads\nib_hr\backend\node_modules\express\lib\router\route.js:149:13)[39m
[31m    at C:\Users\admin\Downloads\nib_hr\backend\middleware\audit.middleware.js:98:5[39m
[31m    at Layer.handle [as handle_request] (C:\Users\admin\Downloads\nib_hr\backend\node_modules\express\lib\router\layer.js:95:5)[39m
[31m    at next (C:\Users\admin\Downloads\nib_hr\backend\node_modules\express\lib\router\route.js:149:13)[39m
[31m    at Route.dispatch (C:\Users\admin\Downloads\nib_hr\backend\node_modules\express\lib\router\route.js:119:3)[39m
[31m    at Layer.handle [as handle_request] (C:\Users\admin\Downloads\nib_hr\backend\node_modules\express\lib\router\layer.js:95:5)[39m
2026-09-11 14:53:28:5328 [31merror[39m: [31mGET /api/table/documents - Error: Access restricted: Table 'documents' is not in the whitelist.[39m
[31mStack: Error: Access restricted: Table 'documents' is not in the whitelist.[39m
[31m    at validateTableName (C:\Users\admin\Downloads\nib_hr\backend\controllers\core\table.controller.js:1467:11)[39m
[31m    at C:\Users\admin\Downloads\nib_hr\backend\controllers\core\table.controller.js:1474:21[39m
[31m    at C:\Users\admin\Downloads\nib_hr\backend\utils\asyncHandler.js:4:21[39m
[31m    at Layer.handle [as handle_request] (C:\Users\admin\Downloads\nib_hr\backend\node_modules\express\lib\router\layer.js:95:5)[39m
[31m    at next (C:\Users\admin\Downloads\nib_hr\backend\node_modules\express\lib\router\route.js:149:13)[39m
[31m    at C:\Users\admin\Downloads\nib_hr\backend\middleware\audit.middleware.js:98:5[39m
[31m    at Layer.handle [as handle_request] (C:\Users\admin\Downloads\nib_hr\backend\node_modules\express\lib\router\layer.js:95:5)[39m
[31m    at next (C:\Users\admin\Downloads\nib_hr\backend\node_modules\express\lib\router\route.js:149:13)[39m
[31m    at Route.dispatch (C:\Users\admin\Downloads\nib_hr\backend\node_modules\express\lib\router\route.js:119:3)[39m
[31m    at Layer.handle [as handle_request] (C:\Users\admin\Downloads\nib_hr\backend\node_modules\express\lib\router\layer.js:95:5)[39m
2026-09-11 14:53:29:5329 [31merror[39m: [31mGET /api/table/exit_requests - Error: Access restricted: Table 'exit_requests' is not in the whitelist.[39m
[31mStack: Error: Access restricted: Table 'exit_requests' is not in the whitelist.[39m
[31m    at validateTableName (C:\Users\admin\Downloads\nib_hr\backend\controllers\core\table.controller.js:1467:11)[39m
[31m    at C:\Users\admin\Downloads\nib_hr\backend\controllers\core\table.controller.js:1474:21[39m
[31m    at C:\Users\admin\Downloads\nib_hr\backend\utils\asyncHandler.js:4:21[39m
[31m    at Layer.handle [as handle_request] (C:\Users\admin\Downloads\nib_hr\backend\node_modules\express\lib\router\layer.js:95:5)[39m
[31m    at next (C:\Users\admin\Downloads\nib_hr\backend\node_modules\express\lib\router\route.js:149:13)[39m
[31m    at C:\Users\admin\Downloads\nib_hr\backend\middleware\audit.middleware.js:98:5[39m
[31m    at Layer.handle [as handle_request] (C:\Users\admin\Downloads\nib_hr\backend\node_modules\express\lib\router\layer.js:95:5)[39m
[31m    at next (C:\Users\admin\Downloads\nib_hr\backend\node_modules\express\lib\router\route.js:149:13)[39m
[31m    at Route.dispatch (C:\Users\admin\Downloads\nib_hr\backend\node_modules\express\lib\router\route.js:119:3)[39m
[31m    at Layer.handle [as handle_request] (C:\Users\admin\Downloads\nib_hr\backend\node_modules\express\lib\router\layer.js:95:5)[39m
2026-09-11 14:53:29:5329 [31merror[39m: [31mGET /api/table/notice_periods - Error: Access restricted: Table 'notice_periods' is not in the whitelist.[39m
[31mStack: Error: Access restricted: Table 'notice_periods' is not in the whitelist.[39m
[31m    at validateTableName (C:\Users\admin\Downloads\nib_hr\backend\controllers\core\table.controller.js:1467:11)[39m
[31m    at C:\Users\admin\Downloads\nib_hr\backend\controllers\core\table.controller.js:1474:21[39m
[31m    at C:\Users\admin\Downloads\nib_hr\backend\utils\asyncHandler.js:4:21[39m
[31m    at Layer.handle [as handle_request] (C:\Users\admin\Downloads\nib_hr\backend\node_modules\express\lib\router\layer.js:95:5)[39m
[31m    at next (C:\Users\admin\Downloads\nib_hr\backend\node_modules\express\lib\router\route.js:149:13)[39m
[31m    at C:\Users\admin\Downloads\nib_hr\backend\middleware\audit.middleware.js:98:5[39m
[31m    at Layer.handle [as handle_request] (C:\Users\admin\Downloads\nib_hr\backend\node_modules\express\lib\router\layer.js:95:5)[39m
[31m    at next (C:\Users\admin\Downloads\nib_hr\backend\node_modules\express\lib\router\route.js:149:13)[39m
[31m    at Route.dispatch (C:\Users\admin\Downloads\nib_hr\backend\node_modules\express\lib\router\route.js:119:3)[39m
[31m    at Layer.handle [as handle_request] (C:\Users\admin\Downloads\nib_hr\backend\node_modules\express\lib\router\layer.js:95:5)[39m
2026-09-11 14:53:29:5329 [31merror[39m: [31mGET /api/table/exit_clearances - Error: Access restricted: Table 'exit_clearances' is not in the whitelist.[39m
[31mStack: Error: Access restricted: Table 'exit_clearances' is not in the whitelist.[39m
[31m    at validateTableName (C:\Users\admin\Downloads\nib_hr\backend\controllers\core\table.controller.js:1467:11)[39m
[31m    at C:\Users\admin\Downloads\nib_hr\backend\controllers\core\table.controller.js:1474:21[39m
[31m    at C:\Users\admin\Downloads\nib_hr\backend\utils\asyncHandler.js:4:21[39m
[31m    at Layer.handle [as handle_request] (C:\Users\admin\Downloads\nib_hr\backend\node_modules\express\lib\router\layer.js:95:5)[39m
[31m    at next (C:\Users\admin\Downloads\nib_hr\backend\node_modules\express\lib\router\route.js:149:13)[39m
[31m    at C:\Users\admin\Downloads\nib_hr\backend\middleware\audit.middleware.js:98:5[39m
[31m    at Layer.handle [as handle_request] (C:\Users\admin\Downloads\nib_hr\backend\node_modules\express\lib\router\layer.js:95:5)[39m
[31m    at next (C:\Users\admin\Downloads\nib_hr\backend\node_modules\express\lib\router\route.js:149:13)[39m
[31m    at Route.dispatch (C:\Users\admin\Downloads\nib_hr\backend\node_modules\express\lib\router\route.js:119:3)[39m
[31m    at Layer.handle [as handle_request] (C:\Users\admin\Downloads\nib_hr\backend\node_modules\express\lib\router\layer.js:95:5)[39m
2026-09-11 14:53:29:5329 [31merror[39m: [31mGET /api/table/asset_returns - Error: Access restricted: Table 'asset_returns' is not in the whitelist.[39m
[31mStack: Error: Access restricted: Table 'asset_returns' is not in the whitelist.[39m
[31m    at validateTableName (C:\Users\admin\Downloads\nib_hr\backend\controllers\core\table.controller.js:1467:11)[39m
[31m    at C:\Users\admin\Downloads\nib_hr\backend\controllers\core\table.controller.js:1474:21[39m
[31m    at C:\Users\admin\Downloads\nib_hr\backend\utils\asyncHandler.js:4:21[39m
[31m    at Layer.handle [as handle_request] (C:\Users\admin\Downloads\nib_hr\backend\node_modules\express\lib\router\layer.js:95:5)[39m
[31m    at next (C:\Users\admin\Downloads\nib_hr\backend\node_modules\express\lib\router\route.js:149:13)[39m
[31m    at C:\Users\admin\Downloads\nib_hr\backend\middleware\audit.middleware.js:98:5[39m
[31m    at Layer.handle [as handle_request] (C:\Users\admin\Downloads\nib_hr\backend\node_modules\express\lib\router\layer.js:95:5)[39m
[31m    at next (C:\Users\admin\Downloads\nib_hr\backend\node_modules\express\lib\router\route.js:149:13)[39m
[31m    at Route.dispatch (C:\Users\admin\Downloads\nib_hr\backend\node_modules\express\lib\router\route.js:119:3)[39m
[31m    at Layer.handle [as handle_request] (C:\Users\admin\Downloads\nib_hr\backend\node_modules\express\lib\router\layer.js:95:5)[39m
2026-09-11 14:53:29:5329 [31merror[39m: [31mGET /api/table/no_dues - Error: Access restricted: Table 'no_dues' is not in the whitelist.[39m
[31mStack: Error: Access restricted: Table 'no_dues' is not in the whitelist.[39m
[31m    at validateTableName (C:\Users\admin\Downloads\nib_hr\backend\controllers\core\table.controller.js:1467:11)[39m
[31m    at C:\Users\admin\Downloads\nib_hr\backend\controllers\core\table.controller.js:1474:21[39m
[31m    at C:\Users\admin\Downloads\nib_hr\backend\utils\asyncHandler.js:4:21[39m
[31m    at Layer.handle [as handle_request] (C:\Users\admin\Downloads\nib_hr\backend\node_modules\express\lib\router\layer.js:95:5)[39m
[31m    at next (C:\Users\admin\Downloads\nib_hr\backend\node_modules\express\lib\router\route.js:149:13)[39m
[31m    at C:\Users\admin\Downloads\nib_hr\backend\middleware\audit.middleware.js:98:5[39m
[31m    at Layer.handle [as handle_request] (C:\Users\admin\Downloads\nib_hr\backend\node_modules\express\lib\router\layer.js:95:5)[39m
[31m    at next (C:\Users\admin\Downloads\nib_hr\backend\node_modules\express\lib\router\route.js:149:13)[39m
[31m    at Route.dispatch (C:\Users\admin\Downloads\nib_hr\backend\node_modules\express\lib\router\route.js:119:3)[39m
[31m    at Layer.handle [as handle_request] (C:\Users\admin\Downloads\nib_hr\backend\node_modules\express\lib\router\layer.js:95:5)[39m
2026-09-11 14:53:29:5329 [31merror[39m: [31mGET /api/table/fnf_settlements - Error: Access restricted: Table 'fnf_settlements' is not in the whitelist.[39m
[31mStack: Error: Access restricted: Table 'fnf_settlements' is not in the whitelist.[39m
[31m    at validateTableName (C:\Users\admin\Downloads\nib_hr\backend\controllers\core\table.controller.js:1467:11)[39m
[31m    at C:\Users\admin\Downloads\nib_hr\backend\controllers\core\table.controller.js:1474:21[39m
[31m    at C:\Users\admin\Downloads\nib_hr\backend\utils\asyncHandler.js:4:21[39m
[31m    at Layer.handle [as handle_request] (C:\Users\admin\Downloads\nib_hr\backend\node_modules\express\lib\router\layer.js:95:5)[39m
[31m    at next (C:\Users\admin\Downloads\nib_hr\backend\node_modules\express\lib\router\route.js:149:13)[39m
[31m    at C:\Users\admin\Downloads\nib_hr\backend\middleware\audit.middleware.js:98:5[39m
[31m    at Layer.handle [as handle_request] (C:\Users\admin\Downloads\nib_hr\backend\node_modules\express\lib\router\layer.js:95:5)[39m
[31m    at next (C:\Users\admin\Downloads\nib_hr\backend\node_modules\express\lib\router\route.js:149:13)[39m
[31m    at Route.dispatch (C:\Users\admin\Downloads\nib_hr\backend\node_modules\express\lib\router\route.js:119:3)[39m
[31m    at Layer.handle [as handle_request] (C:\Users\admin\Downloads\nib_hr\backend\node_modules\express\lib\router\layer.js:95:5)[39m
2026-09-11 14:53:29:5329 [31merror[39m: [31mGET /api/table/exit_interviews - Error: Access restricted: Table 'exit_interviews' is not in the whitelist.[39m
[31mStack: Error: Access restricted: Table 'exit_interviews' is not in the whitelist.[39m
[31m    at validateTableName (C:\Users\admin\Downloads\nib_hr\backend\controllers\core\table.controller.js:1467:11)[39m
[31m    at C:\Users\admin\Downloads\nib_hr\backend\controllers\core\table.controller.js:1474:21[39m
[31m    at C:\Users\admin\Downloads\nib_hr\backend\utils\asyncHandler.js:4:21[39m
[31m    at Layer.handle [as handle_request] (C:\Users\admin\Downloads\nib_hr\backend\node_modules\express\lib\router\layer.js:95:5)[39m
[31m    at next (C:\Users\admin\Downloads\nib_hr\backend\node_modules\express\lib\router\route.js:149:13)[39m
[31m    at C:\Users\admin\Downloads\nib_hr\backend\middleware\audit.middleware.js:98:5[39m
[31m    at Layer.handle [as handle_request] (C:\Users\admin\Downloads\nib_hr\backend\node_modules\express\lib\router\layer.js:95:5)[39m
[31m    at next (C:\Users\admin\Downloads\nib_hr\backend\node_modules\express\lib\router\route.js:149:13)[39m
[31m    at Route.dispatch (C:\Users\admin\Downloads\nib_hr\backend\node_modules\express\lib\router\route.js:119:3)[39m
[31m    at Layer.handle [as handle_request] (C:\Users\admin\Downloads\nib_hr\backend\node_modules\express\lib\router\layer.js:95:5)[39m
2026-09-11 14:53:29:5329 [31merror[39m: [31mGET /api/table/experience_letters - Error: Access restricted: Table 'experience_letters' is not in the whitelist.[39m
[31mStack: Error: Access restricted: Table 'experience_letters' is not in the whitelist.[39m
[31m    at validateTableName (C:\Users\admin\Downloads\nib_hr\backend\controllers\core\table.controller.js:1467:11)[39m
[31m    at C:\Users\admin\Downloads\nib_hr\backend\controllers\core\table.controller.js:1474:21[39m
[31m    at C:\Users\admin\Downloads\nib_hr\backend\utils\asyncHandler.js:4:21[39m
[31m    at Layer.handle [as handle_request] (C:\Users\admin\Downloads\nib_hr\backend\node_modules\express\lib\router\layer.js:95:5)[39m
[31m    at next (C:\Users\admin\Downloads\nib_hr\backend\node_modules\express\lib\router\route.js:149:13)[39m
[31m    at C:\Users\admin\Downloads\nib_hr\backend\middleware\audit.middleware.js:98:5[39m
[31m    at Layer.handle [as handle_request] (C:\Users\admin\Downloads\nib_hr\backend\node_modules\express\lib\router\layer.js:95:5)[39m
[31m    at next (C:\Users\admin\Downloads\nib_hr\backend\node_modules\express\lib\router\route.js:149:13)[39m
[31m    at Route.dispatch (C:\Users\admin\Downloads\nib_hr\backend\node_modules\express\lib\router\route.js:119:3)[39m
[31m    at Layer.handle [as handle_request] (C:\Users\admin\Downloads\nib_hr\backend\node_modules\express\lib\router\layer.js:95:5)[39m
2026-09-11 14:53:29:5329 [31merror[39m: [31mGET /api/table/exit_requests - Error: Access restricted: Table 'exit_requests' is not in the whitelist.[39m
[31mStack: Error: Access restricted: Table 'exit_requests' is not in the whitelist.[39m
[31m    at validateTableName (C:\Users\admin\Downloads\nib_hr\backend\controllers\core\table.controller.js:1467:11)[39m
[31m    at C:\Users\admin\Downloads\nib_hr\backend\controllers\core\table.controller.js:1474:21[39m
[31m    at C:\Users\admin\Downloads\nib_hr\backend\utils\asyncHandler.js:4:21[39m
[31m    at Layer.handle [as handle_request] (C:\Users\admin\Downloads\nib_hr\backend\node_modules\express\lib\router\layer.js:95:5)[39m
[31m    at next (C:\Users\admin\Downloads\nib_hr\backend\node_modules\express\lib\router\route.js:149:13)[39m
[31m    at C:\Users\admin\Downloads\nib_hr\backend\middleware\audit.middleware.js:98:5[39m
[31m    at Layer.handle [as handle_request] (C:\Users\admin\Downloads\nib_hr\backend\node_modules\express\lib\router\layer.js:95:5)[39m
[31m    at next (C:\Users\admin\Downloads\nib_hr\backend\node_modules\express\lib\router\route.js:149:13)[39m
[31m    at Route.dispatch (C:\Users\admin\Downloads\nib_hr\backend\node_modules\express\lib\router\route.js:119:3)[39m
[31m    at Layer.handle [as handle_request] (C:\Users\admin\Downloads\nib_hr\backend\node_modules\express\lib\router\layer.js:95:5)[39m
2026-09-11 14:53:29:5329 [31merror[39m: [31mGET /api/table/notice_periods - Error: Access restricted: Table 'notice_periods' is not in the whitelist.[39m
[31mStack: Error: Access restricted: Table 'notice_periods' is not in the whitelist.[39m
[31m    at validateTableName (C:\Users\admin\Downloads\nib_hr\backend\controllers\core\table.controller.js:1467:11)[39m
[31m    at C:\Users\admin\Downloads\nib_hr\backend\controllers\core\table.controller.js:1474:21[39m
[31m    at C:\Users\admin\Downloads\nib_hr\backend\utils\asyncHandler.js:4:21[39m
[31m    at Layer.handle [as handle_request] (C:\Users\admin\Downloads\nib_hr\backend\node_modules\express\lib\router\layer.js:95:5)[39m
[31m    at next (C:\Users\admin\Downloads\nib_hr\backend\node_modules\express\lib\router\route.js:149:13)[39m
[31m    at C:\Users\admin\Downloads\nib_hr\backend\middleware\audit.middleware.js:98:5[39m
[31m    at Layer.handle [as handle_request] (C:\Users\admin\Downloads\nib_hr\backend\node_modules\express\lib\router\layer.js:95:5)[39m
[31m    at next (C:\Users\admin\Downloads\nib_hr\backend\node_modules\express\lib\router\route.js:149:13)[39m
[31m    at Route.dispatch (C:\Users\admin\Downloads\nib_hr\backend\node_modules\express\lib\router\route.js:119:3)[39m
[31m    at Layer.handle [as handle_request] (C:\Users\admin\Downloads\nib_hr\backend\node_modules\express\lib\router\layer.js:95:5)[39m
2026-09-11 14:53:29:5329 [31merror[39m: [31mGET /api/table/exit_clearances - Error: Access restricted: Table 'exit_clearances' is not in the whitelist.[39m
[31mStack: Error: Access restricted: Table 'exit_clearances' is not in the whitelist.[39m
[31m    at validateTableName (C:\Users\admin\Downloads\nib_hr\backend\controllers\core\table.controller.js:1467:11)[39m
[31m    at C:\Users\admin\Downloads\nib_hr\backend\controllers\core\table.controller.js:1474:21[39m
[31m    at C:\Users\admin\Downloads\nib_hr\backend\utils\asyncHandler.js:4:21[39m
[31m    at Layer.handle [as handle_request] (C:\Users\admin\Downloads\nib_hr\backend\node_modules\express\lib\router\layer.js:95:5)[39m
[31m    at next (C:\Users\admin\Downloads\nib_hr\backend\node_modules\express\lib\router\route.js:149:13)[39m
[31m    at C:\Users\admin\Downloads\nib_hr\backend\middleware\audit.middleware.js:98:5[39m
[31m    at Layer.handle [as handle_request] (C:\Users\admin\Downloads\nib_hr\backend\node_modules\express\lib\router\layer.js:95:5)[39m
[31m    at next (C:\Users\admin\Downloads\nib_hr\backend\node_modules\express\lib\router\route.js:149:13)[39m
[31m    at Route.dispatch (C:\Users\admin\Downloads\nib_hr\backend\node_modules\express\lib\router\route.js:119:3)[39m
[31m    at Layer.handle [as handle_request] (C:\Users\admin\Downloads\nib_hr\backend\node_modules\express\lib\router\layer.js:95:5)[39m
2026-09-11 14:53:29:5329 [31merror[39m: [31mGET /api/table/asset_returns - Error: Access restricted: Table 'asset_returns' is not in the whitelist.[39m
[31mStack: Error: Access restricted: Table 'asset_returns' is not in the whitelist.[39m
[31m    at validateTableName (C:\Users\admin\Downloads\nib_hr\backend\controllers\core\table.controller.js:1467:11)[39m
[31m    at C:\Users\admin\Downloads\nib_hr\backend\controllers\core\table.controller.js:1474:21[39m
[31m    at C:\Users\admin\Downloads\nib_hr\backend\utils\asyncHandler.js:4:21[39m
[31m    at Layer.handle [as handle_request] (C:\Users\admin\Downloads\nib_hr\backend\node_modules\express\lib\router\layer.js:95:5)[39m
[31m    at next (C:\Users\admin\Downloads\nib_hr\backend\node_modules\express\lib\router\route.js:149:13)[39m
[31m    at C:\Users\admin\Downloads\nib_hr\backend\middleware\audit.middleware.js:98:5[39m
[31m    at Layer.handle [as handle_request] (C:\Users\admin\Downloads\nib_hr\backend\node_modules\express\lib\router\layer.js:95:5)[39m
[31m    at next (C:\Users\admin\Downloads\nib_hr\backend\node_modules\express\lib\router\route.js:149:13)[39m
[31m    at Route.dispatch (C:\Users\admin\Downloads\nib_hr\backend\node_modules\express\lib\router\route.js:119:3)[39m
[31m    at Layer.handle [as handle_request] (C:\Users\admin\Downloads\nib_hr\backend\node_modules\express\lib\router\layer.js:95:5)[39m
2026-09-11 14:53:29:5329 [31merror[39m: [31mGET /api/table/no_dues - Error: Access restricted: Table 'no_dues' is not in the whitelist.[39m
[31mStack: Error: Access restricted: Table 'no_dues' is not in the whitelist.[39m
[31m    at validateTableName (C:\Users\admin\Downloads\nib_hr\backend\controllers\core\table.controller.js:1467:11)[39m
[31m    at C:\Users\admin\Downloads\nib_hr\backend\controllers\core\table.controller.js:1474:21[39m
[31m    at C:\Users\admin\Downloads\nib_hr\backend\utils\asyncHandler.js:4:21[39m
[31m    at Layer.handle [as handle_request] (C:\Users\admin\Downloads\nib_hr\backend\node_modules\express\lib\router\layer.js:95:5)[39m
[31m    at next (C:\Users\admin\Downloads\nib_hr\backend\node_modules\express\lib\router\route.js:149:13)[39m
[31m    at C:\Users\admin\Downloads\nib_hr\backend\middleware\audit.middleware.js:98:5[39m
[31m    at Layer.handle [as handle_request] (C:\Users\admin\Downloads\nib_hr\backend\node_modules\express\lib\router\layer.js:95:5)[39m
[31m    at next (C:\Users\admin\Downloads\nib_hr\backend\node_modules\express\lib\router\route.js:149:13)[39m
[31m    at Route.dispatch (C:\Users\admin\Downloads\nib_hr\backend\node_modules\express\lib\router\route.js:119:3)[39m
[31m    at Layer.handle [as handle_request] (C:\Users\admin\Downloads\nib_hr\backend\node_modules\express\lib\router\layer.js:95:5)[39m
2026-09-11 14:53:29:5329 [31merror[39m: [31mGET /api/table/fnf_settlements - Error: Access restricted: Table 'fnf_settlements' is not in the whitelist.[39m
[31mStack: Error: Access restricted: Table 'fnf_settlements' is not in the whitelist.[39m
[31m    at validateTableName (C:\Users\admin\Downloads\nib_hr\backend\controllers\core\table.controller.js:1467:11)[39m
[31m    at C:\Users\admin\Downloads\nib_hr\backend\controllers\core\table.controller.js:1474:21[39m
[31m    at C:\Users\admin\Downloads\nib_hr\backend\utils\asyncHandler.js:4:21[39m
[31m    at Layer.handle [as handle_request] (C:\Users\admin\Downloads\nib_hr\backend\node_modules\express\lib\router\layer.js:95:5)[39m
[31m    at next (C:\Users\admin\Downloads\nib_hr\backend\node_modules\express\lib\router\route.js:149:13)[39m
[31m    at C:\Users\admin\Downloads\nib_hr\backend\middleware\audit.middleware.js:98:5[39m
[31m    at Layer.handle [as handle_request] (C:\Users\admin\Downloads\nib_hr\backend\node_modules\express\lib\router\layer.js:95:5)[39m
[31m    at next (C:\Users\admin\Downloads\nib_hr\backend\node_modules\express\lib\router\route.js:149:13)[39m
[31m    at Route.dispatch (C:\Users\admin\Downloads\nib_hr\backend\node_modules\express\lib\router\route.js:119:3)[39m
[31m    at Layer.handle [as handle_request] (C:\Users\admin\Downloads\nib_hr\backend\node_modules\express\lib\router\layer.js:95:5)[39m
2026-09-11 14:53:29:5329 [31merror[39m: [31mGET /api/table/exit_interviews - Error: Access restricted: Table 'exit_interviews' is not in the whitelist.[39m
[31mStack: Error: Access restricted: Table 'exit_interviews' is not in the whitelist.[39m
[31m    at validateTableName (C:\Users\admin\Downloads\nib_hr\backend\controllers\core\table.controller.js:1467:11)[39m
[31m    at C:\Users\admin\Downloads\nib_hr\backend\controllers\core\table.controller.js:1474:21[39m
[31m    at C:\Users\admin\Downloads\nib_hr\backend\utils\asyncHandler.js:4:21[39m
[31m    at Layer.handle [as handle_request] (C:\Users\admin\Downloads\nib_hr\backend\node_modules\express\lib\router\layer.js:95:5)[39m
[31m    at next (C:\Users\admin\Downloads\nib_hr\backend\node_modules\express\lib\router\route.js:149:13)[39m
[31m    at C:\Users\admin\Downloads\nib_hr\backend\middleware\audit.middleware.js:98:5[39m
[31m    at Layer.handle [as handle_request] (C:\Users\admin\Downloads\nib_hr\backend\node_modules\express\lib\router\layer.js:95:5)[39m
[31m    at next (C:\Users\admin\Downloads\nib_hr\backend\node_modules\express\lib\router\route.js:149:13)[39m
[31m    at Route.dispatch (C:\Users\admin\Downloads\nib_hr\backend\node_modules\express\lib\router\route.js:119:3)[39m
[31m    at Layer.handle [as handle_request] (C:\Users\admin\Downloads\nib_hr\backend\node_modules\express\lib\router\layer.js:95:5)[39m
2026-09-11 14:53:29:5329 [31merror[39m: [31mGET /api/table/experience_letters - Error: Access restricted: Table 'experience_letters' is not in the whitelist.[39m
[31mStack: Error: Access restricted: Table 'experience_letters' is not in the whitelist.[39m
[31m    at validateTableName (C:\Users\admin\Downloads\nib_hr\backend\controllers\core\table.controller.js:1467:11)[39m
[31m    at C:\Users\admin\Downloads\nib_hr\backend\controllers\core\table.controller.js:1474:21[39m
[31m    at C:\Users\admin\Downloads\nib_hr\backend\utils\asyncHandler.js:4:21[39m
[31m    at Layer.handle [as handle_request] (C:\Users\admin\Downloads\nib_hr\backend\node_modules\express\lib\router\layer.js:95:5)[39m
[31m    at next (C:\Users\admin\Downloads\nib_hr\backend\node_modules\express\lib\router\route.js:149:13)[39m
[31m    at C:\Users\admin\Downloads\nib_hr\backend\middleware\audit.middleware.js:98:5[39m
[31m    at Layer.handle [as handle_request] (C:\Users\admin\Downloads\nib_hr\backend\node_modules\express\lib\router\layer.js:95:5)[39m
[31m    at next (C:\Users\admin\Downloads\nib_hr\backend\node_modules\express\lib\router\route.js:149:13)[39m
[31m    at Route.dispatch (C:\Users\admin\Downloads\nib_hr\backend\node_modules\express\lib\router\route.js:119:3)[39m
[31m    at Layer.handle [as handle_request] (C:\Users\admin\Downloads\nib_hr\backend\node_modules\express\lib\router\layer.js:95:5)[39m
2026-09-11 14:53:30:5330 [31merror[39m: [31mGET /api/table/exit_requests - Error: Access restricted: Table 'exit_requests' is not in the whitelist.[39m
[31mStack: Error: Access restricted: Table 'exit_requests' is not in the whitelist.[39m
[31m    at validateTableName (C:\Users\admin\Downloads\nib_hr\backend\controllers\core\table.controller.js:1467:11)[39m
[31m    at C:\Users\admin\Downloads\nib_hr\backend\controllers\core\table.controller.js:1474:21[39m
[31m    at C:\Users\admin\Downloads\nib_hr\backend\utils\asyncHandler.js:4:21[39m
[31m    at Layer.handle [as handle_request] (C:\Users\admin\Downloads\nib_hr\backend\node_modules\express\lib\router\layer.js:95:5)[39m
[31m    at next (C:\Users\admin\Downloads\nib_hr\backend\node_modules\express\lib\router\route.js:149:13)[39m
[31m    at C:\Users\admin\Downloads\nib_hr\backend\middleware\audit.middleware.js:98:5[39m
[31m    at Layer.handle [as handle_request] (C:\Users\admin\Downloads\nib_hr\backend\node_modules\express\lib\router\layer.js:95:5)[39m
[31m    at next (C:\Users\admin\Downloads\nib_hr\backend\node_modules\express\lib\router\route.js:149:13)[39m
[31m    at Route.dispatch (C:\Users\admin\Downloads\nib_hr\backend\node_modules\express\lib\router\route.js:119:3)[39m
[31m    at Layer.handle [as handle_request] (C:\Users\admin\Downloads\nib_hr\backend\node_modules\express\lib\router\layer.js:95:5)[39m
2026-09-11 14:53:30:5330 [31merror[39m: [31mGET /api/table/exit_requests - Error: Access restricted: Table 'exit_requests' is not in the whitelist.[39m
[31mStack: Error: Access restricted: Table 'exit_requests' is not in the whitelist.[39m
[31m    at validateTableName (C:\Users\admin\Downloads\nib_hr\backend\controllers\core\table.controller.js:1467:11)[39m
[31m    at C:\Users\admin\Downloads\nib_hr\backend\controllers\core\table.controller.js:1474:21[39m
[31m    at C:\Users\admin\Downloads\nib_hr\backend\utils\asyncHandler.js:4:21[39m
[31m    at Layer.handle [as handle_request] (C:\Users\admin\Downloads\nib_hr\backend\node_modules\express\lib\router\layer.js:95:5)[39m
[31m    at next (C:\Users\admin\Downloads\nib_hr\backend\node_modules\express\lib\router\route.js:149:13)[39m
[31m    at C:\Users\admin\Downloads\nib_hr\backend\middleware\audit.middleware.js:98:5[39m
[31m    at Layer.handle [as handle_request] (C:\Users\admin\Downloads\nib_hr\backend\node_modules\express\lib\router\layer.js:95:5)[39m
[31m    at next (C:\Users\admin\Downloads\nib_hr\backend\node_modules\express\lib\router\route.js:149:13)[39m
[31m    at Route.dispatch (C:\Users\admin\Downloads\nib_hr\backend\node_modules\express\lib\router\route.js:119:3)[39m
[31m    at Layer.handle [as handle_request] (C:\Users\admin\Downloads\nib_hr\backend\node_modules\express\lib\router\layer.js:95:5)[39m
2026-09-11 14:53:31:5331 [31merror[39m: [31mGET /api/table/exit_requests - Error: Access restricted: Table 'exit_requests' is not in the whitelist.[39m
[31mStack: Error: Access restricted: Table 'exit_requests' is not in the whitelist.[39m
[31m    at validateTableName (C:\Users\admin\Downloads\nib_hr\backend\controllers\core\table.controller.js:1467:11)[39m
[31m    at C:\Users\admin\Downloads\nib_hr\backend\controllers\core\table.controller.js:1474:21[39m
[31m    at C:\Users\admin\Downloads\nib_hr\backend\utils\asyncHandler.js:4:21[39m
[31m    at Layer.handle [as handle_request] (C:\Users\admin\Downloads\nib_hr\backend\node_modules\express\lib\router\layer.js:95:5)[39m
[31m    at next (C:\Users\admin\Downloads\nib_hr\backend\node_modules\express\lib\router\route.js:149:13)[39m
[31m    at C:\Users\admin\Downloads\nib_hr\backend\middleware\audit.middleware.js:98:5[39m
[31m    at Layer.handle [as handle_request] (C:\Users\admin\Downloads\nib_hr\backend\node_modules\express\lib\router\layer.js:95:5)[39m
[31m    at next (C:\Users\admin\Downloads\nib_hr\backend\node_modules\express\lib\router\route.js:149:13)[39m
[31m    at Route.dispatch (C:\Users\admin\Downloads\nib_hr\backend\node_modules\express\lib\router\route.js:119:3)[39m
[31m    at Layer.handle [as handle_request] (C:\Users\admin\Downloads\nib_hr\backend\node_modules\express\lib\router\layer.js:95:5)[39m
2026-09-11 14:53:31:5331 [31merror[39m: [31mGET /api/table/exit_requests - Error: Access restricted: Table 'exit_requests' is not in the whitelist.[39m
[31mStack: Error: Access restricted: Table 'exit_requests' is not in the whitelist.[39m
[31m    at validateTableName (C:\Users\admin\Downloads\nib_hr\backend\controllers\core\table.controller.js:1467:11)[39m
[31m    at C:\Users\admin\Downloads\nib_hr\backend\controllers\core\table.controller.js:1474:21[39m
[31m    at C:\Users\admin\Downloads\nib_hr\backend\utils\asyncHandler.js:4:21[39m
[31m    at Layer.handle [as handle_request] (C:\Users\admin\Downloads\nib_hr\backend\node_modules\express\lib\router\layer.js:95:5)[39m
[31m    at next (C:\Users\admin\Downloads\nib_hr\backend\node_modules\express\lib\router\route.js:149:13)[39m
[31m    at C:\Users\admin\Downloads\nib_hr\backend\middleware\audit.middleware.js:98:5[39m
[31m    at Layer.handle [as handle_request] (C:\Users\admin\Downloads\nib_hr\backend\node_modules\express\lib\router\layer.js:95:5)[39m
[31m    at next (C:\Users\admin\Downloads\nib_hr\backend\node_modules\express\lib\router\route.js:149:13)[39m
[31m    at Route.dispatch (C:\Users\admin\Downloads\nib_hr\backend\node_modules\express\lib\router\route.js:119:3)[39m
[31m    at Layer.handle [as handle_request] (C:\Users\admin\Downloads\nib_hr\backend\node_modules\express\lib\router\layer.js:95:5)[39m
2026-09-11 14:53:46:5346 [31merror[39m: [31mGET /api/table/documents - Error: Access restricted: Table 'documents' is not in the whitelist.[39m
[31mStack: Error: Access restricted: Table 'documents' is not in the whitelist.[39m
[31m    at validateTableName (C:\Users\admin\Downloads\nib_hr\backend\controllers\core\table.controller.js:1467:11)[39m
[31m    at C:\Users\admin\Downloads\nib_hr\backend\controllers\core\table.controller.js:1474:21[39m
[31m    at C:\Users\admin\Downloads\nib_hr\backend\utils\asyncHandler.js:4:21[39m
[31m    at Layer.handle [as handle_request] (C:\Users\admin\Downloads\nib_hr\backend\node_modules\express\lib\router\layer.js:95:5)[39m
[31m    at next (C:\Users\admin\Downloads\nib_hr\backend\node_modules\express\lib\router\route.js:149:13)[39m
[31m    at C:\Users\admin\Downloads\nib_hr\backend\middleware\audit.middleware.js:98:5[39m
[31m    at Layer.handle [as handle_request] (C:\Users\admin\Downloads\nib_hr\backend\node_modules\express\lib\router\layer.js:95:5)[39m
[31m    at next (C:\Users\admin\Downloads\nib_hr\backend\node_modules\express\lib\router\route.js:149:13)[39m
[31m    at Route.dispatch (C:\Users\admin\Downloads\nib_hr\backend\node_modules\express\lib\router\route.js:119:3)[39m
[31m    at Layer.handle [as handle_request] (C:\Users\admin\Downloads\nib_hr\backend\node_modules\express\lib\router\layer.js:95:5)[39m
2026-09-11 14:53:47:5347 [31merror[39m: [31mGET /api/table/documents - Error: Access restricted: Table 'documents' is not in the whitelist.[39m
[31mStack: Error: Access restricted: Table 'documents' is not in the whitelist.[39m
[31m    at validateTableName (C:\Users\admin\Downloads\nib_hr\backend\controllers\core\table.controller.js:1467:11)[39m
[31m    at C:\Users\admin\Downloads\nib_hr\backend\controllers\core\table.controller.js:1474:21[39m
[31m    at C:\Users\admin\Downloads\nib_hr\backend\utils\asyncHandler.js:4:21[39m
[31m    at Layer.handle [as handle_request] (C:\Users\admin\Downloads\nib_hr\backend\node_modules\express\lib\router\layer.js:95:5)[39m
[31m    at next (C:\Users\admin\Downloads\nib_hr\backend\node_modules\express\lib\router\route.js:149:13)[39m
[31m    at C:\Users\admin\Downloads\nib_hr\backend\middleware\audit.middleware.js:98:5[39m
[31m    at Layer.handle [as handle_request] (C:\Users\admin\Downloads\nib_hr\backend\node_modules\express\lib\router\layer.js:95:5)[39m
[31m    at next (C:\Users\admin\Downloads\nib_hr\backend\node_modules\express\lib\router\route.js:149:13)[39m
[31m    at Route.dispatch (C:\Users\admin\Downloads\nib_hr\backend\node_modules\express\lib\router\route.js:119:3)[39m
[31m    at Layer.handle [as handle_request] (C:\Users\admin\Downloads\nib_hr\backend\node_modules\express\lib\router\layer.js:95:5)[39m
2026-09-11 14:53:47:5347 [31merror[39m: [31mGET /api/table/exit_requests - Error: Access restricted: Table 'exit_requests' is not in the whitelist.[39m
[31mStack: Error: Access restricted: Table 'exit_requests' is not in the whitelist.[39m
[31m    at validateTableName (C:\Users\admin\Downloads\nib_hr\backend\controllers\core\table.controller.js:1467:11)[39m
[31m    at C:\Users\admin\Downloads\nib_hr\backend\controllers\core\table.controller.js:1474:21[39m
[31m    at C:\Users\admin\Downloads\nib_hr\backend\utils\asyncHandler.js:4:21[39m
[31m    at Layer.handle [as handle_request] (C:\Users\admin\Downloads\nib_hr\backend\node_modules\express\lib\router\layer.js:95:5)[39m
[31m    at next (C:\Users\admin\Downloads\nib_hr\backend\node_modules\express\lib\router\route.js:149:13)[39m
[31m    at C:\Users\admin\Downloads\nib_hr\backend\middleware\audit.middleware.js:98:5[39m
[31m    at Layer.handle [as handle_request] (C:\Users\admin\Downloads\nib_hr\backend\node_modules\express\lib\router\layer.js:95:5)[39m
[31m    at next (C:\Users\admin\Downloads\nib_hr\backend\node_modules\express\lib\router\route.js:149:13)[39m
[31m    at Route.dispatch (C:\Users\admin\Downloads\nib_hr\backend\node_modules\express\lib\router\route.js:119:3)[39m
[31m    at Layer.handle [as handle_request] (C:\Users\admin\Downloads\nib_hr\backend\node_modules\express\lib\router\layer.js:95:5)[39m
2026-09-11 14:53:47:5347 [31merror[39m: [31mGET /api/table/notice_periods - Error: Access restricted: Table 'notice_periods' is not in the whitelist.[39m
[31mStack: Error: Access restricted: Table 'notice_periods' is not in the whitelist.[39m
[31m    at validateTableName (C:\Users\admin\Downloads\nib_hr\backend\controllers\core\table.controller.js:1467:11)[39m
[31m    at C:\Users\admin\Downloads\nib_hr\backend\controllers\core\table.controller.js:1474:21[39m
[31m    at C:\Users\admin\Downloads\nib_hr\backend\utils\asyncHandler.js:4:21[39m
[31m    at Layer.handle [as handle_request] (C:\Users\admin\Downloads\nib_hr\backend\node_modules\express\lib\router\layer.js:95:5)[39m
[31m    at next (C:\Users\admin\Downloads\nib_hr\backend\node_modules\express\lib\router\route.js:149:13)[39m
[31m    at C:\Users\admin\Downloads\nib_hr\backend\middleware\audit.middleware.js:98:5[39m
[31m    at Layer.handle [as handle_request] (C:\Users\admin\Downloads\nib_hr\backend\node_modules\express\lib\router\layer.js:95:5)[39m
[31m    at next (C:\Users\admin\Downloads\nib_hr\backend\node_modules\express\lib\router\route.js:149:13)[39m
[31m    at Route.dispatch (C:\Users\admin\Downloads\nib_hr\backend\node_modules\express\lib\router\route.js:119:3)[39m
[31m    at Layer.handle [as handle_request] (C:\Users\admin\Downloads\nib_hr\backend\node_modules\express\lib\router\layer.js:95:5)[39m
2026-09-11 14:53:47:5347 [31merror[39m: [31mGET /api/table/exit_clearances - Error: Access restricted: Table 'exit_clearances' is not in the whitelist.[39m
[31mStack: Error: Access restricted: Table 'exit_clearances' is not in the whitelist.[39m
[31m    at validateTableName (C:\Users\admin\Downloads\nib_hr\backend\controllers\core\table.controller.js:1467:11)[39m
[31m    at C:\Users\admin\Downloads\nib_hr\backend\controllers\core\table.controller.js:1474:21[39m
[31m    at C:\Users\admin\Downloads\nib_hr\backend\utils\asyncHandler.js:4:21[39m
[31m    at Layer.handle [as handle_request] (C:\Users\admin\Downloads\nib_hr\backend\node_modules\express\lib\router\layer.js:95:5)[39m
[31m    at next (C:\Users\admin\Downloads\nib_hr\backend\node_modules\express\lib\router\route.js:149:13)[39m
[31m    at C:\Users\admin\Downloads\nib_hr\backend\middleware\audit.middleware.js:98:5[39m
[31m    at Layer.handle [as handle_request] (C:\Users\admin\Downloads\nib_hr\backend\node_modules\express\lib\router\layer.js:95:5)[39m
[31m    at next (C:\Users\admin\Downloads\nib_hr\backend\node_modules\express\lib\router\route.js:149:13)[39m
[31m    at Route.dispatch (C:\Users\admin\Downloads\nib_hr\backend\node_modules\express\lib\router\route.js:119:3)[39m
[31m    at Layer.handle [as handle_request] (C:\Users\admin\Downloads\nib_hr\backend\node_modules\express\lib\router\layer.js:95:5)[39m
2026-09-11 14:53:47:5347 [31merror[39m: [31mGET /api/table/asset_returns - Error: Access restricted: Table 'asset_returns' is not in the whitelist.[39m
[31mStack: Error: Access restricted: Table 'asset_returns' is not in the whitelist.[39m
[31m    at validateTableName (C:\Users\admin\Downloads\nib_hr\backend\controllers\core\table.controller.js:1467:11)[39m
[31m    at C:\Users\admin\Downloads\nib_hr\backend\controllers\core\table.controller.js:1474:21[39m
[31m    at C:\Users\admin\Downloads\nib_hr\backend\utils\asyncHandler.js:4:21[39m
[31m    at Layer.handle [as handle_request] (C:\Users\admin\Downloads\nib_hr\backend\node_modules\express\lib\router\layer.js:95:5)[39m
[31m    at next (C:\Users\admin\Downloads\nib_hr\backend\node_modules\express\lib\router\route.js:149:13)[39m
[31m    at C:\Users\admin\Downloads\nib_hr\backend\middleware\audit.middleware.js:98:5[39m
[31m    at Layer.handle [as handle_request] (C:\Users\admin\Downloads\nib_hr\backend\node_modules\express\lib\router\layer.js:95:5)[39m
[31m    at next (C:\Users\admin\Downloads\nib_hr\backend\node_modules\express\lib\router\route.js:149:13)[39m
[31m    at Route.dispatch (C:\Users\admin\Downloads\nib_hr\backend\node_modules\express\lib\router\route.js:119:3)[39m
[31m    at Layer.handle [as handle_request] (C:\Users\admin\Downloads\nib_hr\backend\node_modules\express\lib\router\layer.js:95:5)[39m
2026-09-11 14:53:47:5347 [31merror[39m: [31mGET /api/table/no_dues - Error: Access restricted: Table 'no_dues' is not in the whitelist.[39m
[31mStack: Error: Access restricted: Table 'no_dues' is not in the whitelist.[39m
[31m    at validateTableName (C:\Users\admin\Downloads\nib_hr\backend\controllers\core\table.controller.js:1467:11)[39m
[31m    at C:\Users\admin\Downloads\nib_hr\backend\controllers\core\table.controller.js:1474:21[39m
[31m    at C:\Users\admin\Downloads\nib_hr\backend\utils\asyncHandler.js:4:21[39m
[31m    at Layer.handle [as handle_request] (C:\Users\admin\Downloads\nib_hr\backend\node_modules\express\lib\router\layer.js:95:5)[39m
[31m    at next (C:\Users\admin\Downloads\nib_hr\backend\node_modules\express\lib\router\route.js:149:13)[39m
[31m    at C:\Users\admin\Downloads\nib_hr\backend\middleware\audit.middleware.js:98:5[39m
[31m    at Layer.handle [as handle_request] (C:\Users\admin\Downloads\nib_hr\backend\node_modules\express\lib\router\layer.js:95:5)[39m
[31m    at next (C:\Users\admin\Downloads\nib_hr\backend\node_modules\express\lib\router\route.js:149:13)[39m
[31m    at Route.dispatch (C:\Users\admin\Downloads\nib_hr\backend\node_modules\express\lib\router\route.js:119:3)[39m
[31m    at Layer.handle [as handle_request] (C:\Users\admin\Downloads\nib_hr\backend\node_modules\express\lib\router\layer.js:95:5)[39m
2026-09-11 14:53:47:5347 [31merror[39m: [31mGET /api/table/fnf_settlements - Error: Access restricted: Table 'fnf_settlements' is not in the whitelist.[39m
[31mStack: Error: Access restricted: Table 'fnf_settlements' is not in the whitelist.[39m
[31m    at validateTableName (C:\Users\admin\Downloads\nib_hr\backend\controllers\core\table.controller.js:1467:11)[39m
[31m    at C:\Users\admin\Downloads\nib_hr\backend\controllers\core\table.controller.js:1474:21[39m
[31m    at C:\Users\admin\Downloads\nib_hr\backend\utils\asyncHandler.js:4:21[39m
[31m    at Layer.handle [as handle_request] (C:\Users\admin\Downloads\nib_hr\backend\node_modules\express\lib\router\layer.js:95:5)[39m
[31m    at next (C:\Users\admin\Downloads\nib_hr\backend\node_modules\express\lib\router\route.js:149:13)[39m
[31m    at C:\Users\admin\Downloads\nib_hr\backend\middleware\audit.middleware.js:98:5[39m
[31m    at Layer.handle [as handle_request] (C:\Users\admin\Downloads\nib_hr\backend\node_modules\express\lib\router\layer.js:95:5)[39m
[31m    at next (C:\Users\admin\Downloads\nib_hr\backend\node_modules\express\lib\router\route.js:149:13)[39m
[31m    at Route.dispatch (C:\Users\admin\Downloads\nib_hr\backend\node_modules\express\lib\router\route.js:119:3)[39m
[31m    at Layer.handle [as handle_request] (C:\Users\admin\Downloads\nib_hr\backend\node_modules\express\lib\router\layer.js:95:5)[39m
2026-09-11 14:53:47:5347 [31merror[39m: [31mGET /api/table/exit_interviews - Error: Access restricted: Table 'exit_interviews' is not in the whitelist.[39m
[31mStack: Error: Access restricted: Table 'exit_interviews' is not in the whitelist.[39m
[31m    at validateTableName (C:\Users\admin\Downloads\nib_hr\backend\controllers\core\table.controller.js:1467:11)[39m
[31m    at C:\Users\admin\Downloads\nib_hr\backend\controllers\core\table.controller.js:1474:21[39m
[31m    at C:\Users\admin\Downloads\nib_hr\backend\utils\asyncHandler.js:4:21[39m
[31m    at Layer.handle [as handle_request] (C:\Users\admin\Downloads\nib_hr\backend\node_modules\express\lib\router\layer.js:95:5)[39m
[31m    at next (C:\Users\admin\Downloads\nib_hr\backend\node_modules\express\lib\router\route.js:149:13)[39m
[31m    at C:\Users\admin\Downloads\nib_hr\backend\middleware\audit.middleware.js:98:5[39m
[31m    at Layer.handle [as handle_request] (C:\Users\admin\Downloads\nib_hr\backend\node_modules\express\lib\router\layer.js:95:5)[39m
[31m    at next (C:\Users\admin\Downloads\nib_hr\backend\node_modules\express\lib\router\route.js:149:13)[39m
[31m    at Route.dispatch (C:\Users\admin\Downloads\nib_hr\backend\node_modules\express\lib\router\route.js:119:3)[39m
[31m    at Layer.handle [as handle_request] (C:\Users\admin\Downloads\nib_hr\backend\node_modules\express\lib\router\layer.js:95:5)[39m
2026-09-11 14:53:47:5347 [31merror[39m: [31mGET /api/table/experience_letters - Error: Access restricted: Table 'experience_letters' is not in the whitelist.[39m
[31mStack: Error: Access restricted: Table 'experience_letters' is not in the whitelist.[39m
[31m    at validateTableName (C:\Users\admin\Downloads\nib_hr\backend\controllers\core\table.controller.js:1467:11)[39m
[31m    at C:\Users\admin\Downloads\nib_hr\backend\controllers\core\table.controller.js:1474:21[39m
[31m    at C:\Users\admin\Downloads\nib_hr\backend\utils\asyncHandler.js:4:21[39m
[31m    at Layer.handle [as handle_request] (C:\Users\admin\Downloads\nib_hr\backend\node_modules\express\lib\router\layer.js:95:5)[39m
[31m    at next (C:\Users\admin\Downloads\nib_hr\backend\node_modules\express\lib\router\route.js:149:13)[39m
[31m    at C:\Users\admin\Downloads\nib_hr\backend\middleware\audit.middleware.js:98:5[39m
[31m    at Layer.handle [as handle_request] (C:\Users\admin\Downloads\nib_hr\backend\node_modules\express\lib\router\layer.js:95:5)[39m
[31m    at next (C:\Users\admin\Downloads\nib_hr\backend\node_modules\express\lib\router\route.js:149:13)[39m
[31m    at Route.dispatch (C:\Users\admin\Downloads\nib_hr\backend\node_modules\express\lib\router\route.js:119:3)[39m
[31m    at Layer.handle [as handle_request] (C:\Users\admin\Downloads\nib_hr\backend\node_modules\express\lib\router\layer.js:95:5)[39m
2026-09-11 14:53:48:5348 [31merror[39m: [31mGET /api/table/exit_requests - Error: Access restricted: Table 'exit_requests' is not in the whitelist.[39m
[31mStack: Error: Access restricted: Table 'exit_requests' is not in the whitelist.[39m
[31m    at validateTableName (C:\Users\admin\Downloads\nib_hr\backend\controllers\core\table.controller.js:1467:11)[39m
[31m    at C:\Users\admin\Downloads\nib_hr\backend\controllers\core\table.controller.js:1474:21[39m
[31m    at C:\Users\admin\Downloads\nib_hr\backend\utils\asyncHandler.js:4:21[39m
[31m    at Layer.handle [as handle_request] (C:\Users\admin\Downloads\nib_hr\backend\node_modules\express\lib\router\layer.js:95:5)[39m
[31m    at next (C:\Users\admin\Downloads\nib_hr\backend\node_modules\express\lib\router\route.js:149:13)[39m
[31m    at C:\Users\admin\Downloads\nib_hr\backend\middleware\audit.middleware.js:98:5[39m
[31m    at Layer.handle [as handle_request] (C:\Users\admin\Downloads\nib_hr\backend\node_modules\express\lib\router\layer.js:95:5)[39m
[31m    at next (C:\Users\admin\Downloads\nib_hr\backend\node_modules\express\lib\router\route.js:149:13)[39m
[31m    at Route.dispatch (C:\Users\admin\Downloads\nib_hr\backend\node_modules\express\lib\router\route.js:119:3)[39m
[31m    at Layer.handle [as handle_request] (C:\Users\admin\Downloads\nib_hr\backend\node_modules\express\lib\router\layer.js:95:5)[39m
2026-09-11 14:53:48:5348 [31merror[39m: [31mGET /api/table/notice_periods - Error: Access restricted: Table 'notice_periods' is not in the whitelist.[39m
[31mStack: Error: Access restricted: Table 'notice_periods' is not in the whitelist.[39m
[31m    at validateTableName (C:\Users\admin\Downloads\nib_hr\backend\controllers\core\table.controller.js:1467:11)[39m
[31m    at C:\Users\admin\Downloads\nib_hr\backend\controllers\core\table.controller.js:1474:21[39m
[31m    at C:\Users\admin\Downloads\nib_hr\backend\utils\asyncHandler.js:4:21[39m
[31m    at Layer.handle [as handle_request] (C:\Users\admin\Downloads\nib_hr\backend\node_modules\express\lib\router\layer.js:95:5)[39m
[31m    at next (C:\Users\admin\Downloads\nib_hr\backend\node_modules\express\lib\router\route.js:149:13)[39m
[31m    at C:\Users\admin\Downloads\nib_hr\backend\middleware\audit.middleware.js:98:5[39m
[31m    at Layer.handle [as handle_request] (C:\Users\admin\Downloads\nib_hr\backend\node_modules\express\lib\router\layer.js:95:5)[39m
[31m    at next (C:\Users\admin\Downloads\nib_hr\backend\node_modules\express\lib\router\route.js:149:13)[39m
[31m    at Route.dispatch (C:\Users\admin\Downloads\nib_hr\backend\node_modules\express\lib\router\route.js:119:3)[39m
[31m    at Layer.handle [as handle_request] (C:\Users\admin\Downloads\nib_hr\backend\node_modules\express\lib\router\layer.js:95:5)[39m
2026-09-11 14:53:48:5348 [31merror[39m: [31mGET /api/table/exit_clearances - Error: Access restricted: Table 'exit_clearances' is not in the whitelist.[39m
[31mStack: Error: Access restricted: Table 'exit_clearances' is not in the whitelist.[39m
[31m    at validateTableName (C:\Users\admin\Downloads\nib_hr\backend\controllers\core\table.controller.js:1467:11)[39m
[31m    at C:\Users\admin\Downloads\nib_hr\backend\controllers\core\table.controller.js:1474:21[39m
[31m    at C:\Users\admin\Downloads\nib_hr\backend\utils\asyncHandler.js:4:21[39m
[31m    at Layer.handle [as handle_request] (C:\Users\admin\Downloads\nib_hr\backend\node_modules\express\lib\router\layer.js:95:5)[39m
[31m    at next (C:\Users\admin\Downloads\nib_hr\backend\node_modules\express\lib\router\route.js:149:13)[39m
[31m    at C:\Users\admin\Downloads\nib_hr\backend\middleware\audit.middleware.js:98:5[39m
[31m    at Layer.handle [as handle_request] (C:\Users\admin\Downloads\nib_hr\backend\node_modules\express\lib\router\layer.js:95:5)[39m
[31m    at next (C:\Users\admin\Downloads\nib_hr\backend\node_modules\express\lib\router\route.js:149:13)[39m
[31m    at Route.dispatch (C:\Users\admin\Downloads\nib_hr\backend\node_modules\express\lib\router\route.js:119:3)[39m
[31m    at Layer.handle [as handle_request] (C:\Users\admin\Downloads\nib_hr\backend\node_modules\express\lib\router\layer.js:95:5)[39m
2026-09-11 14:53:48:5348 [31merror[39m: [31mGET /api/table/asset_returns - Error: Access restricted: Table 'asset_returns' is not in the whitelist.[39m
[31mStack: Error: Access restricted: Table 'asset_returns' is not in the whitelist.[39m
[31m    at validateTableName (C:\Users\admin\Downloads\nib_hr\backend\controllers\core\table.controller.js:1467:11)[39m
[31m    at C:\Users\admin\Downloads\nib_hr\backend\controllers\core\table.controller.js:1474:21[39m
[31m    at C:\Users\admin\Downloads\nib_hr\backend\utils\asyncHandler.js:4:21[39m
[31m    at Layer.handle [as handle_request] (C:\Users\admin\Downloads\nib_hr\backend\node_modules\express\lib\router\layer.js:95:5)[39m
[31m    at next (C:\Users\admin\Downloads\nib_hr\backend\node_modules\express\lib\router\route.js:149:13)[39m
[31m    at C:\Users\admin\Downloads\nib_hr\backend\middleware\audit.middleware.js:98:5[39m
[31m    at Layer.handle [as handle_request] (C:\Users\admin\Downloads\nib_hr\backend\node_modules\express\lib\router\layer.js:95:5)[39m
[31m    at next (C:\Users\admin\Downloads\nib_hr\backend\node_modules\express\lib\router\route.js:149:13)[39m
[31m    at Route.dispatch (C:\Users\admin\Downloads\nib_hr\backend\node_modules\express\lib\router\route.js:119:3)[39m
[31m    at Layer.handle [as handle_request] (C:\Users\admin\Downloads\nib_hr\backend\node_modules\express\lib\router\layer.js:95:5)[39m
2026-09-11 14:53:48:5348 [31merror[39m: [31mGET /api/table/no_dues - Error: Access restricted: Table 'no_dues' is not in the whitelist.[39m
[31mStack: Error: Access restricted: Table 'no_dues' is not in the whitelist.[39m
[31m    at validateTableName (C:\Users\admin\Downloads\nib_hr\backend\controllers\core\table.controller.js:1467:11)[39m
[31m    at C:\Users\admin\Downloads\nib_hr\backend\controllers\core\table.controller.js:1474:21[39m
[31m    at C:\Users\admin\Downloads\nib_hr\backend\utils\asyncHandler.js:4:21[39m
[31m    at Layer.handle [as handle_request] (C:\Users\admin\Downloads\nib_hr\backend\node_modules\express\lib\router\layer.js:95:5)[39m
[31m    at next (C:\Users\admin\Downloads\nib_hr\backend\node_modules\express\lib\router\route.js:149:13)[39m
[31m    at C:\Users\admin\Downloads\nib_hr\backend\middleware\audit.middleware.js:98:5[39m
[31m    at Layer.handle [as handle_request] (C:\Users\admin\Downloads\nib_hr\backend\node_modules\express\lib\router\layer.js:95:5)[39m
[31m    at next (C:\Users\admin\Downloads\nib_hr\backend\node_modules\express\lib\router\route.js:149:13)[39m
[31m    at Route.dispatch (C:\Users\admin\Downloads\nib_hr\backend\node_modules\express\lib\router\route.js:119:3)[39m
[31m    at Layer.handle [as handle_request] (C:\Users\admin\Downloads\nib_hr\backend\node_modules\express\lib\router\layer.js:95:5)[39m
2026-09-11 14:53:48:5348 [31merror[39m: [31mGET /api/table/fnf_settlements - Error: Access restricted: Table 'fnf_settlements' is not in the whitelist.[39m
[31mStack: Error: Access restricted: Table 'fnf_settlements' is not in the whitelist.[39m
[31m    at validateTableName (C:\Users\admin\Downloads\nib_hr\backend\controllers\core\table.controller.js:1467:11)[39m
[31m    at C:\Users\admin\Downloads\nib_hr\backend\controllers\core\table.controller.js:1474:21[39m
[31m    at C:\Users\admin\Downloads\nib_hr\backend\utils\asyncHandler.js:4:21[39m
[31m    at Layer.handle [as handle_request] (C:\Users\admin\Downloads\nib_hr\backend\node_modules\express\lib\router\layer.js:95:5)[39m
[31m    at next (C:\Users\admin\Downloads\nib_hr\backend\node_modules\express\lib\router\route.js:149:13)[39m
[31m    at C:\Users\admin\Downloads\nib_hr\backend\middleware\audit.middleware.js:98:5[39m
[31m    at Layer.handle [as handle_request] (C:\Users\admin\Downloads\nib_hr\backend\node_modules\express\lib\router\layer.js:95:5)[39m
[31m    at next (C:\Users\admin\Downloads\nib_hr\backend\node_modules\express\lib\router\route.js:149:13)[39m
[31m    at Route.dispatch (C:\Users\admin\Downloads\nib_hr\backend\node_modules\express\lib\router\route.js:119:3)[39m
[31m    at Layer.handle [as handle_request] (C:\Users\admin\Downloads\nib_hr\backend\node_modules\express\lib\router\layer.js:95:5)[39m
2026-09-11 14:53:48:5348 [31merror[39m: [31mGET /api/table/experience_letters - Error: Access restricted: Table 'experience_letters' is not in the whitelist.[39m
[31mStack: Error: Access restricted: Table 'experience_letters' is not in the whitelist.[39m
[31m    at validateTableName (C:\Users\admin\Downloads\nib_hr\backend\controllers\core\table.controller.js:1467:11)[39m
[31m    at C:\Users\admin\Downloads\nib_hr\backend\controllers\core\table.controller.js:1474:21[39m
[31m    at C:\Users\admin\Downloads\nib_hr\backend\utils\asyncHandler.js:4:21[39m
[31m    at Layer.handle [as handle_request] (C:\Users\admin\Downloads\nib_hr\backend\node_modules\express\lib\router\layer.js:95:5)[39m
[31m    at next (C:\Users\admin\Downloads\nib_hr\backend\node_modules\express\lib\router\route.js:149:13)[39m
[31m    at C:\Users\admin\Downloads\nib_hr\backend\middleware\audit.middleware.js:98:5[39m
[31m    at Layer.handle [as handle_request] (C:\Users\admin\Downloads\nib_hr\backend\node_modules\express\lib\router\layer.js:95:5)[39m
[31m    at next (C:\Users\admin\Downloads\nib_hr\backend\node_modules\express\lib\router\route.js:149:13)[39m
[31m    at Route.dispatch (C:\Users\admin\Downloads\nib_hr\backend\node_modules\express\lib\router\route.js:119:3)[39m
[31m    at Layer.handle [as handle_request] (C:\Users\admin\Downloads\nib_hr\backend\node_modules\express\lib\router\layer.js:95:5)[39m
2026-09-11 14:53:48:5348 [31merror[39m: [31mGET /api/table/exit_interviews - Error: Access restricted: Table 'exit_interviews' is not in the whitelist.[39m
[31mStack: Error: Access restricted: Table 'exit_interviews' is not in the whitelist.[39m
[31m    at validateTableName (C:\Users\admin\Downloads\nib_hr\backend\controllers\core\table.controller.js:1467:11)[39m
[31m    at C:\Users\admin\Downloads\nib_hr\backend\controllers\core\table.controller.js:1474:21[39m
[31m    at C:\Users\admin\Downloads\nib_hr\backend\utils\asyncHandler.js:4:21[39m
[31m    at Layer.handle [as handle_request] (C:\Users\admin\Downloads\nib_hr\backend\node_modules\express\lib\router\layer.js:95:5)[39m
[31m    at next (C:\Users\admin\Downloads\nib_hr\backend\node_modules\express\lib\router\route.js:149:13)[39m
[31m    at C:\Users\admin\Downloads\nib_hr\backend\middleware\audit.middleware.js:98:5[39m
[31m    at Layer.handle [as handle_request] (C:\Users\admin\Downloads\nib_hr\backend\node_modules\express\lib\router\layer.js:95:5)[39m
[31m    at next (C:\Users\admin\Downloads\nib_hr\backend\node_modules\express\lib\router\route.js:149:13)[39m
[31m    at Route.dispatch (C:\Users\admin\Downloads\nib_hr\backend\node_modules\express\lib\router\route.js:119:3)[39m
[31m    at Layer.handle [as handle_request] (C:\Users\admin\Downloads\nib_hr\backend\node_modules\express\lib\router\layer.js:95:5)[39m
2026-09-11 14:53:48:5348 [31merror[39m: [31mGET /api/table/exit_requests - Error: Access restricted: Table 'exit_requests' is not in the whitelist.[39m
[31mStack: Error: Access restricted: Table 'exit_requests' is not in the whitelist.[39m
[31m    at validateTableName (C:\Users\admin\Downloads\nib_hr\backend\controllers\core\table.controller.js:1467:11)[39m
[31m    at C:\Users\admin\Downloads\nib_hr\backend\controllers\core\table.controller.js:1474:21[39m
[31m    at C:\Users\admin\Downloads\nib_hr\backend\utils\asyncHandler.js:4:21[39m
[31m    at Layer.handle [as handle_request] (C:\Users\admin\Downloads\nib_hr\backend\node_modules\express\lib\router\layer.js:95:5)[39m
[31m    at next (C:\Users\admin\Downloads\nib_hr\backend\node_modules\express\lib\router\route.js:149:13)[39m
[31m    at C:\Users\admin\Downloads\nib_hr\backend\middleware\audit.middleware.js:98:5[39m
[31m    at Layer.handle [as handle_request] (C:\Users\admin\Downloads\nib_hr\backend\node_modules\express\lib\router\layer.js:95:5)[39m
[31m    at next (C:\Users\admin\Downloads\nib_hr\backend\node_modules\express\lib\router\route.js:149:13)[39m
[31m    at Route.dispatch (C:\Users\admin\Downloads\nib_hr\backend\node_modules\express\lib\router\route.js:119:3)[39m
[31m    at Layer.handle [as handle_request] (C:\Users\admin\Downloads\nib_hr\backend\node_modules\express\lib\router\layer.js:95:5)[39m
2026-09-11 14:53:48:5348 [31merror[39m: [31mGET /api/table/exit_requests - Error: Access restricted: Table 'exit_requests' is not in the whitelist.[39m
[31mStack: Error: Access restricted: Table 'exit_requests' is not in the whitelist.[39m
[31m    at validateTableName (C:\Users\admin\Downloads\nib_hr\backend\controllers\core\table.controller.js:1467:11)[39m
[31m    at C:\Users\admin\Downloads\nib_hr\backend\controllers\core\table.controller.js:1474:21[39m
[31m    at C:\Users\admin\Downloads\nib_hr\backend\utils\asyncHandler.js:4:21[39m
[31m    at Layer.handle [as handle_request] (C:\Users\admin\Downloads\nib_hr\backend\node_modules\express\lib\router\layer.js:95:5)[39m
[31m    at next (C:\Users\admin\Downloads\nib_hr\backend\node_modules\express\lib\router\route.js:149:13)[39m
[31m    at C:\Users\admin\Downloads\nib_hr\backend\middleware\audit.middleware.js:98:5[39m
[31m    at Layer.handle [as handle_request] (C:\Users\admin\Downloads\nib_hr\backend\node_modules\express\lib\router\layer.js:95:5)[39m
[31m    at next (C:\Users\admin\Downloads\nib_hr\backend\node_modules\express\lib\router\route.js:149:13)[39m
[31m    at Route.dispatch (C:\Users\admin\Downloads\nib_hr\backend\node_modules\express\lib\router\route.js:119:3)[39m
[31m    at Layer.handle [as handle_request] (C:\Users\admin\Downloads\nib_hr\backend\node_modules\express\lib\router\layer.js:95:5)[39m
2026-09-11 14:53:48:5348 [31merror[39m: [31mGET /api/table/exit_requests - Error: Access restricted: Table 'exit_requests' is not in the whitelist.[39m
[31mStack: Error: Access restricted: Table 'exit_requests' is not in the whitelist.[39m
[31m    at validateTableName (C:\Users\admin\Downloads\nib_hr\backend\controllers\core\table.controller.js:1467:11)[39m
[31m    at C:\Users\admin\Downloads\nib_hr\backend\controllers\core\table.controller.js:1474:21[39m
[31m    at C:\Users\admin\Downloads\nib_hr\backend\utils\asyncHandler.js:4:21[39m
[31m    at Layer.handle [as handle_request] (C:\Users\admin\Downloads\nib_hr\backend\node_modules\express\lib\router\layer.js:95:5)[39m
[31m    at next (C:\Users\admin\Downloads\nib_hr\backend\node_modules\express\lib\router\route.js:149:13)[39m
[31m    at C:\Users\admin\Downloads\nib_hr\backend\middleware\audit.middleware.js:98:5[39m
[31m    at Layer.handle [as handle_request] (C:\Users\admin\Downloads\nib_hr\backend\node_modules\express\lib\router\layer.js:95:5)[39m
[31m    at next (C:\Users\admin\Downloads\nib_hr\backend\node_modules\express\lib\router\route.js:149:13)[39m
[31m    at Route.dispatch (C:\Users\admin\Downloads\nib_hr\backend\node_modules\express\lib\router\route.js:119:3)[39m
[31m    at Layer.handle [as handle_request] (C:\Users\admin\Downloads\nib_hr\backend\node_modules\express\lib\router\layer.js:95:5)[39m
2026-09-11 14:53:48:5348 [31merror[39m: [31mGET /api/table/exit_requests - Error: Access restricted: Table 'exit_requests' is not in the whitelist.[39m
[31mStack: Error: Access restricted: Table 'exit_requests' is not in the whitelist.[39m
[31m    at validateTableName (C:\Users\admin\Downloads\nib_hr\backend\controllers\core\table.controller.js:1467:11)[39m
[31m    at C:\Users\admin\Downloads\nib_hr\backend\controllers\core\table.controller.js:1474:21[39m
[31m    at C:\Users\admin\Downloads\nib_hr\backend\utils\asyncHandler.js:4:21[39m
[31m    at Layer.handle [as handle_request] (C:\Users\admin\Downloads\nib_hr\backend\node_modules\express\lib\router\layer.js:95:5)[39m
[31m    at next (C:\Users\admin\Downloads\nib_hr\backend\node_modules\express\lib\router\route.js:149:13)[39m
[31m    at C:\Users\admin\Downloads\nib_hr\backend\middleware\audit.middleware.js:98:5[39m
[31m    at Layer.handle [as handle_request] (C:\Users\admin\Downloads\nib_hr\backend\node_modules\express\lib\router\layer.js:95:5)[39m
[31m    at next (C:\Users\admin\Downloads\nib_hr\backend\node_modules\express\lib\router\route.js:149:13)[39m
[31m    at Route.dispatch (C:\Users\admin\Downloads\nib_hr\backend\node_modules\express\lib\router\route.js:119:3)[39m
[31m    at Layer.handle [as handle_request] (C:\Users\admin\Downloads\nib_hr\backend\node_modules\express\lib\router\layer.js:95:5)[39m
2026-09-11 15:20:48:2048 [31merror[39m: [31mGET /api/table/documents - Error: Access restricted: Table 'documents' is not in the whitelist.[39m
[31mStack: Error: Access restricted: Table 'documents' is not in the whitelist.[39m
[31m    at validateTableName (C:\Users\admin\Downloads\nib_hr\backend\controllers\core\table.controller.js:1467:11)[39m
[31m    at C:\Users\admin\Downloads\nib_hr\backend\controllers\core\table.controller.js:1474:21[39m
[31m    at C:\Users\admin\Downloads\nib_hr\backend\utils\asyncHandler.js:4:21[39m
[31m    at Layer.handle [as handle_request] (C:\Users\admin\Downloads\nib_hr\backend\node_modules\express\lib\router\layer.js:95:5)[39m
[31m    at next (C:\Users\admin\Downloads\nib_hr\backend\node_modules\express\lib\router\route.js:149:13)[39m
[31m    at C:\Users\admin\Downloads\nib_hr\backend\middleware\audit.middleware.js:98:5[39m
[31m    at Layer.handle [as handle_request] (C:\Users\admin\Downloads\nib_hr\backend\node_modules\express\lib\router\layer.js:95:5)[39m
[31m    at next (C:\Users\admin\Downloads\nib_hr\backend\node_modules\express\lib\router\route.js:149:13)[39m
[31m    at Route.dispatch (C:\Users\admin\Downloads\nib_hr\backend\node_modules\express\lib\router\route.js:119:3)[39m
[31m    at Layer.handle [as handle_request] (C:\Users\admin\Downloads\nib_hr\backend\node_modules\express\lib\router\layer.js:95:5)[39m
2026-09-11 15:20:49:2049 [31merror[39m: [31mGET /api/table/exit_requests - Error: Access restricted: Table 'exit_requests' is not in the whitelist.[39m
[31mStack: Error: Access restricted: Table 'exit_requests' is not in the whitelist.[39m
[31m    at validateTableName (C:\Users\admin\Downloads\nib_hr\backend\controllers\core\table.controller.js:1467:11)[39m
[31m    at C:\Users\admin\Downloads\nib_hr\backend\controllers\core\table.controller.js:1474:21[39m
[31m    at C:\Users\admin\Downloads\nib_hr\backend\utils\asyncHandler.js:4:21[39m
[31m    at Layer.handle [as handle_request] (C:\Users\admin\Downloads\nib_hr\backend\node_modules\express\lib\router\layer.js:95:5)[39m
[31m    at next (C:\Users\admin\Downloads\nib_hr\backend\node_modules\express\lib\router\route.js:149:13)[39m
[31m    at C:\Users\admin\Downloads\nib_hr\backend\middleware\audit.middleware.js:98:5[39m
[31m    at Layer.handle [as handle_request] (C:\Users\admin\Downloads\nib_hr\backend\node_modules\express\lib\router\layer.js:95:5)[39m
[31m    at next (C:\Users\admin\Downloads\nib_hr\backend\node_modules\express\lib\router\route.js:149:13)[39m
[31m    at Route.dispatch (C:\Users\admin\Downloads\nib_hr\backend\node_modules\express\lib\router\route.js:119:3)[39m
[31m    at Layer.handle [as handle_request] (C:\Users\admin\Downloads\nib_hr\backend\node_modules\express\lib\router\layer.js:95:5)[39m
2026-09-11 15:20:49:2049 [31merror[39m: [31mGET /api/table/notice_periods - Error: Access restricted: Table 'notice_periods' is not in the whitelist.[39m
[31mStack: Error: Access restricted: Table 'notice_periods' is not in the whitelist.[39m
[31m    at validateTableName (C:\Users\admin\Downloads\nib_hr\backend\controllers\core\table.controller.js:1467:11)[39m
[31m    at C:\Users\admin\Downloads\nib_hr\backend\controllers\core\table.controller.js:1474:21[39m
[31m    at C:\Users\admin\Downloads\nib_hr\backend\utils\asyncHandler.js:4:21[39m
[31m    at Layer.handle [as handle_request] (C:\Users\admin\Downloads\nib_hr\backend\node_modules\express\lib\router\layer.js:95:5)[39m
[31m    at next (C:\Users\admin\Downloads\nib_hr\backend\node_modules\express\lib\router\route.js:149:13)[39m
[31m    at C:\Users\admin\Downloads\nib_hr\backend\middleware\audit.middleware.js:98:5[39m
[31m    at Layer.handle [as handle_request] (C:\Users\admin\Downloads\nib_hr\backend\node_modules\express\lib\router\layer.js:95:5)[39m
[31m    at next (C:\Users\admin\Downloads\nib_hr\backend\node_modules\express\lib\router\route.js:149:13)[39m
[31m    at Route.dispatch (C:\Users\admin\Downloads\nib_hr\backend\node_modules\express\lib\router\route.js:119:3)[39m
[31m    at Layer.handle [as handle_request] (C:\Users\admin\Downloads\nib_hr\backend\node_modules\express\lib\router\layer.js:95:5)[39m
2026-09-11 15:20:49:2049 [31merror[39m: [31mGET /api/table/exit_clearances - Error: Access restricted: Table 'exit_clearances' is not in the whitelist.[39m
[31mStack: Error: Access restricted: Table 'exit_clearances' is not in the whitelist.[39m
[31m    at validateTableName (C:\Users\admin\Downloads\nib_hr\backend\controllers\core\table.controller.js:1467:11)[39m
[31m    at C:\Users\admin\Downloads\nib_hr\backend\controllers\core\table.controller.js:1474:21[39m
[31m    at C:\Users\admin\Downloads\nib_hr\backend\utils\asyncHandler.js:4:21[39m
[31m    at Layer.handle [as handle_request] (C:\Users\admin\Downloads\nib_hr\backend\node_modules\express\lib\router\layer.js:95:5)[39m
[31m    at next (C:\Users\admin\Downloads\nib_hr\backend\node_modules\express\lib\router\route.js:149:13)[39m
[31m    at C:\Users\admin\Downloads\nib_hr\backend\middleware\audit.middleware.js:98:5[39m
[31m    at Layer.handle [as handle_request] (C:\Users\admin\Downloads\nib_hr\backend\node_modules\express\lib\router\layer.js:95:5)[39m
[31m    at next (C:\Users\admin\Downloads\nib_hr\backend\node_modules\express\lib\router\route.js:149:13)[39m
[31m    at Route.dispatch (C:\Users\admin\Downloads\nib_hr\backend\node_modules\express\lib\router\route.js:119:3)[39m
[31m    at Layer.handle [as handle_request] (C:\Users\admin\Downloads\nib_hr\backend\node_modules\express\lib\router\layer.js:95:5)[39m
2026-09-11 15:20:49:2049 [31merror[39m: [31mGET /api/table/asset_returns - Error: Access restricted: Table 'asset_returns' is not in the whitelist.[39m
[31mStack: Error: Access restricted: Table 'asset_returns' is not in the whitelist.[39m
[31m    at validateTableName (C:\Users\admin\Downloads\nib_hr\backend\controllers\core\table.controller.js:1467:11)[39m
[31m    at C:\Users\admin\Downloads\nib_hr\backend\controllers\core\table.controller.js:1474:21[39m
[31m    at C:\Users\admin\Downloads\nib_hr\backend\utils\asyncHandler.js:4:21[39m
[31m    at Layer.handle [as handle_request] (C:\Users\admin\Downloads\nib_hr\backend\node_modules\express\lib\router\layer.js:95:5)[39m
[31m    at next (C:\Users\admin\Downloads\nib_hr\backend\node_modules\express\lib\router\route.js:149:13)[39m
[31m    at C:\Users\admin\Downloads\nib_hr\backend\middleware\audit.middleware.js:98:5[39m
[31m    at Layer.handle [as handle_request] (C:\Users\admin\Downloads\nib_hr\backend\node_modules\express\lib\router\layer.js:95:5)[39m
[31m    at next (C:\Users\admin\Downloads\nib_hr\backend\node_modules\express\lib\router\route.js:149:13)[39m
[31m    at Route.dispatch (C:\Users\admin\Downloads\nib_hr\backend\node_modules\express\lib\router\route.js:119:3)[39m
[31m    at Layer.handle [as handle_request] (C:\Users\admin\Downloads\nib_hr\backend\node_modules\express\lib\router\layer.js:95:5)[39m
2026-09-11 15:20:49:2049 [31merror[39m: [31mGET /api/table/no_dues - Error: Access restricted: Table 'no_dues' is not in the whitelist.[39m
[31mStack: Error: Access restricted: Table 'no_dues' is not in the whitelist.[39m
[31m    at validateTableName (C:\Users\admin\Downloads\nib_hr\backend\controllers\core\table.controller.js:1467:11)[39m
[31m    at C:\Users\admin\Downloads\nib_hr\backend\controllers\core\table.controller.js:1474:21[39m
[31m    at C:\Users\admin\Downloads\nib_hr\backend\utils\asyncHandler.js:4:21[39m
[31m    at Layer.handle [as handle_request] (C:\Users\admin\Downloads\nib_hr\backend\node_modules\express\lib\router\layer.js:95:5)[39m
[31m    at next (C:\Users\admin\Downloads\nib_hr\backend\node_modules\express\lib\router\route.js:149:13)[39m
[31m    at C:\Users\admin\Downloads\nib_hr\backend\middleware\audit.middleware.js:98:5[39m
[31m    at Layer.handle [as handle_request] (C:\Users\admin\Downloads\nib_hr\backend\node_modules\express\lib\router\layer.js:95:5)[39m
[31m    at next (C:\Users\admin\Downloads\nib_hr\backend\node_modules\express\lib\router\route.js:149:13)[39m
[31m    at Route.dispatch (C:\Users\admin\Downloads\nib_hr\backend\node_modules\express\lib\router\route.js:119:3)[39m
[31m    at Layer.handle [as handle_request] (C:\Users\admin\Downloads\nib_hr\backend\node_modules\express\lib\router\layer.js:95:5)[39m
2026-09-11 15:20:49:2049 [31merror[39m: [31mGET /api/table/fnf_settlements - Error: Access restricted: Table 'fnf_settlements' is not in the whitelist.[39m
[31mStack: Error: Access restricted: Table 'fnf_settlements' is not in the whitelist.[39m
[31m    at validateTableName (C:\Users\admin\Downloads\nib_hr\backend\controllers\core\table.controller.js:1467:11)[39m
[31m    at C:\Users\admin\Downloads\nib_hr\backend\controllers\core\table.controller.js:1474:21[39m
[31m    at C:\Users\admin\Downloads\nib_hr\backend\utils\asyncHandler.js:4:21[39m
[31m    at Layer.handle [as handle_request] (C:\Users\admin\Downloads\nib_hr\backend\node_modules\express\lib\router\layer.js:95:5)[39m
[31m    at next (C:\Users\admin\Downloads\nib_hr\backend\node_modules\express\lib\router\route.js:149:13)[39m
[31m    at C:\Users\admin\Downloads\nib_hr\backend\middleware\audit.middleware.js:98:5[39m
[31m    at Layer.handle [as handle_request] (C:\Users\admin\Downloads\nib_hr\backend\node_modules\express\lib\router\layer.js:95:5)[39m
[31m    at next (C:\Users\admin\Downloads\nib_hr\backend\node_modules\express\lib\router\route.js:149:13)[39m
[31m    at Route.dispatch (C:\Users\admin\Downloads\nib_hr\backend\node_modules\express\lib\router\route.js:119:3)[39m
[31m    at Layer.handle [as handle_request] (C:\Users\admin\Downloads\nib_hr\backend\node_modules\express\lib\router\layer.js:95:5)[39m
2026-09-11 15:20:49:2049 [31merror[39m: [31mGET /api/table/exit_interviews - Error: Access restricted: Table 'exit_interviews' is not in the whitelist.[39m
[31mStack: Error: Access restricted: Table 'exit_interviews' is not in the whitelist.[39m
[31m    at validateTableName (C:\Users\admin\Downloads\nib_hr\backend\controllers\core\table.controller.js:1467:11)[39m
[31m    at C:\Users\admin\Downloads\nib_hr\backend\controllers\core\table.controller.js:1474:21[39m
[31m    at C:\Users\admin\Downloads\nib_hr\backend\utils\asyncHandler.js:4:21[39m
[31m    at Layer.handle [as handle_request] (C:\Users\admin\Downloads\nib_hr\backend\node_modules\express\lib\router\layer.js:95:5)[39m
[31m    at next (C:\Users\admin\Downloads\nib_hr\backend\node_modules\express\lib\router\route.js:149:13)[39m
[31m    at C:\Users\admin\Downloads\nib_hr\backend\middleware\audit.middleware.js:98:5[39m
[31m    at Layer.handle [as handle_request] (C:\Users\admin\Downloads\nib_hr\backend\node_modules\express\lib\router\layer.js:95:5)[39m
[31m    at next (C:\Users\admin\Downloads\nib_hr\backend\node_modules\express\lib\router\route.js:149:13)[39m
[31m    at Route.dispatch (C:\Users\admin\Downloads\nib_hr\backend\node_modules\express\lib\router\route.js:119:3)[39m
[31m    at Layer.handle [as handle_request] (C:\Users\admin\Downloads\nib_hr\backend\node_modules\express\lib\router\layer.js:95:5)[39m
2026-09-11 15:20:49:2049 [31merror[39m: [31mGET /api/table/experience_letters - Error: Access restricted: Table 'experience_letters' is not in the whitelist.[39m
[31mStack: Error: Access restricted: Table 'experience_letters' is not in the whitelist.[39m
[31m    at validateTableName (C:\Users\admin\Downloads\nib_hr\backend\controllers\core\table.controller.js:1467:11)[39m
[31m    at C:\Users\admin\Downloads\nib_hr\backend\controllers\core\table.controller.js:1474:21[39m
[31m    at C:\Users\admin\Downloads\nib_hr\backend\utils\asyncHandler.js:4:21[39m
[31m    at Layer.handle [as handle_request] (C:\Users\admin\Downloads\nib_hr\backend\node_modules\express\lib\router\layer.js:95:5)[39m
[31m    at next (C:\Users\admin\Downloads\nib_hr\backend\node_modules\express\lib\router\route.js:149:13)[39m
[31m    at C:\Users\admin\Downloads\nib_hr\backend\middleware\audit.middleware.js:98:5[39m
[31m    at Layer.handle [as handle_request] (C:\Users\admin\Downloads\nib_hr\backend\node_modules\express\lib\router\layer.js:95:5)[39m
[31m    at next (C:\Users\admin\Downloads\nib_hr\backend\node_modules\express\lib\router\route.js:149:13)[39m
[31m    at Route.dispatch (C:\Users\admin\Downloads\nib_hr\backend\node_modules\express\lib\router\route.js:119:3)[39m
[31m    at Layer.handle [as handle_request] (C:\Users\admin\Downloads\nib_hr\backend\node_modules\express\lib\router\layer.js:95:5)[39m
2026-09-11 15:20:49:2049 [31merror[39m: [31mGET /api/table/documents - Error: Access restricted: Table 'documents' is not in the whitelist.[39m
[31mStack: Error: Access restricted: Table 'documents' is not in the whitelist.[39m
[31m    at validateTableName (C:\Users\admin\Downloads\nib_hr\backend\controllers\core\table.controller.js:1467:11)[39m
[31m    at C:\Users\admin\Downloads\nib_hr\backend\controllers\core\table.controller.js:1474:21[39m
[31m    at C:\Users\admin\Downloads\nib_hr\backend\utils\asyncHandler.js:4:21[39m
[31m    at Layer.handle [as handle_request] (C:\Users\admin\Downloads\nib_hr\backend\node_modules\express\lib\router\layer.js:95:5)[39m
[31m    at next (C:\Users\admin\Downloads\nib_hr\backend\node_modules\express\lib\router\route.js:149:13)[39m
[31m    at C:\Users\admin\Downloads\nib_hr\backend\middleware\audit.middleware.js:98:5[39m
[31m    at Layer.handle [as handle_request] (C:\Users\admin\Downloads\nib_hr\backend\node_modules\express\lib\router\layer.js:95:5)[39m
[31m    at next (C:\Users\admin\Downloads\nib_hr\backend\node_modules\express\lib\router\route.js:149:13)[39m
[31m    at Route.dispatch (C:\Users\admin\Downloads\nib_hr\backend\node_modules\express\lib\router\route.js:119:3)[39m
[31m    at Layer.handle [as handle_request] (C:\Users\admin\Downloads\nib_hr\backend\node_modules\express\lib\router\layer.js:95:5)[39m
2026-09-11 15:20:50:2050 [31merror[39m: [31mGET /api/table/exit_requests - Error: Access restricted: Table 'exit_requests' is not in the whitelist.[39m
[31mStack: Error: Access restricted: Table 'exit_requests' is not in the whitelist.[39m
[31m    at validateTableName (C:\Users\admin\Downloads\nib_hr\backend\controllers\core\table.controller.js:1467:11)[39m
[31m    at C:\Users\admin\Downloads\nib_hr\backend\controllers\core\table.controller.js:1474:21[39m
[31m    at C:\Users\admin\Downloads\nib_hr\backend\utils\asyncHandler.js:4:21[39m
[31m    at Layer.handle [as handle_request] (C:\Users\admin\Downloads\nib_hr\backend\node_modules\express\lib\router\layer.js:95:5)[39m
[31m    at next (C:\Users\admin\Downloads\nib_hr\backend\node_modules\express\lib\router\route.js:149:13)[39m
[31m    at C:\Users\admin\Downloads\nib_hr\backend\middleware\audit.middleware.js:98:5[39m
[31m    at Layer.handle [as handle_request] (C:\Users\admin\Downloads\nib_hr\backend\node_modules\express\lib\router\layer.js:95:5)[39m
[31m    at next (C:\Users\admin\Downloads\nib_hr\backend\node_modules\express\lib\router\route.js:149:13)[39m
[31m    at Route.dispatch (C:\Users\admin\Downloads\nib_hr\backend\node_modules\express\lib\router\route.js:119:3)[39m
[31m    at Layer.handle [as handle_request] (C:\Users\admin\Downloads\nib_hr\backend\node_modules\express\lib\router\layer.js:95:5)[39m
2026-09-11 15:20:50:2050 [31merror[39m: [31mGET /api/table/notice_periods - Error: Access restricted: Table 'notice_periods' is not in the whitelist.[39m
[31mStack: Error: Access restricted: Table 'notice_periods' is not in the whitelist.[39m
[31m    at validateTableName (C:\Users\admin\Downloads\nib_hr\backend\controllers\core\table.controller.js:1467:11)[39m
[31m    at C:\Users\admin\Downloads\nib_hr\backend\controllers\core\table.controller.js:1474:21[39m
[31m    at C:\Users\admin\Downloads\nib_hr\backend\utils\asyncHandler.js:4:21[39m
[31m    at Layer.handle [as handle_request] (C:\Users\admin\Downloads\nib_hr\backend\node_modules\express\lib\router\layer.js:95:5)[39m
[31m    at next (C:\Users\admin\Downloads\nib_hr\backend\node_modules\express\lib\router\route.js:149:13)[39m
[31m    at C:\Users\admin\Downloads\nib_hr\backend\middleware\audit.middleware.js:98:5[39m
[31m    at Layer.handle [as handle_request] (C:\Users\admin\Downloads\nib_hr\backend\node_modules\express\lib\router\layer.js:95:5)[39m
[31m    at next (C:\Users\admin\Downloads\nib_hr\backend\node_modules\express\lib\router\route.js:149:13)[39m
[31m    at Route.dispatch (C:\Users\admin\Downloads\nib_hr\backend\node_modules\express\lib\router\route.js:119:3)[39m
[31m    at Layer.handle [as handle_request] (C:\Users\admin\Downloads\nib_hr\backend\node_modules\express\lib\router\layer.js:95:5)[39m
2026-09-11 15:20:50:2050 [31merror[39m: [31mGET /api/table/exit_clearances - Error: Access restricted: Table 'exit_clearances' is not in the whitelist.[39m
[31mStack: Error: Access restricted: Table 'exit_clearances' is not in the whitelist.[39m
[31m    at validateTableName (C:\Users\admin\Downloads\nib_hr\backend\controllers\core\table.controller.js:1467:11)[39m
[31m    at C:\Users\admin\Downloads\nib_hr\backend\controllers\core\table.controller.js:1474:21[39m
[31m    at C:\Users\admin\Downloads\nib_hr\backend\utils\asyncHandler.js:4:21[39m
[31m    at Layer.handle [as handle_request] (C:\Users\admin\Downloads\nib_hr\backend\node_modules\express\lib\router\layer.js:95:5)[39m
[31m    at next (C:\Users\admin\Downloads\nib_hr\backend\node_modules\express\lib\router\route.js:149:13)[39m
[31m    at C:\Users\admin\Downloads\nib_hr\backend\middleware\audit.middleware.js:98:5[39m
[31m    at Layer.handle [as handle_request] (C:\Users\admin\Downloads\nib_hr\backend\node_modules\express\lib\router\layer.js:95:5)[39m
[31m    at next (C:\Users\admin\Downloads\nib_hr\backend\node_modules\express\lib\router\route.js:149:13)[39m
[31m    at Route.dispatch (C:\Users\admin\Downloads\nib_hr\backend\node_modules\express\lib\router\route.js:119:3)[39m
[31m    at Layer.handle [as handle_request] (C:\Users\admin\Downloads\nib_hr\backend\node_modules\express\lib\router\layer.js:95:5)[39m
2026-09-11 15:20:50:2050 [31merror[39m: [31mGET /api/table/asset_returns - Error: Access restricted: Table 'asset_returns' is not in the whitelist.[39m
[31mStack: Error: Access restricted: Table 'asset_returns' is not in the whitelist.[39m
[31m    at validateTableName (C:\Users\admin\Downloads\nib_hr\backend\controllers\core\table.controller.js:1467:11)[39m
[31m    at C:\Users\admin\Downloads\nib_hr\backend\controllers\core\table.controller.js:1474:21[39m
[31m    at C:\Users\admin\Downloads\nib_hr\backend\utils\asyncHandler.js:4:21[39m
[31m    at Layer.handle [as handle_request] (C:\Users\admin\Downloads\nib_hr\backend\node_modules\express\lib\router\layer.js:95:5)[39m
[31m    at next (C:\Users\admin\Downloads\nib_hr\backend\node_modules\express\lib\router\route.js:149:13)[39m
[31m    at C:\Users\admin\Downloads\nib_hr\backend\middleware\audit.middleware.js:98:5[39m
[31m    at Layer.handle [as handle_request] (C:\Users\admin\Downloads\nib_hr\backend\node_modules\express\lib\router\layer.js:95:5)[39m
[31m    at next (C:\Users\admin\Downloads\nib_hr\backend\node_modules\express\lib\router\route.js:149:13)[39m
[31m    at Route.dispatch (C:\Users\admin\Downloads\nib_hr\backend\node_modules\express\lib\router\route.js:119:3)[39m
[31m    at Layer.handle [as handle_request] (C:\Users\admin\Downloads\nib_hr\backend\node_modules\express\lib\router\layer.js:95:5)[39m
2026-09-11 15:20:50:2050 [31merror[39m: [31mGET /api/table/no_dues - Error: Access restricted: Table 'no_dues' is not in the whitelist.[39m
[31mStack: Error: Access restricted: Table 'no_dues' is not in the whitelist.[39m
[31m    at validateTableName (C:\Users\admin\Downloads\nib_hr\backend\controllers\core\table.controller.js:1467:11)[39m
[31m    at C:\Users\admin\Downloads\nib_hr\backend\controllers\core\table.controller.js:1474:21[39m
[31m    at C:\Users\admin\Downloads\nib_hr\backend\utils\asyncHandler.js:4:21[39m
[31m    at Layer.handle [as handle_request] (C:\Users\admin\Downloads\nib_hr\backend\node_modules\express\lib\router\layer.js:95:5)[39m
[31m    at next (C:\Users\admin\Downloads\nib_hr\backend\node_modules\express\lib\router\route.js:149:13)[39m
[31m    at C:\Users\admin\Downloads\nib_hr\backend\middleware\audit.middleware.js:98:5[39m
[31m    at Layer.handle [as handle_request] (C:\Users\admin\Downloads\nib_hr\backend\node_modules\express\lib\router\layer.js:95:5)[39m
[31m    at next (C:\Users\admin\Downloads\nib_hr\backend\node_modules\express\lib\router\route.js:149:13)[39m
[31m    at Route.dispatch (C:\Users\admin\Downloads\nib_hr\backend\node_modules\express\lib\router\route.js:119:3)[39m
[31m    at Layer.handle [as handle_request] (C:\Users\admin\Downloads\nib_hr\backend\node_modules\express\lib\router\layer.js:95:5)[39m
2026-09-11 15:20:50:2050 [31merror[39m: [31mGET /api/table/fnf_settlements - Error: Access restricted: Table 'fnf_settlements' is not in the whitelist.[39m
[31mStack: Error: Access restricted: Table 'fnf_settlements' is not in the whitelist.[39m
[31m    at validateTableName (C:\Users\admin\Downloads\nib_hr\backend\controllers\core\table.controller.js:1467:11)[39m
[31m    at C:\Users\admin\Downloads\nib_hr\backend\controllers\core\table.controller.js:1474:21[39m
[31m    at C:\Users\admin\Downloads\nib_hr\backend\utils\asyncHandler.js:4:21[39m
[31m    at Layer.handle [as handle_request] (C:\Users\admin\Downloads\nib_hr\backend\node_modules\express\lib\router\layer.js:95:5)[39m
[31m    at next (C:\Users\admin\Downloads\nib_hr\backend\node_modules\express\lib\router\route.js:149:13)[39m
[31m    at C:\Users\admin\Downloads\nib_hr\backend\middleware\audit.middleware.js:98:5[39m
[31m    at Layer.handle [as handle_request] (C:\Users\admin\Downloads\nib_hr\backend\node_modules\express\lib\router\layer.js:95:5)[39m
[31m    at next (C:\Users\admin\Downloads\nib_hr\backend\node_modules\express\lib\router\route.js:149:13)[39m
[31m    at Route.dispatch (C:\Users\admin\Downloads\nib_hr\backend\node_modules\express\lib\router\route.js:119:3)[39m
[31m    at Layer.handle [as handle_request] (C:\Users\admin\Downloads\nib_hr\backend\node_modules\express\lib\router\layer.js:95:5)[39m
2026-09-11 15:20:50:2050 [31merror[39m: [31mGET /api/table/exit_interviews - Error: Access restricted: Table 'exit_interviews' is not in the whitelist.[39m
[31mStack: Error: Access restricted: Table 'exit_interviews' is not in the whitelist.[39m
[31m    at validateTableName (C:\Users\admin\Downloads\nib_hr\backend\controllers\core\table.controller.js:1467:11)[39m
[31m    at C:\Users\admin\Downloads\nib_hr\backend\controllers\core\table.controller.js:1474:21[39m
[31m    at C:\Users\admin\Downloads\nib_hr\backend\utils\asyncHandler.js:4:21[39m
[31m    at Layer.handle [as handle_request] (C:\Users\admin\Downloads\nib_hr\backend\node_modules\express\lib\router\layer.js:95:5)[39m
[31m    at next (C:\Users\admin\Downloads\nib_hr\backend\node_modules\express\lib\router\route.js:149:13)[39m
[31m    at C:\Users\admin\Downloads\nib_hr\backend\middleware\audit.middleware.js:98:5[39m
[31m    at Layer.handle [as handle_request] (C:\Users\admin\Downloads\nib_hr\backend\node_modules\express\lib\router\layer.js:95:5)[39m
[31m    at next (C:\Users\admin\Downloads\nib_hr\backend\node_modules\express\lib\router\route.js:149:13)[39m
[31m    at Route.dispatch (C:\Users\admin\Downloads\nib_hr\backend\node_modules\express\lib\router\route.js:119:3)[39m
[31m    at Layer.handle [as handle_request] (C:\Users\admin\Downloads\nib_hr\backend\node_modules\express\lib\router\layer.js:95:5)[39m
2026-09-11 15:20:50:2050 [31merror[39m: [31mGET /api/table/experience_letters - Error: Access restricted: Table 'experience_letters' is not in the whitelist.[39m
[31mStack: Error: Access restricted: Table 'experience_letters' is not in the whitelist.[39m
[31m    at validateTableName (C:\Users\admin\Downloads\nib_hr\backend\controllers\core\table.controller.js:1467:11)[39m
[31m    at C:\Users\admin\Downloads\nib_hr\backend\controllers\core\table.controller.js:1474:21[39m
[31m    at C:\Users\admin\Downloads\nib_hr\backend\utils\asyncHandler.js:4:21[39m
[31m    at Layer.handle [as handle_request] (C:\Users\admin\Downloads\nib_hr\backend\node_modules\express\lib\router\layer.js:95:5)[39m
[31m    at next (C:\Users\admin\Downloads\nib_hr\backend\node_modules\express\lib\router\route.js:149:13)[39m
[31m    at C:\Users\admin\Downloads\nib_hr\backend\middleware\audit.middleware.js:98:5[39m
[31m    at Layer.handle [as handle_request] (C:\Users\admin\Downloads\nib_hr\backend\node_modules\express\lib\router\layer.js:95:5)[39m
[31m    at next (C:\Users\admin\Downloads\nib_hr\backend\node_modules\express\lib\router\route.js:149:13)[39m
[31m    at Route.dispatch (C:\Users\admin\Downloads\nib_hr\backend\node_modules\express\lib\router\route.js:119:3)[39m
[31m    at Layer.handle [as handle_request] (C:\Users\admin\Downloads\nib_hr\backend\node_modules\express\lib\router\layer.js:95:5)[39m
2026-09-11 15:20:51:2051 [31merror[39m: [31mGET /api/table/exit_requests - Error: Access restricted: Table 'exit_requests' is not in the whitelist.[39m
[31mStack: Error: Access restricted: Table 'exit_requests' is not in the whitelist.[39m
[31m    at validateTableName (C:\Users\admin\Downloads\nib_hr\backend\controllers\core\table.controller.js:1467:11)[39m
[31m    at C:\Users\admin\Downloads\nib_hr\backend\controllers\core\table.controller.js:1474:21[39m
[31m    at C:\Users\admin\Downloads\nib_hr\backend\utils\asyncHandler.js:4:21[39m
[31m    at Layer.handle [as handle_request] (C:\Users\admin\Downloads\nib_hr\backend\node_modules\express\lib\router\layer.js:95:5)[39m
[31m    at next (C:\Users\admin\Downloads\nib_hr\backend\node_modules\express\lib\router\route.js:149:13)[39m
[31m    at C:\Users\admin\Downloads\nib_hr\backend\middleware\audit.middleware.js:98:5[39m
[31m    at Layer.handle [as handle_request] (C:\Users\admin\Downloads\nib_hr\backend\node_modules\express\lib\router\layer.js:95:5)[39m
[31m    at next (C:\Users\admin\Downloads\nib_hr\backend\node_modules\express\lib\router\route.js:149:13)[39m
[31m    at Route.dispatch (C:\Users\admin\Downloads\nib_hr\backend\node_modules\express\lib\router\route.js:119:3)[39m
[31m    at Layer.handle [as handle_request] (C:\Users\admin\Downloads\nib_hr\backend\node_modules\express\lib\router\layer.js:95:5)[39m
2026-09-11 15:20:51:2051 [31merror[39m: [31mGET /api/table/exit_requests - Error: Access restricted: Table 'exit_requests' is not in the whitelist.[39m
[31mStack: Error: Access restricted: Table 'exit_requests' is not in the whitelist.[39m
[31m    at validateTableName (C:\Users\admin\Downloads\nib_hr\backend\controllers\core\table.controller.js:1467:11)[39m
[31m    at C:\Users\admin\Downloads\nib_hr\backend\controllers\core\table.controller.js:1474:21[39m
[31m    at C:\Users\admin\Downloads\nib_hr\backend\utils\asyncHandler.js:4:21[39m
[31m    at Layer.handle [as handle_request] (C:\Users\admin\Downloads\nib_hr\backend\node_modules\express\lib\router\layer.js:95:5)[39m
[31m    at next (C:\Users\admin\Downloads\nib_hr\backend\node_modules\express\lib\router\route.js:149:13)[39m
[31m    at C:\Users\admin\Downloads\nib_hr\backend\middleware\audit.middleware.js:98:5[39m
[31m    at Layer.handle [as handle_request] (C:\Users\admin\Downloads\nib_hr\backend\node_modules\express\lib\router\layer.js:95:5)[39m
[31m    at next (C:\Users\admin\Downloads\nib_hr\backend\node_modules\express\lib\router\route.js:149:13)[39m
[31m    at Route.dispatch (C:\Users\admin\Downloads\nib_hr\backend\node_modules\express\lib\router\route.js:119:3)[39m
[31m    at Layer.handle [as handle_request] (C:\Users\admin\Downloads\nib_hr\backend\node_modules\express\lib\router\layer.js:95:5)[39m
2026-09-11 15:20:51:2051 [31merror[39m: [31mGET /api/table/exit_requests - Error: Access restricted: Table 'exit_requests' is not in the whitelist.[39m
[31mStack: Error: Access restricted: Table 'exit_requests' is not in the whitelist.[39m
[31m    at validateTableName (C:\Users\admin\Downloads\nib_hr\backend\controllers\core\table.controller.js:1467:11)[39m
[31m    at C:\Users\admin\Downloads\nib_hr\backend\controllers\core\table.controller.js:1474:21[39m
[31m    at C:\Users\admin\Downloads\nib_hr\backend\utils\asyncHandler.js:4:21[39m
[31m    at Layer.handle [as handle_request] (C:\Users\admin\Downloads\nib_hr\backend\node_modules\express\lib\router\layer.js:95:5)[39m
[31m    at next (C:\Users\admin\Downloads\nib_hr\backend\node_modules\express\lib\router\route.js:149:13)[39m
[31m    at C:\Users\admin\Downloads\nib_hr\backend\middleware\audit.middleware.js:98:5[39m
[31m    at Layer.handle [as handle_request] (C:\Users\admin\Downloads\nib_hr\backend\node_modules\express\lib\router\layer.js:95:5)[39m
[31m    at next (C:\Users\admin\Downloads\nib_hr\backend\node_modules\express\lib\router\route.js:149:13)[39m
[31m    at Route.dispatch (C:\Users\admin\Downloads\nib_hr\backend\node_modules\express\lib\router\route.js:119:3)[39m
[31m    at Layer.handle [as handle_request] (C:\Users\admin\Downloads\nib_hr\backend\node_modules\express\lib\router\layer.js:95:5)[39m
2026-09-11 15:20:51:2051 [31merror[39m: [31mGET /api/table/exit_requests - Error: Access restricted: Table 'exit_requests' is not in the whitelist.[39m
[31mStack: Error: Access restricted: Table 'exit_requests' is not in the whitelist.[39m
[31m    at validateTableName (C:\Users\admin\Downloads\nib_hr\backend\controllers\core\table.controller.js:1467:11)[39m
[31m    at C:\Users\admin\Downloads\nib_hr\backend\controllers\core\table.controller.js:1474:21[39m
[31m    at C:\Users\admin\Downloads\nib_hr\backend\utils\asyncHandler.js:4:21[39m
[31m    at Layer.handle [as handle_request] (C:\Users\admin\Downloads\nib_hr\backend\node_modules\express\lib\router\layer.js:95:5)[39m
[31m    at next (C:\Users\admin\Downloads\nib_hr\backend\node_modules\express\lib\router\route.js:149:13)[39m
[31m    at C:\Users\admin\Downloads\nib_hr\backend\middleware\audit.middleware.js:98:5[39m
[31m    at Layer.handle [as handle_request] (C:\Users\admin\Downloads\nib_hr\backend\node_modules\express\lib\router\layer.js:95:5)[39m
[31m    at next (C:\Users\admin\Downloads\nib_hr\backend\node_modules\express\lib\router\route.js:149:13)[39m
[31m    at Route.dispatch (C:\Users\admin\Downloads\nib_hr\backend\node_modules\express\lib\router\route.js:119:3)[39m
[31m    at Layer.handle [as handle_request] (C:\Users\admin\Downloads\nib_hr\backend\node_modules\express\lib\router\layer.js:95:5)[39m
2026-09-11 15:39:11:3911 [31merror[39m: [31mGET /api/table/documents - Error: Access restricted: Table 'documents' is not in the whitelist.[39m
[31mStack: Error: Access restricted: Table 'documents' is not in the whitelist.[39m
[31m    at validateTableName (C:\Users\admin\Downloads\nib_hr\backend\controllers\core\table.controller.js:1467:11)[39m
[31m    at C:\Users\admin\Downloads\nib_hr\backend\controllers\core\table.controller.js:1474:21[39m
[31m    at C:\Users\admin\Downloads\nib_hr\backend\utils\asyncHandler.js:4:21[39m
[31m    at Layer.handle [as handle_request] (C:\Users\admin\Downloads\nib_hr\backend\node_modules\express\lib\router\layer.js:95:5)[39m
[31m    at next (C:\Users\admin\Downloads\nib_hr\backend\node_modules\express\lib\router\route.js:149:13)[39m
[31m    at C:\Users\admin\Downloads\nib_hr\backend\middleware\audit.middleware.js:98:5[39m
[31m    at Layer.handle [as handle_request] (C:\Users\admin\Downloads\nib_hr\backend\node_modules\express\lib\router\layer.js:95:5)[39m
[31m    at next (C:\Users\admin\Downloads\nib_hr\backend\node_modules\express\lib\router\route.js:149:13)[39m
[31m    at Route.dispatch (C:\Users\admin\Downloads\nib_hr\backend\node_modules\express\lib\router\route.js:119:3)[39m
[31m    at Layer.handle [as handle_request] (C:\Users\admin\Downloads\nib_hr\backend\node_modules\express\lib\router\layer.js:95:5)[39m
2026-09-11 15:39:11:3911 [31merror[39m: [31mGET /api/table/documents - Error: Access restricted: Table 'documents' is not in the whitelist.[39m
[31mStack: Error: Access restricted: Table 'documents' is not in the whitelist.[39m
[31m    at validateTableName (C:\Users\admin\Downloads\nib_hr\backend\controllers\core\table.controller.js:1467:11)[39m
[31m    at C:\Users\admin\Downloads\nib_hr\backend\controllers\core\table.controller.js:1474:21[39m
[31m    at C:\Users\admin\Downloads\nib_hr\backend\utils\asyncHandler.js:4:21[39m
[31m    at Layer.handle [as handle_request] (C:\Users\admin\Downloads\nib_hr\backend\node_modules\express\lib\router\layer.js:95:5)[39m
[31m    at next (C:\Users\admin\Downloads\nib_hr\backend\node_modules\express\lib\router\route.js:149:13)[39m
[31m    at C:\Users\admin\Downloads\nib_hr\backend\middleware\audit.middleware.js:98:5[39m
[31m    at Layer.handle [as handle_request] (C:\Users\admin\Downloads\nib_hr\backend\node_modules\express\lib\router\layer.js:95:5)[39m
[31m    at next (C:\Users\admin\Downloads\nib_hr\backend\node_modules\express\lib\router\route.js:149:13)[39m
[31m    at Route.dispatch (C:\Users\admin\Downloads\nib_hr\backend\node_modules\express\lib\router\route.js:119:3)[39m
[31m    at Layer.handle [as handle_request] (C:\Users\admin\Downloads\nib_hr\backend\node_modules\express\lib\router\layer.js:95:5)[39m
2026-09-11 15:39:12:3912 [31merror[39m: [31mGET /api/table/exit_requests - Error: Access restricted: Table 'exit_requests' is not in the whitelist.[39m
[31mStack: Error: Access restricted: Table 'exit_requests' is not in the whitelist.[39m
[31m    at validateTableName (C:\Users\admin\Downloads\nib_hr\backend\controllers\core\table.controller.js:1467:11)[39m
[31m    at C:\Users\admin\Downloads\nib_hr\backend\controllers\core\table.controller.js:1474:21[39m
[31m    at C:\Users\admin\Downloads\nib_hr\backend\utils\asyncHandler.js:4:21[39m
[31m    at Layer.handle [as handle_request] (C:\Users\admin\Downloads\nib_hr\backend\node_modules\express\lib\router\layer.js:95:5)[39m
[31m    at next (C:\Users\admin\Downloads\nib_hr\backend\node_modules\express\lib\router\route.js:149:13)[39m
[31m    at C:\Users\admin\Downloads\nib_hr\backend\middleware\audit.middleware.js:98:5[39m
[31m    at Layer.handle [as handle_request] (C:\Users\admin\Downloads\nib_hr\backend\node_modules\express\lib\router\layer.js:95:5)[39m
[31m    at next (C:\Users\admin\Downloads\nib_hr\backend\node_modules\express\lib\router\route.js:149:13)[39m
[31m    at Route.dispatch (C:\Users\admin\Downloads\nib_hr\backend\node_modules\express\lib\router\route.js:119:3)[39m
[31m    at Layer.handle [as handle_request] (C:\Users\admin\Downloads\nib_hr\backend\node_modules\express\lib\router\layer.js:95:5)[39m
2026-09-11 15:39:12:3912 [31merror[39m: [31mGET /api/table/notice_periods - Error: Access restricted: Table 'notice_periods' is not in the whitelist.[39m
[31mStack: Error: Access restricted: Table 'notice_periods' is not in the whitelist.[39m
[31m    at validateTableName (C:\Users\admin\Downloads\nib_hr\backend\controllers\core\table.controller.js:1467:11)[39m
[31m    at C:\Users\admin\Downloads\nib_hr\backend\controllers\core\table.controller.js:1474:21[39m
[31m    at C:\Users\admin\Downloads\nib_hr\backend\utils\asyncHandler.js:4:21[39m
[31m    at Layer.handle [as handle_request] (C:\Users\admin\Downloads\nib_hr\backend\node_modules\express\lib\router\layer.js:95:5)[39m
[31m    at next (C:\Users\admin\Downloads\nib_hr\backend\node_modules\express\lib\router\route.js:149:13)[39m
[31m    at C:\Users\admin\Downloads\nib_hr\backend\middleware\audit.middleware.js:98:5[39m
[31m    at Layer.handle [as handle_request] (C:\Users\admin\Downloads\nib_hr\backend\node_modules\express\lib\router\layer.js:95:5)[39m
[31m    at next (C:\Users\admin\Downloads\nib_hr\backend\node_modules\express\lib\router\route.js:149:13)[39m
[31m    at Route.dispatch (C:\Users\admin\Downloads\nib_hr\backend\node_modules\express\lib\router\route.js:119:3)[39m
[31m    at Layer.handle [as handle_request] (C:\Users\admin\Downloads\nib_hr\backend\node_modules\express\lib\router\layer.js:95:5)[39m
2026-09-11 15:39:12:3912 [31merror[39m: [31mGET /api/table/exit_clearances - Error: Access restricted: Table 'exit_clearances' is not in the whitelist.[39m
[31mStack: Error: Access restricted: Table 'exit_clearances' is not in the whitelist.[39m
[31m    at validateTableName (C:\Users\admin\Downloads\nib_hr\backend\controllers\core\table.controller.js:1467:11)[39m
[31m    at C:\Users\admin\Downloads\nib_hr\backend\controllers\core\table.controller.js:1474:21[39m
[31m    at C:\Users\admin\Downloads\nib_hr\backend\utils\asyncHandler.js:4:21[39m
[31m    at Layer.handle [as handle_request] (C:\Users\admin\Downloads\nib_hr\backend\node_modules\express\lib\router\layer.js:95:5)[39m
[31m    at next (C:\Users\admin\Downloads\nib_hr\backend\node_modules\express\lib\router\route.js:149:13)[39m
[31m    at C:\Users\admin\Downloads\nib_hr\backend\middleware\audit.middleware.js:98:5[39m
[31m    at Layer.handle [as handle_request] (C:\Users\admin\Downloads\nib_hr\backend\node_modules\express\lib\router\layer.js:95:5)[39m
[31m    at next (C:\Users\admin\Downloads\nib_hr\backend\node_modules\express\lib\router\route.js:149:13)[39m
[31m    at Route.dispatch (C:\Users\admin\Downloads\nib_hr\backend\node_modules\express\lib\router\route.js:119:3)[39m
[31m    at Layer.handle [as handle_request] (C:\Users\admin\Downloads\nib_hr\backend\node_modules\express\lib\router\layer.js:95:5)[39m
2026-09-11 15:39:12:3912 [31merror[39m: [31mGET /api/table/asset_returns - Error: Access restricted: Table 'asset_returns' is not in the whitelist.[39m
[31mStack: Error: Access restricted: Table 'asset_returns' is not in the whitelist.[39m
[31m    at validateTableName (C:\Users\admin\Downloads\nib_hr\backend\controllers\core\table.controller.js:1467:11)[39m
[31m    at C:\Users\admin\Downloads\nib_hr\backend\controllers\core\table.controller.js:1474:21[39m
[31m    at C:\Users\admin\Downloads\nib_hr\backend\utils\asyncHandler.js:4:21[39m
[31m    at Layer.handle [as handle_request] (C:\Users\admin\Downloads\nib_hr\backend\node_modules\express\lib\router\layer.js:95:5)[39m
[31m    at next (C:\Users\admin\Downloads\nib_hr\backend\node_modules\express\lib\router\route.js:149:13)[39m
[31m    at C:\Users\admin\Downloads\nib_hr\backend\middleware\audit.middleware.js:98:5[39m
[31m    at Layer.handle [as handle_request] (C:\Users\admin\Downloads\nib_hr\backend\node_modules\express\lib\router\layer.js:95:5)[39m
[31m    at next (C:\Users\admin\Downloads\nib_hr\backend\node_modules\express\lib\router\route.js:149:13)[39m
[31m    at Route.dispatch (C:\Users\admin\Downloads\nib_hr\backend\node_modules\express\lib\router\route.js:119:3)[39m
[31m    at Layer.handle [as handle_request] (C:\Users\admin\Downloads\nib_hr\backend\node_modules\express\lib\router\layer.js:95:5)[39m
2026-09-11 15:39:12:3912 [31merror[39m: [31mGET /api/table/no_dues - Error: Access restricted: Table 'no_dues' is not in the whitelist.[39m
[31mStack: Error: Access restricted: Table 'no_dues' is not in the whitelist.[39m
[31m    at validateTableName (C:\Users\admin\Downloads\nib_hr\backend\controllers\core\table.controller.js:1467:11)[39m
[31m    at C:\Users\admin\Downloads\nib_hr\backend\controllers\core\table.controller.js:1474:21[39m
[31m    at C:\Users\admin\Downloads\nib_hr\backend\utils\asyncHandler.js:4:21[39m
[31m    at Layer.handle [as handle_request] (C:\Users\admin\Downloads\nib_hr\backend\node_modules\express\lib\router\layer.js:95:5)[39m
[31m    at next (C:\Users\admin\Downloads\nib_hr\backend\node_modules\express\lib\router\route.js:149:13)[39m
[31m    at C:\Users\admin\Downloads\nib_hr\backend\middleware\audit.middleware.js:98:5[39m
[31m    at Layer.handle [as handle_request] (C:\Users\admin\Downloads\nib_hr\backend\node_modules\express\lib\router\layer.js:95:5)[39m
[31m    at next (C:\Users\admin\Downloads\nib_hr\backend\node_modules\express\lib\router\route.js:149:13)[39m
[31m    at Route.dispatch (C:\Users\admin\Downloads\nib_hr\backend\node_modules\express\lib\router\route.js:119:3)[39m
[31m    at Layer.handle [as handle_request] (C:\Users\admin\Downloads\nib_hr\backend\node_modules\express\lib\router\layer.js:95:5)[39m
2026-09-11 15:39:12:3912 [31merror[39m: [31mGET /api/table/fnf_settlements - Error: Access restricted: Table 'fnf_settlements' is not in the whitelist.[39m
[31mStack: Error: Access restricted: Table 'fnf_settlements' is not in the whitelist.[39m
[31m    at validateTableName (C:\Users\admin\Downloads\nib_hr\backend\controllers\core\table.controller.js:1467:11)[39m
[31m    at C:\Users\admin\Downloads\nib_hr\backend\controllers\core\table.controller.js:1474:21[39m
[31m    at C:\Users\admin\Downloads\nib_hr\backend\utils\asyncHandler.js:4:21[39m
[31m    at Layer.handle [as handle_request] (C:\Users\admin\Downloads\nib_hr\backend\node_modules\express\lib\router\layer.js:95:5)[39m
[31m    at next (C:\Users\admin\Downloads\nib_hr\backend\node_modules\express\lib\router\route.js:149:13)[39m
[31m    at C:\Users\admin\Downloads\nib_hr\backend\middleware\audit.middleware.js:98:5[39m
[31m    at Layer.handle [as handle_request] (C:\Users\admin\Downloads\nib_hr\backend\node_modules\express\lib\router\layer.js:95:5)[39m
[31m    at next (C:\Users\admin\Downloads\nib_hr\backend\node_modules\express\lib\router\route.js:149:13)[39m
[31m    at Route.dispatch (C:\Users\admin\Downloads\nib_hr\backend\node_modules\express\lib\router\route.js:119:3)[39m
[31m    at Layer.handle [as handle_request] (C:\Users\admin\Downloads\nib_hr\backend\node_modules\express\lib\router\layer.js:95:5)[39m
2026-09-11 15:39:12:3912 [31merror[39m: [31mGET /api/table/exit_interviews - Error: Access restricted: Table 'exit_interviews' is not in the whitelist.[39m
[31mStack: Error: Access restricted: Table 'exit_interviews' is not in the whitelist.[39m
[31m    at validateTableName (C:\Users\admin\Downloads\nib_hr\backend\controllers\core\table.controller.js:1467:11)[39m
[31m    at C:\Users\admin\Downloads\nib_hr\backend\controllers\core\table.controller.js:1474:21[39m
[31m    at C:\Users\admin\Downloads\nib_hr\backend\utils\asyncHandler.js:4:21[39m
[31m    at Layer.handle [as handle_request] (C:\Users\admin\Downloads\nib_hr\backend\node_modules\express\lib\router\layer.js:95:5)[39m
[31m    at next (C:\Users\admin\Downloads\nib_hr\backend\node_modules\express\lib\router\route.js:149:13)[39m
[31m    at C:\Users\admin\Downloads\nib_hr\backend\middleware\audit.middleware.js:98:5[39m
[31m    at Layer.handle [as handle_request] (C:\Users\admin\Downloads\nib_hr\backend\node_modules\express\lib\router\layer.js:95:5)[39m
[31m    at next (C:\Users\admin\Downloads\nib_hr\backend\node_modules\express\lib\router\route.js:149:13)[39m
[31m    at Route.dispatch (C:\Users\admin\Downloads\nib_hr\backend\node_modules\express\lib\router\route.js:119:3)[39m
[31m    at Layer.handle [as handle_request] (C:\Users\admin\Downloads\nib_hr\backend\node_modules\express\lib\router\layer.js:95:5)[39m
2026-09-11 15:39:12:3912 [31merror[39m: [31mGET /api/table/experience_letters - Error: Access restricted: Table 'experience_letters' is not in the whitelist.[39m
[31mStack: Error: Access restricted: Table 'experience_letters' is not in the whitelist.[39m
[31m    at validateTableName (C:\Users\admin\Downloads\nib_hr\backend\controllers\core\table.controller.js:1467:11)[39m
[31m    at C:\Users\admin\Downloads\nib_hr\backend\controllers\core\table.controller.js:1474:21[39m
[31m    at C:\Users\admin\Downloads\nib_hr\backend\utils\asyncHandler.js:4:21[39m
[31m    at Layer.handle [as handle_request] (C:\Users\admin\Downloads\nib_hr\backend\node_modules\express\lib\router\layer.js:95:5)[39m
[31m    at next (C:\Users\admin\Downloads\nib_hr\backend\node_modules\express\lib\router\route.js:149:13)[39m
[31m    at C:\Users\admin\Downloads\nib_hr\backend\middleware\audit.middleware.js:98:5[39m
[31m    at Layer.handle [as handle_request] (C:\Users\admin\Downloads\nib_hr\backend\node_modules\express\lib\router\layer.js:95:5)[39m
[31m    at next (C:\Users\admin\Downloads\nib_hr\backend\node_modules\express\lib\router\route.js:149:13)[39m
[31m    at Route.dispatch (C:\Users\admin\Downloads\nib_hr\backend\node_modules\express\lib\router\route.js:119:3)[39m
[31m    at Layer.handle [as handle_request] (C:\Users\admin\Downloads\nib_hr\backend\node_modules\express\lib\router\layer.js:95:5)[39m
2026-09-11 15:39:13:3913 [31merror[39m: [31mGET /api/table/exit_requests - Error: Access restricted: Table 'exit_requests' is not in the whitelist.[39m
[31mStack: Error: Access restricted: Table 'exit_requests' is not in the whitelist.[39m
[31m    at validateTableName (C:\Users\admin\Downloads\nib_hr\backend\controllers\core\table.controller.js:1467:11)[39m
[31m    at C:\Users\admin\Downloads\nib_hr\backend\controllers\core\table.controller.js:1474:21[39m
[31m    at C:\Users\admin\Downloads\nib_hr\backend\utils\asyncHandler.js:4:21[39m
[31m    at Layer.handle [as handle_request] (C:\Users\admin\Downloads\nib_hr\backend\node_modules\express\lib\router\layer.js:95:5)[39m
[31m    at next (C:\Users\admin\Downloads\nib_hr\backend\node_modules\express\lib\router\route.js:149:13)[39m
[31m    at C:\Users\admin\Downloads\nib_hr\backend\middleware\audit.middleware.js:98:5[39m
[31m    at Layer.handle [as handle_request] (C:\Users\admin\Downloads\nib_hr\backend\node_modules\express\lib\router\layer.js:95:5)[39m
[31m    at next (C:\Users\admin\Downloads\nib_hr\backend\node_modules\express\lib\router\route.js:149:13)[39m
[31m    at Route.dispatch (C:\Users\admin\Downloads\nib_hr\backend\node_modules\express\lib\router\route.js:119:3)[39m
[31m    at Layer.handle [as handle_request] (C:\Users\admin\Downloads\nib_hr\backend\node_modules\express\lib\router\layer.js:95:5)[39m
2026-09-11 15:39:13:3913 [31merror[39m: [31mGET /api/table/notice_periods - Error: Access restricted: Table 'notice_periods' is not in the whitelist.[39m
[31mStack: Error: Access restricted: Table 'notice_periods' is not in the whitelist.[39m
[31m    at validateTableName (C:\Users\admin\Downloads\nib_hr\backend\controllers\core\table.controller.js:1467:11)[39m
[31m    at C:\Users\admin\Downloads\nib_hr\backend\controllers\core\table.controller.js:1474:21[39m
[31m    at C:\Users\admin\Downloads\nib_hr\backend\utils\asyncHandler.js:4:21[39m
[31m    at Layer.handle [as handle_request] (C:\Users\admin\Downloads\nib_hr\backend\node_modules\express\lib\router\layer.js:95:5)[39m
[31m    at next (C:\Users\admin\Downloads\nib_hr\backend\node_modules\express\lib\router\route.js:149:13)[39m
[31m    at C:\Users\admin\Downloads\nib_hr\backend\middleware\audit.middleware.js:98:5[39m
[31m    at Layer.handle [as handle_request] (C:\Users\admin\Downloads\nib_hr\backend\node_modules\express\lib\router\layer.js:95:5)[39m
[31m    at next (C:\Users\admin\Downloads\nib_hr\backend\node_modules\express\lib\router\route.js:149:13)[39m
[31m    at Route.dispatch (C:\Users\admin\Downloads\nib_hr\backend\node_modules\express\lib\router\route.js:119:3)[39m
[31m    at Layer.handle [as handle_request] (C:\Users\admin\Downloads\nib_hr\backend\node_modules\express\lib\router\layer.js:95:5)[39m
2026-09-11 15:39:13:3913 [31merror[39m: [31mGET /api/table/exit_clearances - Error: Access restricted: Table 'exit_clearances' is not in the whitelist.[39m
[31mStack: Error: Access restricted: Table 'exit_clearances' is not in the whitelist.[39m
[31m    at validateTableName (C:\Users\admin\Downloads\nib_hr\backend\controllers\core\table.controller.js:1467:11)[39m
[31m    at C:\Users\admin\Downloads\nib_hr\backend\controllers\core\table.controller.js:1474:21[39m
[31m    at C:\Users\admin\Downloads\nib_hr\backend\utils\asyncHandler.js:4:21[39m
[31m    at Layer.handle [as handle_request] (C:\Users\admin\Downloads\nib_hr\backend\node_modules\express\lib\router\layer.js:95:5)[39m
[31m    at next (C:\Users\admin\Downloads\nib_hr\backend\node_modules\express\lib\router\route.js:149:13)[39m
[31m    at C:\Users\admin\Downloads\nib_hr\backend\middleware\audit.middleware.js:98:5[39m
[31m    at Layer.handle [as handle_request] (C:\Users\admin\Downloads\nib_hr\backend\node_modules\express\lib\router\layer.js:95:5)[39m
[31m    at next (C:\Users\admin\Downloads\nib_hr\backend\node_modules\express\lib\router\route.js:149:13)[39m
[31m    at Route.dispatch (C:\Users\admin\Downloads\nib_hr\backend\node_modules\express\lib\router\route.js:119:3)[39m
[31m    at Layer.handle [as handle_request] (C:\Users\admin\Downloads\nib_hr\backend\node_modules\express\lib\router\layer.js:95:5)[39m
2026-09-11 15:39:13:3913 [31merror[39m: [31mGET /api/table/asset_returns - Error: Access restricted: Table 'asset_returns' is not in the whitelist.[39m
[31mStack: Error: Access restricted: Table 'asset_returns' is not in the whitelist.[39m
[31m    at validateTableName (C:\Users\admin\Downloads\nib_hr\backend\controllers\core\table.controller.js:1467:11)[39m
[31m    at C:\Users\admin\Downloads\nib_hr\backend\controllers\core\table.controller.js:1474:21[39m
[31m    at C:\Users\admin\Downloads\nib_hr\backend\utils\asyncHandler.js:4:21[39m
[31m    at Layer.handle [as handle_request] (C:\Users\admin\Downloads\nib_hr\backend\node_modules\express\lib\router\layer.js:95:5)[39m
[31m    at next (C:\Users\admin\Downloads\nib_hr\backend\node_modules\express\lib\router\route.js:149:13)[39m
[31m    at C:\Users\admin\Downloads\nib_hr\backend\middleware\audit.middleware.js:98:5[39m
[31m    at Layer.handle [as handle_request] (C:\Users\admin\Downloads\nib_hr\backend\node_modules\express\lib\router\layer.js:95:5)[39m
[31m    at next (C:\Users\admin\Downloads\nib_hr\backend\node_modules\express\lib\router\route.js:149:13)[39m
[31m    at Route.dispatch (C:\Users\admin\Downloads\nib_hr\backend\node_modules\express\lib\router\route.js:119:3)[39m
[31m    at Layer.handle [as handle_request] (C:\Users\admin\Downloads\nib_hr\backend\node_modules\express\lib\router\layer.js:95:5)[39m
2026-09-11 15:39:13:3913 [31merror[39m: [31mGET /api/table/no_dues - Error: Access restricted: Table 'no_dues' is not in the whitelist.[39m
[31mStack: Error: Access restricted: Table 'no_dues' is not in the whitelist.[39m
[31m    at validateTableName (C:\Users\admin\Downloads\nib_hr\backend\controllers\core\table.controller.js:1467:11)[39m
[31m    at C:\Users\admin\Downloads\nib_hr\backend\controllers\core\table.controller.js:1474:21[39m
[31m    at C:\Users\admin\Downloads\nib_hr\backend\utils\asyncHandler.js:4:21[39m
[31m    at Layer.handle [as handle_request] (C:\Users\admin\Downloads\nib_hr\backend\node_modules\express\lib\router\layer.js:95:5)[39m
[31m    at next (C:\Users\admin\Downloads\nib_hr\backend\node_modules\express\lib\router\route.js:149:13)[39m
[31m    at C:\Users\admin\Downloads\nib_hr\backend\middleware\audit.middleware.js:98:5[39m
[31m    at Layer.handle [as handle_request] (C:\Users\admin\Downloads\nib_hr\backend\node_modules\express\lib\router\layer.js:95:5)[39m
[31m    at next (C:\Users\admin\Downloads\nib_hr\backend\node_modules\express\lib\router\route.js:149:13)[39m
[31m    at Route.dispatch (C:\Users\admin\Downloads\nib_hr\backend\node_modules\express\lib\router\route.js:119:3)[39m
[31m    at Layer.handle [as handle_request] (C:\Users\admin\Downloads\nib_hr\backend\node_modules\express\lib\router\layer.js:95:5)[39m
2026-09-11 15:39:13:3913 [31merror[39m: [31mGET /api/table/fnf_settlements - Error: Access restricted: Table 'fnf_settlements' is not in the whitelist.[39m
[31mStack: Error: Access restricted: Table 'fnf_settlements' is not in the whitelist.[39m
[31m    at validateTableName (C:\Users\admin\Downloads\nib_hr\backend\controllers\core\table.controller.js:1467:11)[39m
[31m    at C:\Users\admin\Downloads\nib_hr\backend\controllers\core\table.controller.js:1474:21[39m
[31m    at C:\Users\admin\Downloads\nib_hr\backend\utils\asyncHandler.js:4:21[39m
[31m    at Layer.handle [as handle_request] (C:\Users\admin\Downloads\nib_hr\backend\node_modules\express\lib\router\layer.js:95:5)[39m
[31m    at next (C:\Users\admin\Downloads\nib_hr\backend\node_modules\express\lib\router\route.js:149:13)[39m
[31m    at C:\Users\admin\Downloads\nib_hr\backend\middleware\audit.middleware.js:98:5[39m
[31m    at Layer.handle [as handle_request] (C:\Users\admin\Downloads\nib_hr\backend\node_modules\express\lib\router\layer.js:95:5)[39m
[31m    at next (C:\Users\admin\Downloads\nib_hr\backend\node_modules\express\lib\router\route.js:149:13)[39m
[31m    at Route.dispatch (C:\Users\admin\Downloads\nib_hr\backend\node_modules\express\lib\router\route.js:119:3)[39m
[31m    at Layer.handle [as handle_request] (C:\Users\admin\Downloads\nib_hr\backend\node_modules\express\lib\router\layer.js:95:5)[39m
2026-09-11 15:39:13:3913 [31merror[39m: [31mGET /api/table/exit_interviews - Error: Access restricted: Table 'exit_interviews' is not in the whitelist.[39m
[31mStack: Error: Access restricted: Table 'exit_interviews' is not in the whitelist.[39m
[31m    at validateTableName (C:\Users\admin\Downloads\nib_hr\backend\controllers\core\table.controller.js:1467:11)[39m
[31m    at C:\Users\admin\Downloads\nib_hr\backend\controllers\core\table.controller.js:1474:21[39m
[31m    at C:\Users\admin\Downloads\nib_hr\backend\utils\asyncHandler.js:4:21[39m
[31m    at Layer.handle [as handle_request] (C:\Users\admin\Downloads\nib_hr\backend\node_modules\express\lib\router\layer.js:95:5)[39m
[31m    at next (C:\Users\admin\Downloads\nib_hr\backend\node_modules\express\lib\router\route.js:149:13)[39m
[31m    at C:\Users\admin\Downloads\nib_hr\backend\middleware\audit.middleware.js:98:5[39m
[31m    at Layer.handle [as handle_request] (C:\Users\admin\Downloads\nib_hr\backend\node_modules\express\lib\router\layer.js:95:5)[39m
[31m    at next (C:\Users\admin\Downloads\nib_hr\backend\node_modules\express\lib\router\route.js:149:13)[39m
[31m    at Route.dispatch (C:\Users\admin\Downloads\nib_hr\backend\node_modules\express\lib\router\route.js:119:3)[39m
[31m    at Layer.handle [as handle_request] (C:\Users\admin\Downloads\nib_hr\backend\node_modules\express\lib\router\layer.js:95:5)[39m
2026-09-11 15:39:13:3913 [31merror[39m: [31mGET /api/table/experience_letters - Error: Access restricted: Table 'experience_letters' is not in the whitelist.[39m
[31mStack: Error: Access restricted: Table 'experience_letters' is not in the whitelist.[39m
[31m    at validateTableName (C:\Users\admin\Downloads\nib_hr\backend\controllers\core\table.controller.js:1467:11)[39m
[31m    at C:\Users\admin\Downloads\nib_hr\backend\controllers\core\table.controller.js:1474:21[39m
[31m    at C:\Users\admin\Downloads\nib_hr\backend\utils\asyncHandler.js:4:21[39m
[31m    at Layer.handle [as handle_request] (C:\Users\admin\Downloads\nib_hr\backend\node_modules\express\lib\router\layer.js:95:5)[39m
[31m    at next (C:\Users\admin\Downloads\nib_hr\backend\node_modules\express\lib\router\route.js:149:13)[39m
[31m    at C:\Users\admin\Downloads\nib_hr\backend\middleware\audit.middleware.js:98:5[39m
[31m    at Layer.handle [as handle_request] (C:\Users\admin\Downloads\nib_hr\backend\node_modules\express\lib\router\layer.js:95:5)[39m
[31m    at next (C:\Users\admin\Downloads\nib_hr\backend\node_modules\express\lib\router\route.js:149:13)[39m
[31m    at Route.dispatch (C:\Users\admin\Downloads\nib_hr\backend\node_modules\express\lib\router\route.js:119:3)[39m
[31m    at Layer.handle [as handle_request] (C:\Users\admin\Downloads\nib_hr\backend\node_modules\express\lib\router\layer.js:95:5)[39m
2026-09-11 15:39:14:3914 [31merror[39m: [31mGET /api/table/exit_requests - Error: Access restricted: Table 'exit_requests' is not in the whitelist.[39m
[31mStack: Error: Access restricted: Table 'exit_requests' is not in the whitelist.[39m
[31m    at validateTableName (C:\Users\admin\Downloads\nib_hr\backend\controllers\core\table.controller.js:1467:11)[39m
[31m    at C:\Users\admin\Downloads\nib_hr\backend\controllers\core\table.controller.js:1474:21[39m
[31m    at C:\Users\admin\Downloads\nib_hr\backend\utils\asyncHandler.js:4:21[39m
[31m    at Layer.handle [as handle_request] (C:\Users\admin\Downloads\nib_hr\backend\node_modules\express\lib\router\layer.js:95:5)[39m
[31m    at next (C:\Users\admin\Downloads\nib_hr\backend\node_modules\express\lib\router\route.js:149:13)[39m
[31m    at C:\Users\admin\Downloads\nib_hr\backend\middleware\audit.middleware.js:98:5[39m
[31m    at Layer.handle [as handle_request] (C:\Users\admin\Downloads\nib_hr\backend\node_modules\express\lib\router\layer.js:95:5)[39m
[31m    at next (C:\Users\admin\Downloads\nib_hr\backend\node_modules\express\lib\router\route.js:149:13)[39m
[31m    at Route.dispatch (C:\Users\admin\Downloads\nib_hr\backend\node_modules\express\lib\router\route.js:119:3)[39m
[31m    at Layer.handle [as handle_request] (C:\Users\admin\Downloads\nib_hr\backend\node_modules\express\lib\router\layer.js:95:5)[39m
2026-09-11 15:39:14:3914 [31merror[39m: [31mGET /api/table/exit_requests - Error: Access restricted: Table 'exit_requests' is not in the whitelist.[39m
[31mStack: Error: Access restricted: Table 'exit_requests' is not in the whitelist.[39m
[31m    at validateTableName (C:\Users\admin\Downloads\nib_hr\backend\controllers\core\table.controller.js:1467:11)[39m
[31m    at C:\Users\admin\Downloads\nib_hr\backend\controllers\core\table.controller.js:1474:21[39m
[31m    at C:\Users\admin\Downloads\nib_hr\backend\utils\asyncHandler.js:4:21[39m
[31m    at Layer.handle [as handle_request] (C:\Users\admin\Downloads\nib_hr\backend\node_modules\express\lib\router\layer.js:95:5)[39m
[31m    at next (C:\Users\admin\Downloads\nib_hr\backend\node_modules\express\lib\router\route.js:149:13)[39m
[31m    at C:\Users\admin\Downloads\nib_hr\backend\middleware\audit.middleware.js:98:5[39m
[31m    at Layer.handle [as handle_request] (C:\Users\admin\Downloads\nib_hr\backend\node_modules\express\lib\router\layer.js:95:5)[39m
[31m    at next (C:\Users\admin\Downloads\nib_hr\backend\node_modules\express\lib\router\route.js:149:13)[39m
[31m    at Route.dispatch (C:\Users\admin\Downloads\nib_hr\backend\node_modules\express\lib\router\route.js:119:3)[39m
[31m    at Layer.handle [as handle_request] (C:\Users\admin\Downloads\nib_hr\backend\node_modules\express\lib\router\layer.js:95:5)[39m
2026-09-11 15:39:15:3915 [31merror[39m: [31mGET /api/table/exit_requests - Error: Access restricted: Table 'exit_requests' is not in the whitelist.[39m
[31mStack: Error: Access restricted: Table 'exit_requests' is not in the whitelist.[39m
[31m    at validateTableName (C:\Users\admin\Downloads\nib_hr\backend\controllers\core\table.controller.js:1467:11)[39m
[31m    at C:\Users\admin\Downloads\nib_hr\backend\controllers\core\table.controller.js:1474:21[39m
[31m    at C:\Users\admin\Downloads\nib_hr\backend\utils\asyncHandler.js:4:21[39m
[31m    at Layer.handle [as handle_request] (C:\Users\admin\Downloads\nib_hr\backend\node_modules\express\lib\router\layer.js:95:5)[39m
[31m    at next (C:\Users\admin\Downloads\nib_hr\backend\node_modules\express\lib\router\route.js:149:13)[39m
[31m    at C:\Users\admin\Downloads\nib_hr\backend\middleware\audit.middleware.js:98:5[39m
[31m    at Layer.handle [as handle_request] (C:\Users\admin\Downloads\nib_hr\backend\node_modules\express\lib\router\layer.js:95:5)[39m
[31m    at next (C:\Users\admin\Downloads\nib_hr\backend\node_modules\express\lib\router\route.js:149:13)[39m
[31m    at Route.dispatch (C:\Users\admin\Downloads\nib_hr\backend\node_modules\express\lib\router\route.js:119:3)[39m
[31m    at Layer.handle [as handle_request] (C:\Users\admin\Downloads\nib_hr\backend\node_modules\express\lib\router\layer.js:95:5)[39m
2026-09-11 15:39:15:3915 [31merror[39m: [31mGET /api/table/exit_requests - Error: Access restricted: Table 'exit_requests' is not in the whitelist.[39m
[31mStack: Error: Access restricted: Table 'exit_requests' is not in the whitelist.[39m
[31m    at validateTableName (C:\Users\admin\Downloads\nib_hr\backend\controllers\core\table.controller.js:1467:11)[39m
[31m    at C:\Users\admin\Downloads\nib_hr\backend\controllers\core\table.controller.js:1474:21[39m
[31m    at C:\Users\admin\Downloads\nib_hr\backend\utils\asyncHandler.js:4:21[39m
[31m    at Layer.handle [as handle_request] (C:\Users\admin\Downloads\nib_hr\backend\node_modules\express\lib\router\layer.js:95:5)[39m
[31m    at next (C:\Users\admin\Downloads\nib_hr\backend\node_modules\express\lib\router\route.js:149:13)[39m
[31m    at C:\Users\admin\Downloads\nib_hr\backend\middleware\audit.middleware.js:98:5[39m
[31m    at Layer.handle [as handle_request] (C:\Users\admin\Downloads\nib_hr\backend\node_modules\express\lib\router\layer.js:95:5)[39m
[31m    at next (C:\Users\admin\Downloads\nib_hr\backend\node_modules\express\lib\router\route.js:149:13)[39m
[31m    at Route.dispatch (C:\Users\admin\Downloads\nib_hr\backend\node_modules\express\lib\router\route.js:119:3)[39m
[31m    at Layer.handle [as handle_request] (C:\Users\admin\Downloads\nib_hr\backend\node_modules\express\lib\router\layer.js:95:5)[39m
2026-09-11 15:45:05:455 [31merror[39m: [31mGET /api/table/documents - Error: Access restricted: Table 'documents' is not in the whitelist.[39m
[31mStack: Error: Access restricted: Table 'documents' is not in the whitelist.[39m
[31m    at validateTableName (C:\Users\admin\Downloads\nib_hr\backend\controllers\core\table.controller.js:1467:11)[39m
[31m    at C:\Users\admin\Downloads\nib_hr\backend\controllers\core\table.controller.js:1474:21[39m
[31m    at C:\Users\admin\Downloads\nib_hr\backend\utils\asyncHandler.js:4:21[39m
[31m    at Layer.handle [as handle_request] (C:\Users\admin\Downloads\nib_hr\backend\node_modules\express\lib\router\layer.js:95:5)[39m
[31m    at next (C:\Users\admin\Downloads\nib_hr\backend\node_modules\express\lib\router\route.js:149:13)[39m
[31m    at C:\Users\admin\Downloads\nib_hr\backend\middleware\audit.middleware.js:98:5[39m
[31m    at Layer.handle [as handle_request] (C:\Users\admin\Downloads\nib_hr\backend\node_modules\express\lib\router\layer.js:95:5)[39m
[31m    at next (C:\Users\admin\Downloads\nib_hr\backend\node_modules\express\lib\router\route.js:149:13)[39m
[31m    at Route.dispatch (C:\Users\admin\Downloads\nib_hr\backend\node_modules\express\lib\router\route.js:119:3)[39m
[31m    at Layer.handle [as handle_request] (C:\Users\admin\Downloads\nib_hr\backend\node_modules\express\lib\router\layer.js:95:5)[39m
2026-09-11 15:45:06:456 [31merror[39m: [31mGET /api/table/documents - Error: Access restricted: Table 'documents' is not in the whitelist.[39m
[31mStack: Error: Access restricted: Table 'documents' is not in the whitelist.[39m
[31m    at validateTableName (C:\Users\admin\Downloads\nib_hr\backend\controllers\core\table.controller.js:1467:11)[39m
[31m    at C:\Users\admin\Downloads\nib_hr\backend\controllers\core\table.controller.js:1474:21[39m
[31m    at C:\Users\admin\Downloads\nib_hr\backend\utils\asyncHandler.js:4:21[39m
[31m    at Layer.handle [as handle_request] (C:\Users\admin\Downloads\nib_hr\backend\node_modules\express\lib\router\layer.js:95:5)[39m
[31m    at next (C:\Users\admin\Downloads\nib_hr\backend\node_modules\express\lib\router\route.js:149:13)[39m
[31m    at C:\Users\admin\Downloads\nib_hr\backend\middleware\audit.middleware.js:98:5[39m
[31m    at Layer.handle [as handle_request] (C:\Users\admin\Downloads\nib_hr\backend\node_modules\express\lib\router\layer.js:95:5)[39m
[31m    at next (C:\Users\admin\Downloads\nib_hr\backend\node_modules\express\lib\router\route.js:149:13)[39m
[31m    at Route.dispatch (C:\Users\admin\Downloads\nib_hr\backend\node_modules\express\lib\router\route.js:119:3)[39m
[31m    at Layer.handle [as handle_request] (C:\Users\admin\Downloads\nib_hr\backend\node_modules\express\lib\router\layer.js:95:5)[39m
2026-09-11 15:45:07:457 [31merror[39m: [31mGET /api/table/exit_requests - Error: Access restricted: Table 'exit_requests' is not in the whitelist.[39m
[31mStack: Error: Access restricted: Table 'exit_requests' is not in the whitelist.[39m
[31m    at validateTableName (C:\Users\admin\Downloads\nib_hr\backend\controllers\core\table.controller.js:1467:11)[39m
[31m    at C:\Users\admin\Downloads\nib_hr\backend\controllers\core\table.controller.js:1474:21[39m
[31m    at C:\Users\admin\Downloads\nib_hr\backend\utils\asyncHandler.js:4:21[39m
[31m    at Layer.handle [as handle_request] (C:\Users\admin\Downloads\nib_hr\backend\node_modules\express\lib\router\layer.js:95:5)[39m
[31m    at next (C:\Users\admin\Downloads\nib_hr\backend\node_modules\express\lib\router\route.js:149:13)[39m
[31m    at C:\Users\admin\Downloads\nib_hr\backend\middleware\audit.middleware.js:98:5[39m
[31m    at Layer.handle [as handle_request] (C:\Users\admin\Downloads\nib_hr\backend\node_modules\express\lib\router\layer.js:95:5)[39m
[31m    at next (C:\Users\admin\Downloads\nib_hr\backend\node_modules\express\lib\router\route.js:149:13)[39m
[31m    at Route.dispatch (C:\Users\admin\Downloads\nib_hr\backend\node_modules\express\lib\router\route.js:119:3)[39m
[31m    at Layer.handle [as handle_request] (C:\Users\admin\Downloads\nib_hr\backend\node_modules\express\lib\router\layer.js:95:5)[39m
2026-09-11 15:45:07:457 [31merror[39m: [31mGET /api/table/notice_periods - Error: Access restricted: Table 'notice_periods' is not in the whitelist.[39m
[31mStack: Error: Access restricted: Table 'notice_periods' is not in the whitelist.[39m
[31m    at validateTableName (C:\Users\admin\Downloads\nib_hr\backend\controllers\core\table.controller.js:1467:11)[39m
[31m    at C:\Users\admin\Downloads\nib_hr\backend\controllers\core\table.controller.js:1474:21[39m
[31m    at C:\Users\admin\Downloads\nib_hr\backend\utils\asyncHandler.js:4:21[39m
[31m    at Layer.handle [as handle_request] (C:\Users\admin\Downloads\nib_hr\backend\node_modules\express\lib\router\layer.js:95:5)[39m
[31m    at next (C:\Users\admin\Downloads\nib_hr\backend\node_modules\express\lib\router\route.js:149:13)[39m
[31m    at C:\Users\admin\Downloads\nib_hr\backend\middleware\audit.middleware.js:98:5[39m
[31m    at Layer.handle [as handle_request] (C:\Users\admin\Downloads\nib_hr\backend\node_modules\express\lib\router\layer.js:95:5)[39m
[31m    at next (C:\Users\admin\Downloads\nib_hr\backend\node_modules\express\lib\router\route.js:149:13)[39m
[31m    at Route.dispatch (C:\Users\admin\Downloads\nib_hr\backend\node_modules\express\lib\router\route.js:119:3)[39m
[31m    at Layer.handle [as handle_request] (C:\Users\admin\Downloads\nib_hr\backend\node_modules\express\lib\router\layer.js:95:5)[39m
2026-09-11 15:45:07:457 [31merror[39m: [31mGET /api/table/exit_clearances - Error: Access restricted: Table 'exit_clearances' is not in the whitelist.[39m
[31mStack: Error: Access restricted: Table 'exit_clearances' is not in the whitelist.[39m
[31m    at validateTableName (C:\Users\admin\Downloads\nib_hr\backend\controllers\core\table.controller.js:1467:11)[39m
[31m    at C:\Users\admin\Downloads\nib_hr\backend\controllers\core\table.controller.js:1474:21[39m
[31m    at C:\Users\admin\Downloads\nib_hr\backend\utils\asyncHandler.js:4:21[39m
[31m    at Layer.handle [as handle_request] (C:\Users\admin\Downloads\nib_hr\backend\node_modules\express\lib\router\layer.js:95:5)[39m
[31m    at next (C:\Users\admin\Downloads\nib_hr\backend\node_modules\express\lib\router\route.js:149:13)[39m
[31m    at C:\Users\admin\Downloads\nib_hr\backend\middleware\audit.middleware.js:98:5[39m
[31m    at Layer.handle [as handle_request] (C:\Users\admin\Downloads\nib_hr\backend\node_modules\express\lib\router\layer.js:95:5)[39m
[31m    at next (C:\Users\admin\Downloads\nib_hr\backend\node_modules\express\lib\router\route.js:149:13)[39m
[31m    at Route.dispatch (C:\Users\admin\Downloads\nib_hr\backend\node_modules\express\lib\router\route.js:119:3)[39m
[31m    at Layer.handle [as handle_request] (C:\Users\admin\Downloads\nib_hr\backend\node_modules\express\lib\router\layer.js:95:5)[39m
2026-09-11 15:45:07:457 [31merror[39m: [31mGET /api/table/asset_returns - Error: Access restricted: Table 'asset_returns' is not in the whitelist.[39m
[31mStack: Error: Access restricted: Table 'asset_returns' is not in the whitelist.[39m
[31m    at validateTableName (C:\Users\admin\Downloads\nib_hr\backend\controllers\core\table.controller.js:1467:11)[39m
[31m    at C:\Users\admin\Downloads\nib_hr\backend\controllers\core\table.controller.js:1474:21[39m
[31m    at C:\Users\admin\Downloads\nib_hr\backend\utils\asyncHandler.js:4:21[39m
[31m    at Layer.handle [as handle_request] (C:\Users\admin\Downloads\nib_hr\backend\node_modules\express\lib\router\layer.js:95:5)[39m
[31m    at next (C:\Users\admin\Downloads\nib_hr\backend\node_modules\express\lib\router\route.js:149:13)[39m
[31m    at C:\Users\admin\Downloads\nib_hr\backend\middleware\audit.middleware.js:98:5[39m
[31m    at Layer.handle [as handle_request] (C:\Users\admin\Downloads\nib_hr\backend\node_modules\express\lib\router\layer.js:95:5)[39m
[31m    at next (C:\Users\admin\Downloads\nib_hr\backend\node_modules\express\lib\router\route.js:149:13)[39m
[31m    at Route.dispatch (C:\Users\admin\Downloads\nib_hr\backend\node_modules\express\lib\router\route.js:119:3)[39m
[31m    at Layer.handle [as handle_request] (C:\Users\admin\Downloads\nib_hr\backend\node_modules\express\lib\router\layer.js:95:5)[39m
2026-09-11 15:45:07:457 [31merror[39m: [31mGET /api/table/no_dues - Error: Access restricted: Table 'no_dues' is not in the whitelist.[39m
[31mStack: Error: Access restricted: Table 'no_dues' is not in the whitelist.[39m
[31m    at validateTableName (C:\Users\admin\Downloads\nib_hr\backend\controllers\core\table.controller.js:1467:11)[39m
[31m    at C:\Users\admin\Downloads\nib_hr\backend\controllers\core\table.controller.js:1474:21[39m
[31m    at C:\Users\admin\Downloads\nib_hr\backend\utils\asyncHandler.js:4:21[39m
[31m    at Layer.handle [as handle_request] (C:\Users\admin\Downloads\nib_hr\backend\node_modules\express\lib\router\layer.js:95:5)[39m
[31m    at next (C:\Users\admin\Downloads\nib_hr\backend\node_modules\express\lib\router\route.js:149:13)[39m
[31m    at C:\Users\admin\Downloads\nib_hr\backend\middleware\audit.middleware.js:98:5[39m
[31m    at Layer.handle [as handle_request] (C:\Users\admin\Downloads\nib_hr\backend\node_modules\express\lib\router\layer.js:95:5)[39m
[31m    at next (C:\Users\admin\Downloads\nib_hr\backend\node_modules\express\lib\router\route.js:149:13)[39m
[31m    at Route.dispatch (C:\Users\admin\Downloads\nib_hr\backend\node_modules\express\lib\router\route.js:119:3)[39m
[31m    at Layer.handle [as handle_request] (C:\Users\admin\Downloads\nib_hr\backend\node_modules\express\lib\router\layer.js:95:5)[39m
2026-09-11 15:45:07:457 [31merror[39m: [31mGET /api/table/fnf_settlements - Error: Access restricted: Table 'fnf_settlements' is not in the whitelist.[39m
[31mStack: Error: Access restricted: Table 'fnf_settlements' is not in the whitelist.[39m
[31m    at validateTableName (C:\Users\admin\Downloads\nib_hr\backend\controllers\core\table.controller.js:1467:11)[39m
[31m    at C:\Users\admin\Downloads\nib_hr\backend\controllers\core\table.controller.js:1474:21[39m
[31m    at C:\Users\admin\Downloads\nib_hr\backend\utils\asyncHandler.js:4:21[39m
[31m    at Layer.handle [as handle_request] (C:\Users\admin\Downloads\nib_hr\backend\node_modules\express\lib\router\layer.js:95:5)[39m
[31m    at next (C:\Users\admin\Downloads\nib_hr\backend\node_modules\express\lib\router\route.js:149:13)[39m
[31m    at C:\Users\admin\Downloads\nib_hr\backend\middleware\audit.middleware.js:98:5[39m
[31m    at Layer.handle [as handle_request] (C:\Users\admin\Downloads\nib_hr\backend\node_modules\express\lib\router\layer.js:95:5)[39m
[31m    at next (C:\Users\admin\Downloads\nib_hr\backend\node_modules\express\lib\router\route.js:149:13)[39m
[31m    at Route.dispatch (C:\Users\admin\Downloads\nib_hr\backend\node_modules\express\lib\router\route.js:119:3)[39m
[31m    at Layer.handle [as handle_request] (C:\Users\admin\Downloads\nib_hr\backend\node_modules\express\lib\router\layer.js:95:5)[39m
2026-09-11 15:45:07:457 [31merror[39m: [31mGET /api/table/exit_interviews - Error: Access restricted: Table 'exit_interviews' is not in the whitelist.[39m
[31mStack: Error: Access restricted: Table 'exit_interviews' is not in the whitelist.[39m
[31m    at validateTableName (C:\Users\admin\Downloads\nib_hr\backend\controllers\core\table.controller.js:1467:11)[39m
[31m    at C:\Users\admin\Downloads\nib_hr\backend\controllers\core\table.controller.js:1474:21[39m
[31m    at C:\Users\admin\Downloads\nib_hr\backend\utils\asyncHandler.js:4:21[39m
[31m    at Layer.handle [as handle_request] (C:\Users\admin\Downloads\nib_hr\backend\node_modules\express\lib\router\layer.js:95:5)[39m
[31m    at next (C:\Users\admin\Downloads\nib_hr\backend\node_modules\express\lib\router\route.js:149:13)[39m
[31m    at C:\Users\admin\Downloads\nib_hr\backend\middleware\audit.middleware.js:98:5[39m
[31m    at Layer.handle [as handle_request] (C:\Users\admin\Downloads\nib_hr\backend\node_modules\express\lib\router\layer.js:95:5)[39m
[31m    at next (C:\Users\admin\Downloads\nib_hr\backend\node_modules\express\lib\router\route.js:149:13)[39m
[31m    at Route.dispatch (C:\Users\admin\Downloads\nib_hr\backend\node_modules\express\lib\router\route.js:119:3)[39m
[31m    at Layer.handle [as handle_request] (C:\Users\admin\Downloads\nib_hr\backend\node_modules\express\lib\router\layer.js:95:5)[39m
2026-09-11 15:45:07:457 [31merror[39m: [31mGET /api/table/experience_letters - Error: Access restricted: Table 'experience_letters' is not in the whitelist.[39m
[31mStack: Error: Access restricted: Table 'experience_letters' is not in the whitelist.[39m
[31m    at validateTableName (C:\Users\admin\Downloads\nib_hr\backend\controllers\core\table.controller.js:1467:11)[39m
[31m    at C:\Users\admin\Downloads\nib_hr\backend\controllers\core\table.controller.js:1474:21[39m
[31m    at C:\Users\admin\Downloads\nib_hr\backend\utils\asyncHandler.js:4:21[39m
[31m    at Layer.handle [as handle_request] (C:\Users\admin\Downloads\nib_hr\backend\node_modules\express\lib\router\layer.js:95:5)[39m
[31m    at next (C:\Users\admin\Downloads\nib_hr\backend\node_modules\express\lib\router\route.js:149:13)[39m
[31m    at C:\Users\admin\Downloads\nib_hr\backend\middleware\audit.middleware.js:98:5[39m
[31m    at Layer.handle [as handle_request] (C:\Users\admin\Downloads\nib_hr\backend\node_modules\express\lib\router\layer.js:95:5)[39m
[31m    at next (C:\Users\admin\Downloads\nib_hr\backend\node_modules\express\lib\router\route.js:149:13)[39m
[31m    at Route.dispatch (C:\Users\admin\Downloads\nib_hr\backend\node_modules\express\lib\router\route.js:119:3)[39m
[31m    at Layer.handle [as handle_request] (C:\Users\admin\Downloads\nib_hr\backend\node_modules\express\lib\router\layer.js:95:5)[39m
2026-09-11 15:45:08:458 [31merror[39m: [31mGET /api/table/exit_requests - Error: Access restricted: Table 'exit_requests' is not in the whitelist.[39m
[31mStack: Error: Access restricted: Table 'exit_requests' is not in the whitelist.[39m
[31m    at validateTableName (C:\Users\admin\Downloads\nib_hr\backend\controllers\core\table.controller.js:1467:11)[39m
[31m    at C:\Users\admin\Downloads\nib_hr\backend\controllers\core\table.controller.js:1474:21[39m
[31m    at C:\Users\admin\Downloads\nib_hr\backend\utils\asyncHandler.js:4:21[39m
[31m    at Layer.handle [as handle_request] (C:\Users\admin\Downloads\nib_hr\backend\node_modules\express\lib\router\layer.js:95:5)[39m
[31m    at next (C:\Users\admin\Downloads\nib_hr\backend\node_modules\express\lib\router\route.js:149:13)[39m
[31m    at C:\Users\admin\Downloads\nib_hr\backend\middleware\audit.middleware.js:98:5[39m
[31m    at Layer.handle [as handle_request] (C:\Users\admin\Downloads\nib_hr\backend\node_modules\express\lib\router\layer.js:95:5)[39m
[31m    at next (C:\Users\admin\Downloads\nib_hr\backend\node_modules\express\lib\router\route.js:149:13)[39m
[31m    at Route.dispatch (C:\Users\admin\Downloads\nib_hr\backend\node_modules\express\lib\router\route.js:119:3)[39m
[31m    at Layer.handle [as handle_request] (C:\Users\admin\Downloads\nib_hr\backend\node_modules\express\lib\router\layer.js:95:5)[39m
2026-09-11 15:45:08:458 [31merror[39m: [31mGET /api/table/notice_periods - Error: Access restricted: Table 'notice_periods' is not in the whitelist.[39m
[31mStack: Error: Access restricted: Table 'notice_periods' is not in the whitelist.[39m
[31m    at validateTableName (C:\Users\admin\Downloads\nib_hr\backend\controllers\core\table.controller.js:1467:11)[39m
[31m    at C:\Users\admin\Downloads\nib_hr\backend\controllers\core\table.controller.js:1474:21[39m
[31m    at C:\Users\admin\Downloads\nib_hr\backend\utils\asyncHandler.js:4:21[39m
[31m    at Layer.handle [as handle_request] (C:\Users\admin\Downloads\nib_hr\backend\node_modules\express\lib\router\layer.js:95:5)[39m
[31m    at next (C:\Users\admin\Downloads\nib_hr\backend\node_modules\express\lib\router\route.js:149:13)[39m
[31m    at C:\Users\admin\Downloads\nib_hr\backend\middleware\audit.middleware.js:98:5[39m
[31m    at Layer.handle [as handle_request] (C:\Users\admin\Downloads\nib_hr\backend\node_modules\express\lib\router\layer.js:95:5)[39m
[31m    at next (C:\Users\admin\Downloads\nib_hr\backend\node_modules\express\lib\router\route.js:149:13)[39m
[31m    at Route.dispatch (C:\Users\admin\Downloads\nib_hr\backend\node_modules\express\lib\router\route.js:119:3)[39m
[31m    at Layer.handle [as handle_request] (C:\Users\admin\Downloads\nib_hr\backend\node_modules\express\lib\router\layer.js:95:5)[39m
2026-09-11 15:45:08:458 [31merror[39m: [31mGET /api/table/exit_clearances - Error: Access restricted: Table 'exit_clearances' is not in the whitelist.[39m
[31mStack: Error: Access restricted: Table 'exit_clearances' is not in the whitelist.[39m
[31m    at validateTableName (C:\Users\admin\Downloads\nib_hr\backend\controllers\core\table.controller.js:1467:11)[39m
[31m    at C:\Users\admin\Downloads\nib_hr\backend\controllers\core\table.controller.js:1474:21[39m
[31m    at C:\Users\admin\Downloads\nib_hr\backend\utils\asyncHandler.js:4:21[39m
[31m    at Layer.handle [as handle_request] (C:\Users\admin\Downloads\nib_hr\backend\node_modules\express\lib\router\layer.js:95:5)[39m
[31m    at next (C:\Users\admin\Downloads\nib_hr\backend\node_modules\express\lib\router\route.js:149:13)[39m
[31m    at C:\Users\admin\Downloads\nib_hr\backend\middleware\audit.middleware.js:98:5[39m
[31m    at Layer.handle [as handle_request] (C:\Users\admin\Downloads\nib_hr\backend\node_modules\express\lib\router\layer.js:95:5)[39m
[31m    at next (C:\Users\admin\Downloads\nib_hr\backend\node_modules\express\lib\router\route.js:149:13)[39m
[31m    at Route.dispatch (C:\Users\admin\Downloads\nib_hr\backend\node_modules\express\lib\router\route.js:119:3)[39m
[31m    at Layer.handle [as handle_request] (C:\Users\admin\Downloads\nib_hr\backend\node_modules\express\lib\router\layer.js:95:5)[39m
2026-09-11 15:45:08:458 [31merror[39m: [31mGET /api/table/asset_returns - Error: Access restricted: Table 'asset_returns' is not in the whitelist.[39m
[31mStack: Error: Access restricted: Table 'asset_returns' is not in the whitelist.[39m
[31m    at validateTableName (C:\Users\admin\Downloads\nib_hr\backend\controllers\core\table.controller.js:1467:11)[39m
[31m    at C:\Users\admin\Downloads\nib_hr\backend\controllers\core\table.controller.js:1474:21[39m
[31m    at C:\Users\admin\Downloads\nib_hr\backend\utils\asyncHandler.js:4:21[39m
[31m    at Layer.handle [as handle_request] (C:\Users\admin\Downloads\nib_hr\backend\node_modules\express\lib\router\layer.js:95:5)[39m
[31m    at next (C:\Users\admin\Downloads\nib_hr\backend\node_modules\express\lib\router\route.js:149:13)[39m
[31m    at C:\Users\admin\Downloads\nib_hr\backend\middleware\audit.middleware.js:98:5[39m
[31m    at Layer.handle [as handle_request] (C:\Users\admin\Downloads\nib_hr\backend\node_modules\express\lib\router\layer.js:95:5)[39m
[31m    at next (C:\Users\admin\Downloads\nib_hr\backend\node_modules\express\lib\router\route.js:149:13)[39m
[31m    at Route.dispatch (C:\Users\admin\Downloads\nib_hr\backend\node_modules\express\lib\router\route.js:119:3)[39m
[31m    at Layer.handle [as handle_request] (C:\Users\admin\Downloads\nib_hr\backend\node_modules\express\lib\router\layer.js:95:5)[39m
2026-09-11 15:45:08:458 [31merror[39m: [31mGET /api/table/no_dues - Error: Access restricted: Table 'no_dues' is not in the whitelist.[39m
[31mStack: Error: Access restricted: Table 'no_dues' is not in the whitelist.[39m
[31m    at validateTableName (C:\Users\admin\Downloads\nib_hr\backend\controllers\core\table.controller.js:1467:11)[39m
[31m    at C:\Users\admin\Downloads\nib_hr\backend\controllers\core\table.controller.js:1474:21[39m
[31m    at C:\Users\admin\Downloads\nib_hr\backend\utils\asyncHandler.js:4:21[39m
[31m    at Layer.handle [as handle_request] (C:\Users\admin\Downloads\nib_hr\backend\node_modules\express\lib\router\layer.js:95:5)[39m
[31m    at next (C:\Users\admin\Downloads\nib_hr\backend\node_modules\express\lib\router\route.js:149:13)[39m
[31m    at C:\Users\admin\Downloads\nib_hr\backend\middleware\audit.middleware.js:98:5[39m
[31m    at Layer.handle [as handle_request] (C:\Users\admin\Downloads\nib_hr\backend\node_modules\express\lib\router\layer.js:95:5)[39m
[31m    at next (C:\Users\admin\Downloads\nib_hr\backend\node_modules\express\lib\router\route.js:149:13)[39m
[31m    at Route.dispatch (C:\Users\admin\Downloads\nib_hr\backend\node_modules\express\lib\router\route.js:119:3)[39m
[31m    at Layer.handle [as handle_request] (C:\Users\admin\Downloads\nib_hr\backend\node_modules\express\lib\router\layer.js:95:5)[39m
2026-09-11 15:45:08:458 [31merror[39m: [31mGET /api/table/fnf_settlements - Error: Access restricted: Table 'fnf_settlements' is not in the whitelist.[39m
[31mStack: Error: Access restricted: Table 'fnf_settlements' is not in the whitelist.[39m
[31m    at validateTableName (C:\Users\admin\Downloads\nib_hr\backend\controllers\core\table.controller.js:1467:11)[39m
[31m    at C:\Users\admin\Downloads\nib_hr\backend\controllers\core\table.controller.js:1474:21[39m
[31m    at C:\Users\admin\Downloads\nib_hr\backend\utils\asyncHandler.js:4:21[39m
[31m    at Layer.handle [as handle_request] (C:\Users\admin\Downloads\nib_hr\backend\node_modules\express\lib\router\layer.js:95:5)[39m
[31m    at next (C:\Users\admin\Downloads\nib_hr\backend\node_modules\express\lib\router\route.js:149:13)[39m
[31m    at C:\Users\admin\Downloads\nib_hr\backend\middleware\audit.middleware.js:98:5[39m
[31m    at Layer.handle [as handle_request] (C:\Users\admin\Downloads\nib_hr\backend\node_modules\express\lib\router\layer.js:95:5)[39m
[31m    at next (C:\Users\admin\Downloads\nib_hr\backend\node_modules\express\lib\router\route.js:149:13)[39m
[31m    at Route.dispatch (C:\Users\admin\Downloads\nib_hr\backend\node_modules\express\lib\router\route.js:119:3)[39m
[31m    at Layer.handle [as handle_request] (C:\Users\admin\Downloads\nib_hr\backend\node_modules\express\lib\router\layer.js:95:5)[39m
2026-09-11 15:45:08:458 [31merror[39m: [31mGET /api/table/exit_interviews - Error: Access restricted: Table 'exit_interviews' is not in the whitelist.[39m
[31mStack: Error: Access restricted: Table 'exit_interviews' is not in the whitelist.[39m
[31m    at validateTableName (C:\Users\admin\Downloads\nib_hr\backend\controllers\core\table.controller.js:1467:11)[39m
[31m    at C:\Users\admin\Downloads\nib_hr\backend\controllers\core\table.controller.js:1474:21[39m
[31m    at C:\Users\admin\Downloads\nib_hr\backend\utils\asyncHandler.js:4:21[39m
[31m    at Layer.handle [as handle_request] (C:\Users\admin\Downloads\nib_hr\backend\node_modules\express\lib\router\layer.js:95:5)[39m
[31m    at next (C:\Users\admin\Downloads\nib_hr\backend\node_modules\express\lib\router\route.js:149:13)[39m
[31m    at C:\Users\admin\Downloads\nib_hr\backend\middleware\audit.middleware.js:98:5[39m
[31m    at Layer.handle [as handle_request] (C:\Users\admin\Downloads\nib_hr\backend\node_modules\express\lib\router\layer.js:95:5)[39m
[31m    at next (C:\Users\admin\Downloads\nib_hr\backend\node_modules\express\lib\router\route.js:149:13)[39m
[31m    at Route.dispatch (C:\Users\admin\Downloads\nib_hr\backend\node_modules\express\lib\router\route.js:119:3)[39m
[31m    at Layer.handle [as handle_request] (C:\Users\admin\Downloads\nib_hr\backend\node_modules\express\lib\router\layer.js:95:5)[39m
2026-09-11 15:45:08:458 [31merror[39m: [31mGET /api/table/experience_letters - Error: Access restricted: Table 'experience_letters' is not in the whitelist.[39m
[31mStack: Error: Access restricted: Table 'experience_letters' is not in the whitelist.[39m
[31m    at validateTableName (C:\Users\admin\Downloads\nib_hr\backend\controllers\core\table.controller.js:1467:11)[39m
[31m    at C:\Users\admin\Downloads\nib_hr\backend\controllers\core\table.controller.js:1474:21[39m
[31m    at C:\Users\admin\Downloads\nib_hr\backend\utils\asyncHandler.js:4:21[39m
[31m    at Layer.handle [as handle_request] (C:\Users\admin\Downloads\nib_hr\backend\node_modules\express\lib\router\layer.js:95:5)[39m
[31m    at next (C:\Users\admin\Downloads\nib_hr\backend\node_modules\express\lib\router\route.js:149:13)[39m
[31m    at C:\Users\admin\Downloads\nib_hr\backend\middleware\audit.middleware.js:98:5[39m
[31m    at Layer.handle [as handle_request] (C:\Users\admin\Downloads\nib_hr\backend\node_modules\express\lib\router\layer.js:95:5)[39m
[31m    at next (C:\Users\admin\Downloads\nib_hr\backend\node_modules\express\lib\router\route.js:149:13)[39m
[31m    at Route.dispatch (C:\Users\admin\Downloads\nib_hr\backend\node_modules\express\lib\router\route.js:119:3)[39m
[31m    at Layer.handle [as handle_request] (C:\Users\admin\Downloads\nib_hr\backend\node_modules\express\lib\router\layer.js:95:5)[39m
2026-09-11 15:45:09:459 [31merror[39m: [31mGET /api/table/exit_requests - Error: Access restricted: Table 'exit_requests' is not in the whitelist.[39m
[31mStack: Error: Access restricted: Table 'exit_requests' is not in the whitelist.[39m
[31m    at validateTableName (C:\Users\admin\Downloads\nib_hr\backend\controllers\core\table.controller.js:1467:11)[39m
[31m    at C:\Users\admin\Downloads\nib_hr\backend\controllers\core\table.controller.js:1474:21[39m
[31m    at C:\Users\admin\Downloads\nib_hr\backend\utils\asyncHandler.js:4:21[39m
[31m    at Layer.handle [as handle_request] (C:\Users\admin\Downloads\nib_hr\backend\node_modules\express\lib\router\layer.js:95:5)[39m
[31m    at next (C:\Users\admin\Downloads\nib_hr\backend\node_modules\express\lib\router\route.js:149:13)[39m
[31m    at C:\Users\admin\Downloads\nib_hr\backend\middleware\audit.middleware.js:98:5[39m
[31m    at Layer.handle [as handle_request] (C:\Users\admin\Downloads\nib_hr\backend\node_modules\express\lib\router\layer.js:95:5)[39m
[31m    at next (C:\Users\admin\Downloads\nib_hr\backend\node_modules\express\lib\router\route.js:149:13)[39m
[31m    at Route.dispatch (C:\Users\admin\Downloads\nib_hr\backend\node_modules\express\lib\router\route.js:119:3)[39m
[31m    at Layer.handle [as handle_request] (C:\Users\admin\Downloads\nib_hr\backend\node_modules\express\lib\router\layer.js:95:5)[39m
2026-09-11 15:45:09:459 [31merror[39m: [31mGET /api/table/exit_requests - Error: Access restricted: Table 'exit_requests' is not in the whitelist.[39m
[31mStack: Error: Access restricted: Table 'exit_requests' is not in the whitelist.[39m
[31m    at validateTableName (C:\Users\admin\Downloads\nib_hr\backend\controllers\core\table.controller.js:1467:11)[39m
[31m    at C:\Users\admin\Downloads\nib_hr\backend\controllers\core\table.controller.js:1474:21[39m
[31m    at C:\Users\admin\Downloads\nib_hr\backend\utils\asyncHandler.js:4:21[39m
[31m    at Layer.handle [as handle_request] (C:\Users\admin\Downloads\nib_hr\backend\node_modules\express\lib\router\layer.js:95:5)[39m
[31m    at next (C:\Users\admin\Downloads\nib_hr\backend\node_modules\express\lib\router\route.js:149:13)[39m
[31m    at C:\Users\admin\Downloads\nib_hr\backend\middleware\audit.middleware.js:98:5[39m
[31m    at Layer.handle [as handle_request] (C:\Users\admin\Downloads\nib_hr\backend\node_modules\express\lib\router\layer.js:95:5)[39m
[31m    at next (C:\Users\admin\Downloads\nib_hr\backend\node_modules\express\lib\router\route.js:149:13)[39m
[31m    at Route.dispatch (C:\Users\admin\Downloads\nib_hr\backend\node_modules\express\lib\router\route.js:119:3)[39m
[31m    at Layer.handle [as handle_request] (C:\Users\admin\Downloads\nib_hr\backend\node_modules\express\lib\router\layer.js:95:5)[39m
2026-09-11 15:45:09:459 [31merror[39m: [31mGET /api/table/exit_requests - Error: Access restricted: Table 'exit_requests' is not in the whitelist.[39m
[31mStack: Error: Access restricted: Table 'exit_requests' is not in the whitelist.[39m
[31m    at validateTableName (C:\Users\admin\Downloads\nib_hr\backend\controllers\core\table.controller.js:1467:11)[39m
[31m    at C:\Users\admin\Downloads\nib_hr\backend\controllers\core\table.controller.js:1474:21[39m
[31m    at C:\Users\admin\Downloads\nib_hr\backend\utils\asyncHandler.js:4:21[39m
[31m    at Layer.handle [as handle_request] (C:\Users\admin\Downloads\nib_hr\backend\node_modules\express\lib\router\layer.js:95:5)[39m
[31m    at next (C:\Users\admin\Downloads\nib_hr\backend\node_modules\express\lib\router\route.js:149:13)[39m
[31m    at C:\Users\admin\Downloads\nib_hr\backend\middleware\audit.middleware.js:98:5[39m
[31m    at Layer.handle [as handle_request] (C:\Users\admin\Downloads\nib_hr\backend\node_modules\express\lib\router\layer.js:95:5)[39m
[31m    at next (C:\Users\admin\Downloads\nib_hr\backend\node_modules\express\lib\router\route.js:149:13)[39m
[31m    at Route.dispatch (C:\Users\admin\Downloads\nib_hr\backend\node_modules\express\lib\router\route.js:119:3)[39m
[31m    at Layer.handle [as handle_request] (C:\Users\admin\Downloads\nib_hr\backend\node_modules\express\lib\router\layer.js:95:5)[39m
2026-09-11 15:45:09:459 [31merror[39m: [31mGET /api/table/exit_requests - Error: Access restricted: Table 'exit_requests' is not in the whitelist.[39m
[31mStack: Error: Access restricted: Table 'exit_requests' is not in the whitelist.[39m
[31m    at validateTableName (C:\Users\admin\Downloads\nib_hr\backend\controllers\core\table.controller.js:1467:11)[39m
[31m    at C:\Users\admin\Downloads\nib_hr\backend\controllers\core\table.controller.js:1474:21[39m
[31m    at C:\Users\admin\Downloads\nib_hr\backend\utils\asyncHandler.js:4:21[39m
[31m    at Layer.handle [as handle_request] (C:\Users\admin\Downloads\nib_hr\backend\node_modules\express\lib\router\layer.js:95:5)[39m
[31m    at next (C:\Users\admin\Downloads\nib_hr\backend\node_modules\express\lib\router\route.js:149:13)[39m
[31m    at C:\Users\admin\Downloads\nib_hr\backend\middleware\audit.middleware.js:98:5[39m
[31m    at Layer.handle [as handle_request] (C:\Users\admin\Downloads\nib_hr\backend\node_modules\express\lib\router\layer.js:95:5)[39m
[31m    at next (C:\Users\admin\Downloads\nib_hr\backend\node_modules\express\lib\router\route.js:149:13)[39m
[31m    at Route.dispatch (C:\Users\admin\Downloads\nib_hr\backend\node_modules\express\lib\router\route.js:119:3)[39m
[31m    at Layer.handle [as handle_request] (C:\Users\admin\Downloads\nib_hr\backend\node_modules\express\lib\router\layer.js:95:5)[39m
2026-09-11 16:06:33:633 [31merror[39m: [31mGET /api/table/documents - Error: Access restricted: Table 'documents' is not in the whitelist.[39m
[31mStack: Error: Access restricted: Table 'documents' is not in the whitelist.[39m
[31m    at validateTableName (C:\Users\admin\Downloads\nib_hr\backend\controllers\core\table.controller.js:1467:11)[39m
[31m    at C:\Users\admin\Downloads\nib_hr\backend\controllers\core\table.controller.js:1474:21[39m
[31m    at C:\Users\admin\Downloads\nib_hr\backend\utils\asyncHandler.js:4:21[39m
[31m    at Layer.handle [as handle_request] (C:\Users\admin\Downloads\nib_hr\backend\node_modules\express\lib\router\layer.js:95:5)[39m
[31m    at next (C:\Users\admin\Downloads\nib_hr\backend\node_modules\express\lib\router\route.js:149:13)[39m
[31m    at C:\Users\admin\Downloads\nib_hr\backend\middleware\audit.middleware.js:98:5[39m
[31m    at Layer.handle [as handle_request] (C:\Users\admin\Downloads\nib_hr\backend\node_modules\express\lib\router\layer.js:95:5)[39m
[31m    at next (C:\Users\admin\Downloads\nib_hr\backend\node_modules\express\lib\router\route.js:149:13)[39m
[31m    at Route.dispatch (C:\Users\admin\Downloads\nib_hr\backend\node_modules\express\lib\router\route.js:119:3)[39m
[31m    at Layer.handle [as handle_request] (C:\Users\admin\Downloads\nib_hr\backend\node_modules\express\lib\router\layer.js:95:5)[39m
2026-09-11 16:06:34:634 [31merror[39m: [31mGET /api/table/exit_requests - Error: Access restricted: Table 'exit_requests' is not in the whitelist.[39m
[31mStack: Error: Access restricted: Table 'exit_requests' is not in the whitelist.[39m
[31m    at validateTableName (C:\Users\admin\Downloads\nib_hr\backend\controllers\core\table.controller.js:1467:11)[39m
[31m    at C:\Users\admin\Downloads\nib_hr\backend\controllers\core\table.controller.js:1474:21[39m
[31m    at C:\Users\admin\Downloads\nib_hr\backend\utils\asyncHandler.js:4:21[39m
[31m    at Layer.handle [as handle_request] (C:\Users\admin\Downloads\nib_hr\backend\node_modules\express\lib\router\layer.js:95:5)[39m
[31m    at next (C:\Users\admin\Downloads\nib_hr\backend\node_modules\express\lib\router\route.js:149:13)[39m
[31m    at C:\Users\admin\Downloads\nib_hr\backend\middleware\audit.middleware.js:98:5[39m
[31m    at Layer.handle [as handle_request] (C:\Users\admin\Downloads\nib_hr\backend\node_modules\express\lib\router\layer.js:95:5)[39m
[31m    at next (C:\Users\admin\Downloads\nib_hr\backend\node_modules\express\lib\router\route.js:149:13)[39m
[31m    at Route.dispatch (C:\Users\admin\Downloads\nib_hr\backend\node_modules\express\lib\router\route.js:119:3)[39m
[31m    at Layer.handle [as handle_request] (C:\Users\admin\Downloads\nib_hr\backend\node_modules\express\lib\router\layer.js:95:5)[39m
2026-09-11 16:06:34:634 [31merror[39m: [31mGET /api/table/notice_periods - Error: Access restricted: Table 'notice_periods' is not in the whitelist.[39m
[31mStack: Error: Access restricted: Table 'notice_periods' is not in the whitelist.[39m
[31m    at validateTableName (C:\Users\admin\Downloads\nib_hr\backend\controllers\core\table.controller.js:1467:11)[39m
[31m    at C:\Users\admin\Downloads\nib_hr\backend\controllers\core\table.controller.js:1474:21[39m
[31m    at C:\Users\admin\Downloads\nib_hr\backend\utils\asyncHandler.js:4:21[39m
[31m    at Layer.handle [as handle_request] (C:\Users\admin\Downloads\nib_hr\backend\node_modules\express\lib\router\layer.js:95:5)[39m
[31m    at next (C:\Users\admin\Downloads\nib_hr\backend\node_modules\express\lib\router\route.js:149:13)[39m
[31m    at C:\Users\admin\Downloads\nib_hr\backend\middleware\audit.middleware.js:98:5[39m
[31m    at Layer.handle [as handle_request] (C:\Users\admin\Downloads\nib_hr\backend\node_modules\express\lib\router\layer.js:95:5)[39m
[31m    at next (C:\Users\admin\Downloads\nib_hr\backend\node_modules\express\lib\router\route.js:149:13)[39m
[31m    at Route.dispatch (C:\Users\admin\Downloads\nib_hr\backend\node_modules\express\lib\router\route.js:119:3)[39m
[31m    at Layer.handle [as handle_request] (C:\Users\admin\Downloads\nib_hr\backend\node_modules\express\lib\router\layer.js:95:5)[39m
2026-09-11 16:06:34:634 [31merror[39m: [31mGET /api/table/exit_clearances - Error: Access restricted: Table 'exit_clearances' is not in the whitelist.[39m
[31mStack: Error: Access restricted: Table 'exit_clearances' is not in the whitelist.[39m
[31m    at validateTableName (C:\Users\admin\Downloads\nib_hr\backend\controllers\core\table.controller.js:1467:11)[39m
[31m    at C:\Users\admin\Downloads\nib_hr\backend\controllers\core\table.controller.js:1474:21[39m
[31m    at C:\Users\admin\Downloads\nib_hr\backend\utils\asyncHandler.js:4:21[39m
[31m    at Layer.handle [as handle_request] (C:\Users\admin\Downloads\nib_hr\backend\node_modules\express\lib\router\layer.js:95:5)[39m
[31m    at next (C:\Users\admin\Downloads\nib_hr\backend\node_modules\express\lib\router\route.js:149:13)[39m
[31m    at C:\Users\admin\Downloads\nib_hr\backend\middleware\audit.middleware.js:98:5[39m
[31m    at Layer.handle [as handle_request] (C:\Users\admin\Downloads\nib_hr\backend\node_modules\express\lib\router\layer.js:95:5)[39m
[31m    at next (C:\Users\admin\Downloads\nib_hr\backend\node_modules\express\lib\router\route.js:149:13)[39m
[31m    at Route.dispatch (C:\Users\admin\Downloads\nib_hr\backend\node_modules\express\lib\router\route.js:119:3)[39m
[31m    at Layer.handle [as handle_request] (C:\Users\admin\Downloads\nib_hr\backend\node_modules\express\lib\router\layer.js:95:5)[39m
2026-09-11 16:06:34:634 [31merror[39m: [31mGET /api/table/asset_returns - Error: Access restricted: Table 'asset_returns' is not in the whitelist.[39m
[31mStack: Error: Access restricted: Table 'asset_returns' is not in the whitelist.[39m
[31m    at validateTableName (C:\Users\admin\Downloads\nib_hr\backend\controllers\core\table.controller.js:1467:11)[39m
[31m    at C:\Users\admin\Downloads\nib_hr\backend\controllers\core\table.controller.js:1474:21[39m
[31m    at C:\Users\admin\Downloads\nib_hr\backend\utils\asyncHandler.js:4:21[39m
[31m    at Layer.handle [as handle_request] (C:\Users\admin\Downloads\nib_hr\backend\node_modules\express\lib\router\layer.js:95:5)[39m
[31m    at next (C:\Users\admin\Downloads\nib_hr\backend\node_modules\express\lib\router\route.js:149:13)[39m
[31m    at C:\Users\admin\Downloads\nib_hr\backend\middleware\audit.middleware.js:98:5[39m
[31m    at Layer.handle [as handle_request] (C:\Users\admin\Downloads\nib_hr\backend\node_modules\express\lib\router\layer.js:95:5)[39m
[31m    at next (C:\Users\admin\Downloads\nib_hr\backend\node_modules\express\lib\router\route.js:149:13)[39m
[31m    at Route.dispatch (C:\Users\admin\Downloads\nib_hr\backend\node_modules\express\lib\router\route.js:119:3)[39m
[31m    at Layer.handle [as handle_request] (C:\Users\admin\Downloads\nib_hr\backend\node_modules\express\lib\router\layer.js:95:5)[39m
2026-09-11 16:06:34:634 [31merror[39m: [31mGET /api/table/no_dues - Error: Access restricted: Table 'no_dues' is not in the whitelist.[39m
[31mStack: Error: Access restricted: Table 'no_dues' is not in the whitelist.[39m
[31m    at validateTableName (C:\Users\admin\Downloads\nib_hr\backend\controllers\core\table.controller.js:1467:11)[39m
[31m    at C:\Users\admin\Downloads\nib_hr\backend\controllers\core\table.controller.js:1474:21[39m
[31m    at C:\Users\admin\Downloads\nib_hr\backend\utils\asyncHandler.js:4:21[39m
[31m    at Layer.handle [as handle_request] (C:\Users\admin\Downloads\nib_hr\backend\node_modules\express\lib\router\layer.js:95:5)[39m
[31m    at next (C:\Users\admin\Downloads\nib_hr\backend\node_modules\express\lib\router\route.js:149:13)[39m
[31m    at C:\Users\admin\Downloads\nib_hr\backend\middleware\audit.middleware.js:98:5[39m
[31m    at Layer.handle [as handle_request] (C:\Users\admin\Downloads\nib_hr\backend\node_modules\express\lib\router\layer.js:95:5)[39m
[31m    at next (C:\Users\admin\Downloads\nib_hr\backend\node_modules\express\lib\router\route.js:149:13)[39m
[31m    at Route.dispatch (C:\Users\admin\Downloads\nib_hr\backend\node_modules\express\lib\router\route.js:119:3)[39m
[31m    at Layer.handle [as handle_request] (C:\Users\admin\Downloads\nib_hr\backend\node_modules\express\lib\router\layer.js:95:5)[39m
2026-09-11 16:06:34:634 [31merror[39m: [31mGET /api/table/fnf_settlements - Error: Access restricted: Table 'fnf_settlements' is not in the whitelist.[39m
[31mStack: Error: Access restricted: Table 'fnf_settlements' is not in the whitelist.[39m
[31m    at validateTableName (C:\Users\admin\Downloads\nib_hr\backend\controllers\core\table.controller.js:1467:11)[39m
[31m    at C:\Users\admin\Downloads\nib_hr\backend\controllers\core\table.controller.js:1474:21[39m
[31m    at C:\Users\admin\Downloads\nib_hr\backend\utils\asyncHandler.js:4:21[39m
[31m    at Layer.handle [as handle_request] (C:\Users\admin\Downloads\nib_hr\backend\node_modules\express\lib\router\layer.js:95:5)[39m
[31m    at next (C:\Users\admin\Downloads\nib_hr\backend\node_modules\express\lib\router\route.js:149:13)[39m
[31m    at C:\Users\admin\Downloads\nib_hr\backend\middleware\audit.middleware.js:98:5[39m
[31m    at Layer.handle [as handle_request] (C:\Users\admin\Downloads\nib_hr\backend\node_modules\express\lib\router\layer.js:95:5)[39m
[31m    at next (C:\Users\admin\Downloads\nib_hr\backend\node_modules\express\lib\router\route.js:149:13)[39m
[31m    at Route.dispatch (C:\Users\admin\Downloads\nib_hr\backend\node_modules\express\lib\router\route.js:119:3)[39m
[31m    at Layer.handle [as handle_request] (C:\Users\admin\Downloads\nib_hr\backend\node_modules\express\lib\router\layer.js:95:5)[39m
2026-09-11 16:06:34:634 [31merror[39m: [31mGET /api/table/exit_interviews - Error: Access restricted: Table 'exit_interviews' is not in the whitelist.[39m
[31mStack: Error: Access restricted: Table 'exit_interviews' is not in the whitelist.[39m
[31m    at validateTableName (C:\Users\admin\Downloads\nib_hr\backend\controllers\core\table.controller.js:1467:11)[39m
[31m    at C:\Users\admin\Downloads\nib_hr\backend\controllers\core\table.controller.js:1474:21[39m
[31m    at C:\Users\admin\Downloads\nib_hr\backend\utils\asyncHandler.js:4:21[39m
[31m    at Layer.handle [as handle_request] (C:\Users\admin\Downloads\nib_hr\backend\node_modules\express\lib\router\layer.js:95:5)[39m
[31m    at next (C:\Users\admin\Downloads\nib_hr\backend\node_modules\express\lib\router\route.js:149:13)[39m
[31m    at C:\Users\admin\Downloads\nib_hr\backend\middleware\audit.middleware.js:98:5[39m
[31m    at Layer.handle [as handle_request] (C:\Users\admin\Downloads\nib_hr\backend\node_modules\express\lib\router\layer.js:95:5)[39m
[31m    at next (C:\Users\admin\Downloads\nib_hr\backend\node_modules\express\lib\router\route.js:149:13)[39m
[31m    at Route.dispatch (C:\Users\admin\Downloads\nib_hr\backend\node_modules\express\lib\router\route.js:119:3)[39m
[31m    at Layer.handle [as handle_request] (C:\Users\admin\Downloads\nib_hr\backend\node_modules\express\lib\router\layer.js:95:5)[39m
2026-09-11 16:06:34:634 [31merror[39m: [31mGET /api/table/experience_letters - Error: Access restricted: Table 'experience_letters' is not in the whitelist.[39m
[31mStack: Error: Access restricted: Table 'experience_letters' is not in the whitelist.[39m
[31m    at validateTableName (C:\Users\admin\Downloads\nib_hr\backend\controllers\core\table.controller.js:1467:11)[39m
[31m    at C:\Users\admin\Downloads\nib_hr\backend\controllers\core\table.controller.js:1474:21[39m
[31m    at C:\Users\admin\Downloads\nib_hr\backend\utils\asyncHandler.js:4:21[39m
[31m    at Layer.handle [as handle_request] (C:\Users\admin\Downloads\nib_hr\backend\node_modules\express\lib\router\layer.js:95:5)[39m
[31m    at next (C:\Users\admin\Downloads\nib_hr\backend\node_modules\express\lib\router\route.js:149:13)[39m
[31m    at C:\Users\admin\Downloads\nib_hr\backend\middleware\audit.middleware.js:98:5[39m
[31m    at Layer.handle [as handle_request] (C:\Users\admin\Downloads\nib_hr\backend\node_modules\express\lib\router\layer.js:95:5)[39m
[31m    at next (C:\Users\admin\Downloads\nib_hr\backend\node_modules\express\lib\router\route.js:149:13)[39m
[31m    at Route.dispatch (C:\Users\admin\Downloads\nib_hr\backend\node_modules\express\lib\router\route.js:119:3)[39m
[31m    at Layer.handle [as handle_request] (C:\Users\admin\Downloads\nib_hr\backend\node_modules\express\lib\router\layer.js:95:5)[39m
2026-09-11 16:06:34:634 [31merror[39m: [31mGET /api/table/documents - Error: Access restricted: Table 'documents' is not in the whitelist.[39m
[31mStack: Error: Access restricted: Table 'documents' is not in the whitelist.[39m
[31m    at validateTableName (C:\Users\admin\Downloads\nib_hr\backend\controllers\core\table.controller.js:1467:11)[39m
[31m    at C:\Users\admin\Downloads\nib_hr\backend\controllers\core\table.controller.js:1474:21[39m
[31m    at C:\Users\admin\Downloads\nib_hr\backend\utils\asyncHandler.js:4:21[39m
[31m    at Layer.handle [as handle_request] (C:\Users\admin\Downloads\nib_hr\backend\node_modules\express\lib\router\layer.js:95:5)[39m
[31m    at next (C:\Users\admin\Downloads\nib_hr\backend\node_modules\express\lib\router\route.js:149:13)[39m
[31m    at C:\Users\admin\Downloads\nib_hr\backend\middleware\audit.middleware.js:98:5[39m
[31m    at Layer.handle [as handle_request] (C:\Users\admin\Downloads\nib_hr\backend\node_modules\express\lib\router\layer.js:95:5)[39m
[31m    at next (C:\Users\admin\Downloads\nib_hr\backend\node_modules\express\lib\router\route.js:149:13)[39m
[31m    at Route.dispatch (C:\Users\admin\Downloads\nib_hr\backend\node_modules\express\lib\router\route.js:119:3)[39m
[31m    at Layer.handle [as handle_request] (C:\Users\admin\Downloads\nib_hr\backend\node_modules\express\lib\router\layer.js:95:5)[39m
2026-09-11 16:06:35:635 [31merror[39m: [31mGET /api/table/exit_requests - Error: Access restricted: Table 'exit_requests' is not in the whitelist.[39m
[31mStack: Error: Access restricted: Table 'exit_requests' is not in the whitelist.[39m
[31m    at validateTableName (C:\Users\admin\Downloads\nib_hr\backend\controllers\core\table.controller.js:1467:11)[39m
[31m    at C:\Users\admin\Downloads\nib_hr\backend\controllers\core\table.controller.js:1474:21[39m
[31m    at C:\Users\admin\Downloads\nib_hr\backend\utils\asyncHandler.js:4:21[39m
[31m    at Layer.handle [as handle_request] (C:\Users\admin\Downloads\nib_hr\backend\node_modules\express\lib\router\layer.js:95:5)[39m
[31m    at next (C:\Users\admin\Downloads\nib_hr\backend\node_modules\express\lib\router\route.js:149:13)[39m
[31m    at C:\Users\admin\Downloads\nib_hr\backend\middleware\audit.middleware.js:98:5[39m
[31m    at Layer.handle [as handle_request] (C:\Users\admin\Downloads\nib_hr\backend\node_modules\express\lib\router\layer.js:95:5)[39m
[31m    at next (C:\Users\admin\Downloads\nib_hr\backend\node_modules\express\lib\router\route.js:149:13)[39m
[31m    at Route.dispatch (C:\Users\admin\Downloads\nib_hr\backend\node_modules\express\lib\router\route.js:119:3)[39m
[31m    at Layer.handle [as handle_request] (C:\Users\admin\Downloads\nib_hr\backend\node_modules\express\lib\router\layer.js:95:5)[39m
2026-09-11 16:06:35:635 [31merror[39m: [31mGET /api/table/notice_periods - Error: Access restricted: Table 'notice_periods' is not in the whitelist.[39m
[31mStack: Error: Access restricted: Table 'notice_periods' is not in the whitelist.[39m
[31m    at validateTableName (C:\Users\admin\Downloads\nib_hr\backend\controllers\core\table.controller.js:1467:11)[39m
[31m    at C:\Users\admin\Downloads\nib_hr\backend\controllers\core\table.controller.js:1474:21[39m
[31m    at C:\Users\admin\Downloads\nib_hr\backend\utils\asyncHandler.js:4:21[39m
[31m    at Layer.handle [as handle_request] (C:\Users\admin\Downloads\nib_hr\backend\node_modules\express\lib\router\layer.js:95:5)[39m
[31m    at next (C:\Users\admin\Downloads\nib_hr\backend\node_modules\express\lib\router\route.js:149:13)[39m
[31m    at C:\Users\admin\Downloads\nib_hr\backend\middleware\audit.middleware.js:98:5[39m
[31m    at Layer.handle [as handle_request] (C:\Users\admin\Downloads\nib_hr\backend\node_modules\express\lib\router\layer.js:95:5)[39m
[31m    at next (C:\Users\admin\Downloads\nib_hr\backend\node_modules\express\lib\router\route.js:149:13)[39m
[31m    at Route.dispatch (C:\Users\admin\Downloads\nib_hr\backend\node_modules\express\lib\router\route.js:119:3)[39m
[31m    at Layer.handle [as handle_request] (C:\Users\admin\Downloads\nib_hr\backend\node_modules\express\lib\router\layer.js:95:5)[39m
2026-09-11 16:06:35:635 [31merror[39m: [31mGET /api/table/exit_clearances - Error: Access restricted: Table 'exit_clearances' is not in the whitelist.[39m
[31mStack: Error: Access restricted: Table 'exit_clearances' is not in the whitelist.[39m
[31m    at validateTableName (C:\Users\admin\Downloads\nib_hr\backend\controllers\core\table.controller.js:1467:11)[39m
[31m    at C:\Users\admin\Downloads\nib_hr\backend\controllers\core\table.controller.js:1474:21[39m
[31m    at C:\Users\admin\Downloads\nib_hr\backend\utils\asyncHandler.js:4:21[39m
[31m    at Layer.handle [as handle_request] (C:\Users\admin\Downloads\nib_hr\backend\node_modules\express\lib\router\layer.js:95:5)[39m
[31m    at next (C:\Users\admin\Downloads\nib_hr\backend\node_modules\express\lib\router\route.js:149:13)[39m
[31m    at C:\Users\admin\Downloads\nib_hr\backend\middleware\audit.middleware.js:98:5[39m
[31m    at Layer.handle [as handle_request] (C:\Users\admin\Downloads\nib_hr\backend\node_modules\express\lib\router\layer.js:95:5)[39m
[31m    at next (C:\Users\admin\Downloads\nib_hr\backend\node_modules\express\lib\router\route.js:149:13)[39m
[31m    at Route.dispatch (C:\Users\admin\Downloads\nib_hr\backend\node_modules\express\lib\router\route.js:119:3)[39m
[31m    at Layer.handle [as handle_request] (C:\Users\admin\Downloads\nib_hr\backend\node_modules\express\lib\router\layer.js:95:5)[39m
2026-09-11 16:06:35:635 [31merror[39m: [31mGET /api/table/asset_returns - Error: Access restricted: Table 'asset_returns' is not in the whitelist.[39m
[31mStack: Error: Access restricted: Table 'asset_returns' is not in the whitelist.[39m
[31m    at validateTableName (C:\Users\admin\Downloads\nib_hr\backend\controllers\core\table.controller.js:1467:11)[39m
[31m    at C:\Users\admin\Downloads\nib_hr\backend\controllers\core\table.controller.js:1474:21[39m
[31m    at C:\Users\admin\Downloads\nib_hr\backend\utils\asyncHandler.js:4:21[39m
[31m    at Layer.handle [as handle_request] (C:\Users\admin\Downloads\nib_hr\backend\node_modules\express\lib\router\layer.js:95:5)[39m
[31m    at next (C:\Users\admin\Downloads\nib_hr\backend\node_modules\express\lib\router\route.js:149:13)[39m
[31m    at C:\Users\admin\Downloads\nib_hr\backend\middleware\audit.middleware.js:98:5[39m
[31m    at Layer.handle [as handle_request] (C:\Users\admin\Downloads\nib_hr\backend\node_modules\express\lib\router\layer.js:95:5)[39m
[31m    at next (C:\Users\admin\Downloads\nib_hr\backend\node_modules\express\lib\router\route.js:149:13)[39m
[31m    at Route.dispatch (C:\Users\admin\Downloads\nib_hr\backend\node_modules\express\lib\router\route.js:119:3)[39m
[31m    at Layer.handle [as handle_request] (C:\Users\admin\Downloads\nib_hr\backend\node_modules\express\lib\router\layer.js:95:5)[39m
2026-09-11 16:06:35:635 [31merror[39m: [31mGET /api/table/no_dues - Error: Access restricted: Table 'no_dues' is not in the whitelist.[39m
[31mStack: Error: Access restricted: Table 'no_dues' is not in the whitelist.[39m
[31m    at validateTableName (C:\Users\admin\Downloads\nib_hr\backend\controllers\core\table.controller.js:1467:11)[39m
[31m    at C:\Users\admin\Downloads\nib_hr\backend\controllers\core\table.controller.js:1474:21[39m
[31m    at C:\Users\admin\Downloads\nib_hr\backend\utils\asyncHandler.js:4:21[39m
[31m    at Layer.handle [as handle_request] (C:\Users\admin\Downloads\nib_hr\backend\node_modules\express\lib\router\layer.js:95:5)[39m
[31m    at next (C:\Users\admin\Downloads\nib_hr\backend\node_modules\express\lib\router\route.js:149:13)[39m
[31m    at C:\Users\admin\Downloads\nib_hr\backend\middleware\audit.middleware.js:98:5[39m
[31m    at Layer.handle [as handle_request] (C:\Users\admin\Downloads\nib_hr\backend\node_modules\express\lib\router\layer.js:95:5)[39m
[31m    at next (C:\Users\admin\Downloads\nib_hr\backend\node_modules\express\lib\router\route.js:149:13)[39m
[31m    at Route.dispatch (C:\Users\admin\Downloads\nib_hr\backend\node_modules\express\lib\router\route.js:119:3)[39m
[31m    at Layer.handle [as handle_request] (C:\Users\admin\Downloads\nib_hr\backend\node_modules\express\lib\router\layer.js:95:5)[39m
2026-09-11 16:06:35:635 [31merror[39m: [31mGET /api/table/fnf_settlements - Error: Access restricted: Table 'fnf_settlements' is not in the whitelist.[39m
[31mStack: Error: Access restricted: Table 'fnf_settlements' is not in the whitelist.[39m
[31m    at validateTableName (C:\Users\admin\Downloads\nib_hr\backend\controllers\core\table.controller.js:1467:11)[39m
[31m    at C:\Users\admin\Downloads\nib_hr\backend\controllers\core\table.controller.js:1474:21[39m
[31m    at C:\Users\admin\Downloads\nib_hr\backend\utils\asyncHandler.js:4:21[39m
[31m    at Layer.handle [as handle_request] (C:\Users\admin\Downloads\nib_hr\backend\node_modules\express\lib\router\layer.js:95:5)[39m
[31m    at next (C:\Users\admin\Downloads\nib_hr\backend\node_modules\express\lib\router\route.js:149:13)[39m
[31m    at C:\Users\admin\Downloads\nib_hr\backend\middleware\audit.middleware.js:98:5[39m
[31m    at Layer.handle [as handle_request] (C:\Users\admin\Downloads\nib_hr\backend\node_modules\express\lib\router\layer.js:95:5)[39m
[31m    at next (C:\Users\admin\Downloads\nib_hr\backend\node_modules\express\lib\router\route.js:149:13)[39m
[31m    at Route.dispatch (C:\Users\admin\Downloads\nib_hr\backend\node_modules\express\lib\router\route.js:119:3)[39m
[31m    at Layer.handle [as handle_request] (C:\Users\admin\Downloads\nib_hr\backend\node_modules\express\lib\router\layer.js:95:5)[39m
2026-09-11 16:06:35:635 [31merror[39m: [31mGET /api/table/exit_interviews - Error: Access restricted: Table 'exit_interviews' is not in the whitelist.[39m
[31mStack: Error: Access restricted: Table 'exit_interviews' is not in the whitelist.[39m
[31m    at validateTableName (C:\Users\admin\Downloads\nib_hr\backend\controllers\core\table.controller.js:1467:11)[39m
[31m    at C:\Users\admin\Downloads\nib_hr\backend\controllers\core\table.controller.js:1474:21[39m
[31m    at C:\Users\admin\Downloads\nib_hr\backend\utils\asyncHandler.js:4:21[39m
[31m    at Layer.handle [as handle_request] (C:\Users\admin\Downloads\nib_hr\backend\node_modules\express\lib\router\layer.js:95:5)[39m
[31m    at next (C:\Users\admin\Downloads\nib_hr\backend\node_modules\express\lib\router\route.js:149:13)[39m
[31m    at C:\Users\admin\Downloads\nib_hr\backend\middleware\audit.middleware.js:98:5[39m
[31m    at Layer.handle [as handle_request] (C:\Users\admin\Downloads\nib_hr\backend\node_modules\express\lib\router\layer.js:95:5)[39m
[31m    at next (C:\Users\admin\Downloads\nib_hr\backend\node_modules\express\lib\router\route.js:149:13)[39m
[31m    at Route.dispatch (C:\Users\admin\Downloads\nib_hr\backend\node_modules\express\lib\router\route.js:119:3)[39m
[31m    at Layer.handle [as handle_request] (C:\Users\admin\Downloads\nib_hr\backend\node_modules\express\lib\router\layer.js:95:5)[39m
2026-09-11 16:06:35:635 [31merror[39m: [31mGET /api/table/experience_letters - Error: Access restricted: Table 'experience_letters' is not in the whitelist.[39m
[31mStack: Error: Access restricted: Table 'experience_letters' is not in the whitelist.[39m
[31m    at validateTableName (C:\Users\admin\Downloads\nib_hr\backend\controllers\core\table.controller.js:1467:11)[39m
[31m    at C:\Users\admin\Downloads\nib_hr\backend\controllers\core\table.controller.js:1474:21[39m
[31m    at C:\Users\admin\Downloads\nib_hr\backend\utils\asyncHandler.js:4:21[39m
[31m    at Layer.handle [as handle_request] (C:\Users\admin\Downloads\nib_hr\backend\node_modules\express\lib\router\layer.js:95:5)[39m
[31m    at next (C:\Users\admin\Downloads\nib_hr\backend\node_modules\express\lib\router\route.js:149:13)[39m
[31m    at C:\Users\admin\Downloads\nib_hr\backend\middleware\audit.middleware.js:98:5[39m
[31m    at Layer.handle [as handle_request] (C:\Users\admin\Downloads\nib_hr\backend\node_modules\express\lib\router\layer.js:95:5)[39m
[31m    at next (C:\Users\admin\Downloads\nib_hr\backend\node_modules\express\lib\router\route.js:149:13)[39m
[31m    at Route.dispatch (C:\Users\admin\Downloads\nib_hr\backend\node_modules\express\lib\router\route.js:119:3)[39m
[31m    at Layer.handle [as handle_request] (C:\Users\admin\Downloads\nib_hr\backend\node_modules\express\lib\router\layer.js:95:5)[39m
2026-09-11 16:06:35:635 [31merror[39m: [31mGET /api/table/exit_requests - Error: Access restricted: Table 'exit_requests' is not in the whitelist.[39m
[31mStack: Error: Access restricted: Table 'exit_requests' is not in the whitelist.[39m
[31m    at validateTableName (C:\Users\admin\Downloads\nib_hr\backend\controllers\core\table.controller.js:1467:11)[39m
[31m    at C:\Users\admin\Downloads\nib_hr\backend\controllers\core\table.controller.js:1474:21[39m
[31m    at C:\Users\admin\Downloads\nib_hr\backend\utils\asyncHandler.js:4:21[39m
[31m    at Layer.handle [as handle_request] (C:\Users\admin\Downloads\nib_hr\backend\node_modules\express\lib\router\layer.js:95:5)[39m
[31m    at next (C:\Users\admin\Downloads\nib_hr\backend\node_modules\express\lib\router\route.js:149:13)[39m
[31m    at C:\Users\admin\Downloads\nib_hr\backend\middleware\audit.middleware.js:98:5[39m
[31m    at Layer.handle [as handle_request] (C:\Users\admin\Downloads\nib_hr\backend\node_modules\express\lib\router\layer.js:95:5)[39m
[31m    at next (C:\Users\admin\Downloads\nib_hr\backend\node_modules\express\lib\router\route.js:149:13)[39m
[31m    at Route.dispatch (C:\Users\admin\Downloads\nib_hr\backend\node_modules\express\lib\router\route.js:119:3)[39m
[31m    at Layer.handle [as handle_request] (C:\Users\admin\Downloads\nib_hr\backend\node_modules\express\lib\router\layer.js:95:5)[39m
2026-09-11 16:06:36:636 [31merror[39m: [31mGET /api/table/exit_requests - Error: Access restricted: Table 'exit_requests' is not in the whitelist.[39m
[31mStack: Error: Access restricted: Table 'exit_requests' is not in the whitelist.[39m
[31m    at validateTableName (C:\Users\admin\Downloads\nib_hr\backend\controllers\core\table.controller.js:1467:11)[39m
[31m    at C:\Users\admin\Downloads\nib_hr\backend\controllers\core\table.controller.js:1474:21[39m
[31m    at C:\Users\admin\Downloads\nib_hr\backend\utils\asyncHandler.js:4:21[39m
[31m    at Layer.handle [as handle_request] (C:\Users\admin\Downloads\nib_hr\backend\node_modules\express\lib\router\layer.js:95:5)[39m
[31m    at next (C:\Users\admin\Downloads\nib_hr\backend\node_modules\express\lib\router\route.js:149:13)[39m
[31m    at C:\Users\admin\Downloads\nib_hr\backend\middleware\audit.middleware.js:98:5[39m
[31m    at Layer.handle [as handle_request] (C:\Users\admin\Downloads\nib_hr\backend\node_modules\express\lib\router\layer.js:95:5)[39m
[31m    at next (C:\Users\admin\Downloads\nib_hr\backend\node_modules\express\lib\router\route.js:149:13)[39m
[31m    at Route.dispatch (C:\Users\admin\Downloads\nib_hr\backend\node_modules\express\lib\router\route.js:119:3)[39m
[31m    at Layer.handle [as handle_request] (C:\Users\admin\Downloads\nib_hr\backend\node_modules\express\lib\router\layer.js:95:5)[39m
2026-09-11 16:06:36:636 [31merror[39m: [31mGET /api/table/exit_requests - Error: Access restricted: Table 'exit_requests' is not in the whitelist.[39m
[31mStack: Error: Access restricted: Table 'exit_requests' is not in the whitelist.[39m
[31m    at validateTableName (C:\Users\admin\Downloads\nib_hr\backend\controllers\core\table.controller.js:1467:11)[39m
[31m    at C:\Users\admin\Downloads\nib_hr\backend\controllers\core\table.controller.js:1474:21[39m
[31m    at C:\Users\admin\Downloads\nib_hr\backend\utils\asyncHandler.js:4:21[39m
[31m    at Layer.handle [as handle_request] (C:\Users\admin\Downloads\nib_hr\backend\node_modules\express\lib\router\layer.js:95:5)[39m
[31m    at next (C:\Users\admin\Downloads\nib_hr\backend\node_modules\express\lib\router\route.js:149:13)[39m
[31m    at C:\Users\admin\Downloads\nib_hr\backend\middleware\audit.middleware.js:98:5[39m
[31m    at Layer.handle [as handle_request] (C:\Users\admin\Downloads\nib_hr\backend\node_modules\express\lib\router\layer.js:95:5)[39m
[31m    at next (C:\Users\admin\Downloads\nib_hr\backend\node_modules\express\lib\router\route.js:149:13)[39m
[31m    at Route.dispatch (C:\Users\admin\Downloads\nib_hr\backend\node_modules\express\lib\router\route.js:119:3)[39m
[31m    at Layer.handle [as handle_request] (C:\Users\admin\Downloads\nib_hr\backend\node_modules\express\lib\router\layer.js:95:5)[39m
2026-09-11 16:06:36:636 [31merror[39m: [31mGET /api/table/exit_requests - Error: Access restricted: Table 'exit_requests' is not in the whitelist.[39m
[31mStack: Error: Access restricted: Table 'exit_requests' is not in the whitelist.[39m
[31m    at validateTableName (C:\Users\admin\Downloads\nib_hr\backend\controllers\core\table.controller.js:1467:11)[39m
[31m    at C:\Users\admin\Downloads\nib_hr\backend\controllers\core\table.controller.js:1474:21[39m
[31m    at C:\Users\admin\Downloads\nib_hr\backend\utils\asyncHandler.js:4:21[39m
[31m    at Layer.handle [as handle_request] (C:\Users\admin\Downloads\nib_hr\backend\node_modules\express\lib\router\layer.js:95:5)[39m
[31m    at next (C:\Users\admin\Downloads\nib_hr\backend\node_modules\express\lib\router\route.js:149:13)[39m
[31m    at C:\Users\admin\Downloads\nib_hr\backend\middleware\audit.middleware.js:98:5[39m
[31m    at Layer.handle [as handle_request] (C:\Users\admin\Downloads\nib_hr\backend\node_modules\express\lib\router\layer.js:95:5)[39m
[31m    at next (C:\Users\admin\Downloads\nib_hr\backend\node_modules\express\lib\router\route.js:149:13)[39m
[31m    at Route.dispatch (C:\Users\admin\Downloads\nib_hr\backend\node_modules\express\lib\router\route.js:119:3)[39m
[31m    at Layer.handle [as handle_request] (C:\Users\admin\Downloads\nib_hr\backend\node_modules\express\lib\router\layer.js:95:5)[39m
2026-09-11 16:07:03:73 [31merror[39m: [31mGET /api/table/documents - Error: Access restricted: Table 'documents' is not in the whitelist.[39m
[31mStack: Error: Access restricted: Table 'documents' is not in the whitelist.[39m
[31m    at validateTableName (C:\Users\admin\Downloads\nib_hr\backend\controllers\core\table.controller.js:1467:11)[39m
[31m    at C:\Users\admin\Downloads\nib_hr\backend\controllers\core\table.controller.js:1474:21[39m
[31m    at C:\Users\admin\Downloads\nib_hr\backend\utils\asyncHandler.js:4:21[39m
[31m    at Layer.handle [as handle_request] (C:\Users\admin\Downloads\nib_hr\backend\node_modules\express\lib\router\layer.js:95:5)[39m
[31m    at next (C:\Users\admin\Downloads\nib_hr\backend\node_modules\express\lib\router\route.js:149:13)[39m
[31m    at C:\Users\admin\Downloads\nib_hr\backend\middleware\audit.middleware.js:98:5[39m
[31m    at Layer.handle [as handle_request] (C:\Users\admin\Downloads\nib_hr\backend\node_modules\express\lib\router\layer.js:95:5)[39m
[31m    at next (C:\Users\admin\Downloads\nib_hr\backend\node_modules\express\lib\router\route.js:149:13)[39m
[31m    at Route.dispatch (C:\Users\admin\Downloads\nib_hr\backend\node_modules\express\lib\router\route.js:119:3)[39m
[31m    at Layer.handle [as handle_request] (C:\Users\admin\Downloads\nib_hr\backend\node_modules\express\lib\router\layer.js:95:5)[39m
2026-09-11 16:07:03:73 [31merror[39m: [31mGET /api/table/exit_requests - Error: Access restricted: Table 'exit_requests' is not in the whitelist.[39m
[31mStack: Error: Access restricted: Table 'exit_requests' is not in the whitelist.[39m
[31m    at validateTableName (C:\Users\admin\Downloads\nib_hr\backend\controllers\core\table.controller.js:1467:11)[39m
[31m    at C:\Users\admin\Downloads\nib_hr\backend\controllers\core\table.controller.js:1474:21[39m
[31m    at C:\Users\admin\Downloads\nib_hr\backend\utils\asyncHandler.js:4:21[39m
[31m    at Layer.handle [as handle_request] (C:\Users\admin\Downloads\nib_hr\backend\node_modules\express\lib\router\layer.js:95:5)[39m
[31m    at next (C:\Users\admin\Downloads\nib_hr\backend\node_modules\express\lib\router\route.js:149:13)[39m
[31m    at C:\Users\admin\Downloads\nib_hr\backend\middleware\audit.middleware.js:98:5[39m
[31m    at Layer.handle [as handle_request] (C:\Users\admin\Downloads\nib_hr\backend\node_modules\express\lib\router\layer.js:95:5)[39m
[31m    at next (C:\Users\admin\Downloads\nib_hr\backend\node_modules\express\lib\router\route.js:149:13)[39m
[31m    at Route.dispatch (C:\Users\admin\Downloads\nib_hr\backend\node_modules\express\lib\router\route.js:119:3)[39m
[31m    at Layer.handle [as handle_request] (C:\Users\admin\Downloads\nib_hr\backend\node_modules\express\lib\router\layer.js:95:5)[39m
2026-09-11 16:07:03:73 [31merror[39m: [31mGET /api/table/notice_periods - Error: Access restricted: Table 'notice_periods' is not in the whitelist.[39m
[31mStack: Error: Access restricted: Table 'notice_periods' is not in the whitelist.[39m
[31m    at validateTableName (C:\Users\admin\Downloads\nib_hr\backend\controllers\core\table.controller.js:1467:11)[39m
[31m    at C:\Users\admin\Downloads\nib_hr\backend\controllers\core\table.controller.js:1474:21[39m
[31m    at C:\Users\admin\Downloads\nib_hr\backend\utils\asyncHandler.js:4:21[39m
[31m    at Layer.handle [as handle_request] (C:\Users\admin\Downloads\nib_hr\backend\node_modules\express\lib\router\layer.js:95:5)[39m
[31m    at next (C:\Users\admin\Downloads\nib_hr\backend\node_modules\express\lib\router\route.js:149:13)[39m
[31m    at C:\Users\admin\Downloads\nib_hr\backend\middleware\audit.middleware.js:98:5[39m
[31m    at Layer.handle [as handle_request] (C:\Users\admin\Downloads\nib_hr\backend\node_modules\express\lib\router\layer.js:95:5)[39m
[31m    at next (C:\Users\admin\Downloads\nib_hr\backend\node_modules\express\lib\router\route.js:149:13)[39m
[31m    at Route.dispatch (C:\Users\admin\Downloads\nib_hr\backend\node_modules\express\lib\router\route.js:119:3)[39m
[31m    at Layer.handle [as handle_request] (C:\Users\admin\Downloads\nib_hr\backend\node_modules\express\lib\router\layer.js:95:5)[39m
2026-09-11 16:07:03:73 [31merror[39m: [31mGET /api/table/exit_clearances - Error: Access restricted: Table 'exit_clearances' is not in the whitelist.[39m
[31mStack: Error: Access restricted: Table 'exit_clearances' is not in the whitelist.[39m
[31m    at validateTableName (C:\Users\admin\Downloads\nib_hr\backend\controllers\core\table.controller.js:1467:11)[39m
[31m    at C:\Users\admin\Downloads\nib_hr\backend\controllers\core\table.controller.js:1474:21[39m
[31m    at C:\Users\admin\Downloads\nib_hr\backend\utils\asyncHandler.js:4:21[39m
[31m    at Layer.handle [as handle_request] (C:\Users\admin\Downloads\nib_hr\backend\node_modules\express\lib\router\layer.js:95:5)[39m
[31m    at next (C:\Users\admin\Downloads\nib_hr\backend\node_modules\express\lib\router\route.js:149:13)[39m
[31m    at C:\Users\admin\Downloads\nib_hr\backend\middleware\audit.middleware.js:98:5[39m
[31m    at Layer.handle [as handle_request] (C:\Users\admin\Downloads\nib_hr\backend\node_modules\express\lib\router\layer.js:95:5)[39m
[31m    at next (C:\Users\admin\Downloads\nib_hr\backend\node_modules\express\lib\router\route.js:149:13)[39m
[31m    at Route.dispatch (C:\Users\admin\Downloads\nib_hr\backend\node_modules\express\lib\router\route.js:119:3)[39m
[31m    at Layer.handle [as handle_request] (C:\Users\admin\Downloads\nib_hr\backend\node_modules\express\lib\router\layer.js:95:5)[39m
2026-09-11 16:07:03:73 [31merror[39m: [31mGET /api/table/asset_returns - Error: Access restricted: Table 'asset_returns' is not in the whitelist.[39m
[31mStack: Error: Access restricted: Table 'asset_returns' is not in the whitelist.[39m
[31m    at validateTableName (C:\Users\admin\Downloads\nib_hr\backend\controllers\core\table.controller.js:1467:11)[39m
[31m    at C:\Users\admin\Downloads\nib_hr\backend\controllers\core\table.controller.js:1474:21[39m
[31m    at C:\Users\admin\Downloads\nib_hr\backend\utils\asyncHandler.js:4:21[39m
[31m    at Layer.handle [as handle_request] (C:\Users\admin\Downloads\nib_hr\backend\node_modules\express\lib\router\layer.js:95:5)[39m
[31m    at next (C:\Users\admin\Downloads\nib_hr\backend\node_modules\express\lib\router\route.js:149:13)[39m
[31m    at C:\Users\admin\Downloads\nib_hr\backend\middleware\audit.middleware.js:98:5[39m
[31m    at Layer.handle [as handle_request] (C:\Users\admin\Downloads\nib_hr\backend\node_modules\express\lib\router\layer.js:95:5)[39m
[31m    at next (C:\Users\admin\Downloads\nib_hr\backend\node_modules\express\lib\router\route.js:149:13)[39m
[31m    at Route.dispatch (C:\Users\admin\Downloads\nib_hr\backend\node_modules\express\lib\router\route.js:119:3)[39m
[31m    at Layer.handle [as handle_request] (C:\Users\admin\Downloads\nib_hr\backend\node_modules\express\lib\router\layer.js:95:5)[39m
2026-09-11 16:07:03:73 [31merror[39m: [31mGET /api/table/no_dues - Error: Access restricted: Table 'no_dues' is not in the whitelist.[39m
[31mStack: Error: Access restricted: Table 'no_dues' is not in the whitelist.[39m
[31m    at validateTableName (C:\Users\admin\Downloads\nib_hr\backend\controllers\core\table.controller.js:1467:11)[39m
[31m    at C:\Users\admin\Downloads\nib_hr\backend\controllers\core\table.controller.js:1474:21[39m
[31m    at C:\Users\admin\Downloads\nib_hr\backend\utils\asyncHandler.js:4:21[39m
[31m    at Layer.handle [as handle_request] (C:\Users\admin\Downloads\nib_hr\backend\node_modules\express\lib\router\layer.js:95:5)[39m
[31m    at next (C:\Users\admin\Downloads\nib_hr\backend\node_modules\express\lib\router\route.js:149:13)[39m
[31m    at C:\Users\admin\Downloads\nib_hr\backend\middleware\audit.middleware.js:98:5[39m
[31m    at Layer.handle [as handle_request] (C:\Users\admin\Downloads\nib_hr\backend\node_modules\express\lib\router\layer.js:95:5)[39m
[31m    at next (C:\Users\admin\Downloads\nib_hr\backend\node_modules\express\lib\router\route.js:149:13)[39m
[31m    at Route.dispatch (C:\Users\admin\Downloads\nib_hr\backend\node_modules\express\lib\router\route.js:119:3)[39m
[31m    at Layer.handle [as handle_request] (C:\Users\admin\Downloads\nib_hr\backend\node_modules\express\lib\router\layer.js:95:5)[39m
2026-09-11 16:07:03:73 [31merror[39m: [31mGET /api/table/fnf_settlements - Error: Access restricted: Table 'fnf_settlements' is not in the whitelist.[39m
[31mStack: Error: Access restricted: Table 'fnf_settlements' is not in the whitelist.[39m
[31m    at validateTableName (C:\Users\admin\Downloads\nib_hr\backend\controllers\core\table.controller.js:1467:11)[39m
[31m    at C:\Users\admin\Downloads\nib_hr\backend\controllers\core\table.controller.js:1474:21[39m
[31m    at C:\Users\admin\Downloads\nib_hr\backend\utils\asyncHandler.js:4:21[39m
[31m    at Layer.handle [as handle_request] (C:\Users\admin\Downloads\nib_hr\backend\node_modules\express\lib\router\layer.js:95:5)[39m
[31m    at next (C:\Users\admin\Downloads\nib_hr\backend\node_modules\express\lib\router\route.js:149:13)[39m
[31m    at C:\Users\admin\Downloads\nib_hr\backend\middleware\audit.middleware.js:98:5[39m
[31m    at Layer.handle [as handle_request] (C:\Users\admin\Downloads\nib_hr\backend\node_modules\express\lib\router\layer.js:95:5)[39m
[31m    at next (C:\Users\admin\Downloads\nib_hr\backend\node_modules\express\lib\router\route.js:149:13)[39m
[31m    at Route.dispatch (C:\Users\admin\Downloads\nib_hr\backend\node_modules\express\lib\router\route.js:119:3)[39m
[31m    at Layer.handle [as handle_request] (C:\Users\admin\Downloads\nib_hr\backend\node_modules\express\lib\router\layer.js:95:5)[39m
2026-09-11 16:07:03:73 [31merror[39m: [31mGET /api/table/exit_interviews - Error: Access restricted: Table 'exit_interviews' is not in the whitelist.[39m
[31mStack: Error: Access restricted: Table 'exit_interviews' is not in the whitelist.[39m
[31m    at validateTableName (C:\Users\admin\Downloads\nib_hr\backend\controllers\core\table.controller.js:1467:11)[39m
[31m    at C:\Users\admin\Downloads\nib_hr\backend\controllers\core\table.controller.js:1474:21[39m
[31m    at C:\Users\admin\Downloads\nib_hr\backend\utils\asyncHandler.js:4:21[39m
[31m    at Layer.handle [as handle_request] (C:\Users\admin\Downloads\nib_hr\backend\node_modules\express\lib\router\layer.js:95:5)[39m
[31m    at next (C:\Users\admin\Downloads\nib_hr\backend\node_modules\express\lib\router\route.js:149:13)[39m
[31m    at C:\Users\admin\Downloads\nib_hr\backend\middleware\audit.middleware.js:98:5[39m
[31m    at Layer.handle [as handle_request] (C:\Users\admin\Downloads\nib_hr\backend\node_modules\express\lib\router\layer.js:95:5)[39m
[31m    at next (C:\Users\admin\Downloads\nib_hr\backend\node_modules\express\lib\router\route.js:149:13)[39m
[31m    at Route.dispatch (C:\Users\admin\Downloads\nib_hr\backend\node_modules\express\lib\router\route.js:119:3)[39m
[31m    at Layer.handle [as handle_request] (C:\Users\admin\Downloads\nib_hr\backend\node_modules\express\lib\router\layer.js:95:5)[39m
2026-09-11 16:07:03:73 [31merror[39m: [31mGET /api/table/experience_letters - Error: Access restricted: Table 'experience_letters' is not in the whitelist.[39m
[31mStack: Error: Access restricted: Table 'experience_letters' is not in the whitelist.[39m
[31m    at validateTableName (C:\Users\admin\Downloads\nib_hr\backend\controllers\core\table.controller.js:1467:11)[39m
[31m    at C:\Users\admin\Downloads\nib_hr\backend\controllers\core\table.controller.js:1474:21[39m
[31m    at C:\Users\admin\Downloads\nib_hr\backend\utils\asyncHandler.js:4:21[39m
[31m    at Layer.handle [as handle_request] (C:\Users\admin\Downloads\nib_hr\backend\node_modules\express\lib\router\layer.js:95:5)[39m
[31m    at next (C:\Users\admin\Downloads\nib_hr\backend\node_modules\express\lib\router\route.js:149:13)[39m
[31m    at C:\Users\admin\Downloads\nib_hr\backend\middleware\audit.middleware.js:98:5[39m
[31m    at Layer.handle [as handle_request] (C:\Users\admin\Downloads\nib_hr\backend\node_modules\express\lib\router\layer.js:95:5)[39m
[31m    at next (C:\Users\admin\Downloads\nib_hr\backend\node_modules\express\lib\router\route.js:149:13)[39m
[31m    at Route.dispatch (C:\Users\admin\Downloads\nib_hr\backend\node_modules\express\lib\router\route.js:119:3)[39m
[31m    at Layer.handle [as handle_request] (C:\Users\admin\Downloads\nib_hr\backend\node_modules\express\lib\router\layer.js:95:5)[39m
2026-09-11 16:07:03:73 [31merror[39m: [31mGET /api/table/documents - Error: Access restricted: Table 'documents' is not in the whitelist.[39m
[31mStack: Error: Access restricted: Table 'documents' is not in the whitelist.[39m
[31m    at validateTableName (C:\Users\admin\Downloads\nib_hr\backend\controllers\core\table.controller.js:1467:11)[39m
[31m    at C:\Users\admin\Downloads\nib_hr\backend\controllers\core\table.controller.js:1474:21[39m
[31m    at C:\Users\admin\Downloads\nib_hr\backend\utils\asyncHandler.js:4:21[39m
[31m    at Layer.handle [as handle_request] (C:\Users\admin\Downloads\nib_hr\backend\node_modules\express\lib\router\layer.js:95:5)[39m
[31m    at next (C:\Users\admin\Downloads\nib_hr\backend\node_modules\express\lib\router\route.js:149:13)[39m
[31m    at C:\Users\admin\Downloads\nib_hr\backend\middleware\audit.middleware.js:98:5[39m
[31m    at Layer.handle [as handle_request] (C:\Users\admin\Downloads\nib_hr\backend\node_modules\express\lib\router\layer.js:95:5)[39m
[31m    at next (C:\Users\admin\Downloads\nib_hr\backend\node_modules\express\lib\router\route.js:149:13)[39m
[31m    at Route.dispatch (C:\Users\admin\Downloads\nib_hr\backend\node_modules\express\lib\router\route.js:119:3)[39m
[31m    at Layer.handle [as handle_request] (C:\Users\admin\Downloads\nib_hr\backend\node_modules\express\lib\router\layer.js:95:5)[39m
2026-09-11 16:07:04:74 [31merror[39m: [31mGET /api/table/exit_requests - Error: Access restricted: Table 'exit_requests' is not in the whitelist.[39m
[31mStack: Error: Access restricted: Table 'exit_requests' is not in the whitelist.[39m
[31m    at validateTableName (C:\Users\admin\Downloads\nib_hr\backend\controllers\core\table.controller.js:1467:11)[39m
[31m    at C:\Users\admin\Downloads\nib_hr\backend\controllers\core\table.controller.js:1474:21[39m
[31m    at C:\Users\admin\Downloads\nib_hr\backend\utils\asyncHandler.js:4:21[39m
[31m    at Layer.handle [as handle_request] (C:\Users\admin\Downloads\nib_hr\backend\node_modules\express\lib\router\layer.js:95:5)[39m
[31m    at next (C:\Users\admin\Downloads\nib_hr\backend\node_modules\express\lib\router\route.js:149:13)[39m
[31m    at C:\Users\admin\Downloads\nib_hr\backend\middleware\audit.middleware.js:98:5[39m
[31m    at Layer.handle [as handle_request] (C:\Users\admin\Downloads\nib_hr\backend\node_modules\express\lib\router\layer.js:95:5)[39m
[31m    at next (C:\Users\admin\Downloads\nib_hr\backend\node_modules\express\lib\router\route.js:149:13)[39m
[31m    at Route.dispatch (C:\Users\admin\Downloads\nib_hr\backend\node_modules\express\lib\router\route.js:119:3)[39m
[31m    at Layer.handle [as handle_request] (C:\Users\admin\Downloads\nib_hr\backend\node_modules\express\lib\router\layer.js:95:5)[39m
2026-09-11 16:07:04:74 [31merror[39m: [31mGET /api/table/notice_periods - Error: Access restricted: Table 'notice_periods' is not in the whitelist.[39m
[31mStack: Error: Access restricted: Table 'notice_periods' is not in the whitelist.[39m
[31m    at validateTableName (C:\Users\admin\Downloads\nib_hr\backend\controllers\core\table.controller.js:1467:11)[39m
[31m    at C:\Users\admin\Downloads\nib_hr\backend\controllers\core\table.controller.js:1474:21[39m
[31m    at C:\Users\admin\Downloads\nib_hr\backend\utils\asyncHandler.js:4:21[39m
[31m    at Layer.handle [as handle_request] (C:\Users\admin\Downloads\nib_hr\backend\node_modules\express\lib\router\layer.js:95:5)[39m
[31m    at next (C:\Users\admin\Downloads\nib_hr\backend\node_modules\express\lib\router\route.js:149:13)[39m
[31m    at C:\Users\admin\Downloads\nib_hr\backend\middleware\audit.middleware.js:98:5[39m
[31m    at Layer.handle [as handle_request] (C:\Users\admin\Downloads\nib_hr\backend\node_modules\express\lib\router\layer.js:95:5)[39m
[31m    at next (C:\Users\admin\Downloads\nib_hr\backend\node_modules\express\lib\router\route.js:149:13)[39m
[31m    at Route.dispatch (C:\Users\admin\Downloads\nib_hr\backend\node_modules\express\lib\router\route.js:119:3)[39m
[31m    at Layer.handle [as handle_request] (C:\Users\admin\Downloads\nib_hr\backend\node_modules\express\lib\router\layer.js:95:5)[39m
2026-09-11 16:07:04:74 [31merror[39m: [31mGET /api/table/exit_clearances - Error: Access restricted: Table 'exit_clearances' is not in the whitelist.[39m
[31mStack: Error: Access restricted: Table 'exit_clearances' is not in the whitelist.[39m
[31m    at validateTableName (C:\Users\admin\Downloads\nib_hr\backend\controllers\core\table.controller.js:1467:11)[39m
[31m    at C:\Users\admin\Downloads\nib_hr\backend\controllers\core\table.controller.js:1474:21[39m
[31m    at C:\Users\admin\Downloads\nib_hr\backend\utils\asyncHandler.js:4:21[39m
[31m    at Layer.handle [as handle_request] (C:\Users\admin\Downloads\nib_hr\backend\node_modules\express\lib\router\layer.js:95:5)[39m
[31m    at next (C:\Users\admin\Downloads\nib_hr\backend\node_modules\express\lib\router\route.js:149:13)[39m
[31m    at C:\Users\admin\Downloads\nib_hr\backend\middleware\audit.middleware.js:98:5[39m
[31m    at Layer.handle [as handle_request] (C:\Users\admin\Downloads\nib_hr\backend\node_modules\express\lib\router\layer.js:95:5)[39m
[31m    at next (C:\Users\admin\Downloads\nib_hr\backend\node_modules\express\lib\router\route.js:149:13)[39m
[31m    at Route.dispatch (C:\Users\admin\Downloads\nib_hr\backend\node_modules\express\lib\router\route.js:119:3)[39m
[31m    at Layer.handle [as handle_request] (C:\Users\admin\Downloads\nib_hr\backend\node_modules\express\lib\router\layer.js:95:5)[39m
2026-09-11 16:07:04:74 [31merror[39m: [31mGET /api/table/asset_returns - Error: Access restricted: Table 'asset_returns' is not in the whitelist.[39m
[31mStack: Error: Access restricted: Table 'asset_returns' is not in the whitelist.[39m
[31m    at validateTableName (C:\Users\admin\Downloads\nib_hr\backend\controllers\core\table.controller.js:1467:11)[39m
[31m    at C:\Users\admin\Downloads\nib_hr\backend\controllers\core\table.controller.js:1474:21[39m
[31m    at C:\Users\admin\Downloads\nib_hr\backend\utils\asyncHandler.js:4:21[39m
[31m    at Layer.handle [as handle_request] (C:\Users\admin\Downloads\nib_hr\backend\node_modules\express\lib\router\layer.js:95:5)[39m
[31m    at next (C:\Users\admin\Downloads\nib_hr\backend\node_modules\express\lib\router\route.js:149:13)[39m
[31m    at C:\Users\admin\Downloads\nib_hr\backend\middleware\audit.middleware.js:98:5[39m
[31m    at Layer.handle [as handle_request] (C:\Users\admin\Downloads\nib_hr\backend\node_modules\express\lib\router\layer.js:95:5)[39m
[31m    at next (C:\Users\admin\Downloads\nib_hr\backend\node_modules\express\lib\router\route.js:149:13)[39m
[31m    at Route.dispatch (C:\Users\admin\Downloads\nib_hr\backend\node_modules\express\lib\router\route.js:119:3)[39m
[31m    at Layer.handle [as handle_request] (C:\Users\admin\Downloads\nib_hr\backend\node_modules\express\lib\router\layer.js:95:5)[39m
2026-09-11 16:07:04:74 [31merror[39m: [31mGET /api/table/no_dues - Error: Access restricted: Table 'no_dues' is not in the whitelist.[39m
[31mStack: Error: Access restricted: Table 'no_dues' is not in the whitelist.[39m
[31m    at validateTableName (C:\Users\admin\Downloads\nib_hr\backend\controllers\core\table.controller.js:1467:11)[39m
[31m    at C:\Users\admin\Downloads\nib_hr\backend\controllers\core\table.controller.js:1474:21[39m
[31m    at C:\Users\admin\Downloads\nib_hr\backend\utils\asyncHandler.js:4:21[39m
[31m    at Layer.handle [as handle_request] (C:\Users\admin\Downloads\nib_hr\backend\node_modules\express\lib\router\layer.js:95:5)[39m
[31m    at next (C:\Users\admin\Downloads\nib_hr\backend\node_modules\express\lib\router\route.js:149:13)[39m
[31m    at C:\Users\admin\Downloads\nib_hr\backend\middleware\audit.middleware.js:98:5[39m
[31m    at Layer.handle [as handle_request] (C:\Users\admin\Downloads\nib_hr\backend\node_modules\express\lib\router\layer.js:95:5)[39m
[31m    at next (C:\Users\admin\Downloads\nib_hr\backend\node_modules\express\lib\router\route.js:149:13)[39m
[31m    at Route.dispatch (C:\Users\admin\Downloads\nib_hr\backend\node_modules\express\lib\router\route.js:119:3)[39m
[31m    at Layer.handle [as handle_request] (C:\Users\admin\Downloads\nib_hr\backend\node_modules\express\lib\router\layer.js:95:5)[39m
2026-09-11 16:07:04:74 [31merror[39m: [31mGET /api/table/fnf_settlements - Error: Access restricted: Table 'fnf_settlements' is not in the whitelist.[39m
[31mStack: Error: Access restricted: Table 'fnf_settlements' is not in the whitelist.[39m
[31m    at validateTableName (C:\Users\admin\Downloads\nib_hr\backend\controllers\core\table.controller.js:1467:11)[39m
[31m    at C:\Users\admin\Downloads\nib_hr\backend\controllers\core\table.controller.js:1474:21[39m
[31m    at C:\Users\admin\Downloads\nib_hr\backend\utils\asyncHandler.js:4:21[39m
[31m    at Layer.handle [as handle_request] (C:\Users\admin\Downloads\nib_hr\backend\node_modules\express\lib\router\layer.js:95:5)[39m
[31m    at next (C:\Users\admin\Downloads\nib_hr\backend\node_modules\express\lib\router\route.js:149:13)[39m
[31m    at C:\Users\admin\Downloads\nib_hr\backend\middleware\audit.middleware.js:98:5[39m
[31m    at Layer.handle [as handle_request] (C:\Users\admin\Downloads\nib_hr\backend\node_modules\express\lib\router\layer.js:95:5)[39m
[31m    at next (C:\Users\admin\Downloads\nib_hr\backend\node_modules\express\lib\router\route.js:149:13)[39m
[31m    at Route.dispatch (C:\Users\admin\Downloads\nib_hr\backend\node_modules\express\lib\router\route.js:119:3)[39m
[31m    at Layer.handle [as handle_request] (C:\Users\admin\Downloads\nib_hr\backend\node_modules\express\lib\router\layer.js:95:5)[39m
2026-09-11 16:07:04:74 [31merror[39m: [31mGET /api/table/exit_interviews - Error: Access restricted: Table 'exit_interviews' is not in the whitelist.[39m
[31mStack: Error: Access restricted: Table 'exit_interviews' is not in the whitelist.[39m
[31m    at validateTableName (C:\Users\admin\Downloads\nib_hr\backend\controllers\core\table.controller.js:1467:11)[39m
[31m    at C:\Users\admin\Downloads\nib_hr\backend\controllers\core\table.controller.js:1474:21[39m
[31m    at C:\Users\admin\Downloads\nib_hr\backend\utils\asyncHandler.js:4:21[39m
[31m    at Layer.handle [as handle_request] (C:\Users\admin\Downloads\nib_hr\backend\node_modules\express\lib\router\layer.js:95:5)[39m
[31m    at next (C:\Users\admin\Downloads\nib_hr\backend\node_modules\express\lib\router\route.js:149:13)[39m
[31m    at C:\Users\admin\Downloads\nib_hr\backend\middleware\audit.middleware.js:98:5[39m
[31m    at Layer.handle [as handle_request] (C:\Users\admin\Downloads\nib_hr\backend\node_modules\express\lib\router\layer.js:95:5)[39m
[31m    at next (C:\Users\admin\Downloads\nib_hr\backend\node_modules\express\lib\router\route.js:149:13)[39m
[31m    at Route.dispatch (C:\Users\admin\Downloads\nib_hr\backend\node_modules\express\lib\router\route.js:119:3)[39m
[31m    at Layer.handle [as handle_request] (C:\Users\admin\Downloads\nib_hr\backend\node_modules\express\lib\router\layer.js:95:5)[39m
2026-09-11 16:07:04:74 [31merror[39m: [31mGET /api/table/experience_letters - Error: Access restricted: Table 'experience_letters' is not in the whitelist.[39m
[31mStack: Error: Access restricted: Table 'experience_letters' is not in the whitelist.[39m
[31m    at validateTableName (C:\Users\admin\Downloads\nib_hr\backend\controllers\core\table.controller.js:1467:11)[39m
[31m    at C:\Users\admin\Downloads\nib_hr\backend\controllers\core\table.controller.js:1474:21[39m
[31m    at C:\Users\admin\Downloads\nib_hr\backend\utils\asyncHandler.js:4:21[39m
[31m    at Layer.handle [as handle_request] (C:\Users\admin\Downloads\nib_hr\backend\node_modules\express\lib\router\layer.js:95:5)[39m
[31m    at next (C:\Users\admin\Downloads\nib_hr\backend\node_modules\express\lib\router\route.js:149:13)[39m
[31m    at C:\Users\admin\Downloads\nib_hr\backend\middleware\audit.middleware.js:98:5[39m
[31m    at Layer.handle [as handle_request] (C:\Users\admin\Downloads\nib_hr\backend\node_modules\express\lib\router\layer.js:95:5)[39m
[31m    at next (C:\Users\admin\Downloads\nib_hr\backend\node_modules\express\lib\router\route.js:149:13)[39m
[31m    at Route.dispatch (C:\Users\admin\Downloads\nib_hr\backend\node_modules\express\lib\router\route.js:119:3)[39m
[31m    at Layer.handle [as handle_request] (C:\Users\admin\Downloads\nib_hr\backend\node_modules\express\lib\router\layer.js:95:5)[39m
2026-09-11 16:07:04:74 [31merror[39m: [31mGET /api/table/exit_requests - Error: Access restricted: Table 'exit_requests' is not in the whitelist.[39m
[31mStack: Error: Access restricted: Table 'exit_requests' is not in the whitelist.[39m
[31m    at validateTableName (C:\Users\admin\Downloads\nib_hr\backend\controllers\core\table.controller.js:1467:11)[39m
[31m    at C:\Users\admin\Downloads\nib_hr\backend\controllers\core\table.controller.js:1474:21[39m
[31m    at C:\Users\admin\Downloads\nib_hr\backend\utils\asyncHandler.js:4:21[39m
[31m    at Layer.handle [as handle_request] (C:\Users\admin\Downloads\nib_hr\backend\node_modules\express\lib\router\layer.js:95:5)[39m
[31m    at next (C:\Users\admin\Downloads\nib_hr\backend\node_modules\express\lib\router\route.js:149:13)[39m
[31m    at C:\Users\admin\Downloads\nib_hr\backend\middleware\audit.middleware.js:98:5[39m
[31m    at Layer.handle [as handle_request] (C:\Users\admin\Downloads\nib_hr\backend\node_modules\express\lib\router\layer.js:95:5)[39m
[31m    at next (C:\Users\admin\Downloads\nib_hr\backend\node_modules\express\lib\router\route.js:149:13)[39m
[31m    at Route.dispatch (C:\Users\admin\Downloads\nib_hr\backend\node_modules\express\lib\router\route.js:119:3)[39m
[31m    at Layer.handle [as handle_request] (C:\Users\admin\Downloads\nib_hr\backend\node_modules\express\lib\router\layer.js:95:5)[39m
2026-09-11 16:07:04:74 [31merror[39m: [31mGET /api/table/exit_requests - Error: Access restricted: Table 'exit_requests' is not in the whitelist.[39m
[31mStack: Error: Access restricted: Table 'exit_requests' is not in the whitelist.[39m
[31m    at validateTableName (C:\Users\admin\Downloads\nib_hr\backend\controllers\core\table.controller.js:1467:11)[39m
[31m    at C:\Users\admin\Downloads\nib_hr\backend\controllers\core\table.controller.js:1474:21[39m
[31m    at C:\Users\admin\Downloads\nib_hr\backend\utils\asyncHandler.js:4:21[39m
[31m    at Layer.handle [as handle_request] (C:\Users\admin\Downloads\nib_hr\backend\node_modules\express\lib\router\layer.js:95:5)[39m
[31m    at next (C:\Users\admin\Downloads\nib_hr\backend\node_modules\express\lib\router\route.js:149:13)[39m
[31m    at C:\Users\admin\Downloads\nib_hr\backend\middleware\audit.middleware.js:98:5[39m
[31m    at Layer.handle [as handle_request] (C:\Users\admin\Downloads\nib_hr\backend\node_modules\express\lib\router\layer.js:95:5)[39m
[31m    at next (C:\Users\admin\Downloads\nib_hr\backend\node_modules\express\lib\router\route.js:149:13)[39m
[31m    at Route.dispatch (C:\Users\admin\Downloads\nib_hr\backend\node_modules\express\lib\router\route.js:119:3)[39m
[31m    at Layer.handle [as handle_request] (C:\Users\admin\Downloads\nib_hr\backend\node_modules\express\lib\router\layer.js:95:5)[39m
2026-09-11 16:07:04:74 [31merror[39m: [31mGET /api/table/exit_requests - Error: Access restricted: Table 'exit_requests' is not in the whitelist.[39m
[31mStack: Error: Access restricted: Table 'exit_requests' is not in the whitelist.[39m
[31m    at validateTableName (C:\Users\admin\Downloads\nib_hr\backend\controllers\core\table.controller.js:1467:11)[39m
[31m    at C:\Users\admin\Downloads\nib_hr\backend\controllers\core\table.controller.js:1474:21[39m
[31m    at C:\Users\admin\Downloads\nib_hr\backend\utils\asyncHandler.js:4:21[39m
[31m    at Layer.handle [as handle_request] (C:\Users\admin\Downloads\nib_hr\backend\node_modules\express\lib\router\layer.js:95:5)[39m
[31m    at next (C:\Users\admin\Downloads\nib_hr\backend\node_modules\express\lib\router\route.js:149:13)[39m
[31m    at C:\Users\admin\Downloads\nib_hr\backend\middleware\audit.middleware.js:98:5[39m
[31m    at Layer.handle [as handle_request] (C:\Users\admin\Downloads\nib_hr\backend\node_modules\express\lib\router\layer.js:95:5)[39m
[31m    at next (C:\Users\admin\Downloads\nib_hr\backend\node_modules\express\lib\router\route.js:149:13)[39m
[31m    at Route.dispatch (C:\Users\admin\Downloads\nib_hr\backend\node_modules\express\lib\router\route.js:119:3)[39m
[31m    at Layer.handle [as handle_request] (C:\Users\admin\Downloads\nib_hr\backend\node_modules\express\lib\router\layer.js:95:5)[39m
2026-09-11 16:07:04:74 [31merror[39m: [31mGET /api/table/exit_requests - Error: Access restricted: Table 'exit_requests' is not in the whitelist.[39m
[31mStack: Error: Access restricted: Table 'exit_requests' is not in the whitelist.[39m
[31m    at validateTableName (C:\Users\admin\Downloads\nib_hr\backend\controllers\core\table.controller.js:1467:11)[39m
[31m    at C:\Users\admin\Downloads\nib_hr\backend\controllers\core\table.controller.js:1474:21[39m
[31m    at C:\Users\admin\Downloads\nib_hr\backend\utils\asyncHandler.js:4:21[39m
[31m    at Layer.handle [as handle_request] (C:\Users\admin\Downloads\nib_hr\backend\node_modules\express\lib\router\layer.js:95:5)[39m
[31m    at next (C:\Users\admin\Downloads\nib_hr\backend\node_modules\express\lib\router\route.js:149:13)[39m
[31m    at C:\Users\admin\Downloads\nib_hr\backend\middleware\audit.middleware.js:98:5[39m
[31m    at Layer.handle [as handle_request] (C:\Users\admin\Downloads\nib_hr\backend\node_modules\express\lib\router\layer.js:95:5)[39m
[31m    at next (C:\Users\admin\Downloads\nib_hr\backend\node_modules\express\lib\router\route.js:149:13)[39m
[31m    at Route.dispatch (C:\Users\admin\Downloads\nib_hr\backend\node_modules\express\lib\router\route.js:119:3)[39m
[31m    at Layer.handle [as handle_request] (C:\Users\admin\Downloads\nib_hr\backend\node_modules\express\lib\router\layer.js:95:5)[39m
2026-09-11 16:19:50:1950 [31merror[39m: [31mGET /api/table/documents - Error: Access restricted: Table 'documents' is not in the whitelist.[39m
[31mStack: Error: Access restricted: Table 'documents' is not in the whitelist.[39m
[31m    at validateTableName (C:\Users\admin\Downloads\nib_hr\backend\controllers\core\table.controller.js:1467:11)[39m
[31m    at C:\Users\admin\Downloads\nib_hr\backend\controllers\core\table.controller.js:1474:21[39m
[31m    at C:\Users\admin\Downloads\nib_hr\backend\utils\asyncHandler.js:4:21[39m
[31m    at Layer.handle [as handle_request] (C:\Users\admin\Downloads\nib_hr\backend\node_modules\express\lib\router\layer.js:95:5)[39m
[31m    at next (C:\Users\admin\Downloads\nib_hr\backend\node_modules\express\lib\router\route.js:149:13)[39m
[31m    at C:\Users\admin\Downloads\nib_hr\backend\middleware\audit.middleware.js:98:5[39m
[31m    at Layer.handle [as handle_request] (C:\Users\admin\Downloads\nib_hr\backend\node_modules\express\lib\router\layer.js:95:5)[39m
[31m    at next (C:\Users\admin\Downloads\nib_hr\backend\node_modules\express\lib\router\route.js:149:13)[39m
[31m    at Route.dispatch (C:\Users\admin\Downloads\nib_hr\backend\node_modules\express\lib\router\route.js:119:3)[39m
[31m    at Layer.handle [as handle_request] (C:\Users\admin\Downloads\nib_hr\backend\node_modules\express\lib\router\layer.js:95:5)[39m
2026-09-11 16:19:50:1950 [31merror[39m: [31mGET /api/table/documents - Error: Access restricted: Table 'documents' is not in the whitelist.[39m
[31mStack: Error: Access restricted: Table 'documents' is not in the whitelist.[39m
[31m    at validateTableName (C:\Users\admin\Downloads\nib_hr\backend\controllers\core\table.controller.js:1467:11)[39m
[31m    at C:\Users\admin\Downloads\nib_hr\backend\controllers\core\table.controller.js:1474:21[39m
[31m    at C:\Users\admin\Downloads\nib_hr\backend\utils\asyncHandler.js:4:21[39m
[31m    at Layer.handle [as handle_request] (C:\Users\admin\Downloads\nib_hr\backend\node_modules\express\lib\router\layer.js:95:5)[39m
[31m    at next (C:\Users\admin\Downloads\nib_hr\backend\node_modules\express\lib\router\route.js:149:13)[39m
[31m    at C:\Users\admin\Downloads\nib_hr\backend\middleware\audit.middleware.js:98:5[39m
[31m    at Layer.handle [as handle_request] (C:\Users\admin\Downloads\nib_hr\backend\node_modules\express\lib\router\layer.js:95:5)[39m
[31m    at next (C:\Users\admin\Downloads\nib_hr\backend\node_modules\express\lib\router\route.js:149:13)[39m
[31m    at Route.dispatch (C:\Users\admin\Downloads\nib_hr\backend\node_modules\express\lib\router\route.js:119:3)[39m
[31m    at Layer.handle [as handle_request] (C:\Users\admin\Downloads\nib_hr\backend\node_modules\express\lib\router\layer.js:95:5)[39m
2026-09-11 16:19:51:1951 [31merror[39m: [31mGET /api/table/exit_requests - Error: Access restricted: Table 'exit_requests' is not in the whitelist.[39m
[31mStack: Error: Access restricted: Table 'exit_requests' is not in the whitelist.[39m
[31m    at validateTableName (C:\Users\admin\Downloads\nib_hr\backend\controllers\core\table.controller.js:1467:11)[39m
[31m    at C:\Users\admin\Downloads\nib_hr\backend\controllers\core\table.controller.js:1474:21[39m
[31m    at C:\Users\admin\Downloads\nib_hr\backend\utils\asyncHandler.js:4:21[39m
[31m    at Layer.handle [as handle_request] (C:\Users\admin\Downloads\nib_hr\backend\node_modules\express\lib\router\layer.js:95:5)[39m
[31m    at next (C:\Users\admin\Downloads\nib_hr\backend\node_modules\express\lib\router\route.js:149:13)[39m
[31m    at C:\Users\admin\Downloads\nib_hr\backend\middleware\audit.middleware.js:98:5[39m
[31m    at Layer.handle [as handle_request] (C:\Users\admin\Downloads\nib_hr\backend\node_modules\express\lib\router\layer.js:95:5)[39m
[31m    at next (C:\Users\admin\Downloads\nib_hr\backend\node_modules\express\lib\router\route.js:149:13)[39m
[31m    at Route.dispatch (C:\Users\admin\Downloads\nib_hr\backend\node_modules\express\lib\router\route.js:119:3)[39m
[31m    at Layer.handle [as handle_request] (C:\Users\admin\Downloads\nib_hr\backend\node_modules\express\lib\router\layer.js:95:5)[39m
2026-09-11 16:19:51:1951 [31merror[39m: [31mGET /api/table/notice_periods - Error: Access restricted: Table 'notice_periods' is not in the whitelist.[39m
[31mStack: Error: Access restricted: Table 'notice_periods' is not in the whitelist.[39m
[31m    at validateTableName (C:\Users\admin\Downloads\nib_hr\backend\controllers\core\table.controller.js:1467:11)[39m
[31m    at C:\Users\admin\Downloads\nib_hr\backend\controllers\core\table.controller.js:1474:21[39m
[31m    at C:\Users\admin\Downloads\nib_hr\backend\utils\asyncHandler.js:4:21[39m
[31m    at Layer.handle [as handle_request] (C:\Users\admin\Downloads\nib_hr\backend\node_modules\express\lib\router\layer.js:95:5)[39m
[31m    at next (C:\Users\admin\Downloads\nib_hr\backend\node_modules\express\lib\router\route.js:149:13)[39m
[31m    at C:\Users\admin\Downloads\nib_hr\backend\middleware\audit.middleware.js:98:5[39m
[31m    at Layer.handle [as handle_request] (C:\Users\admin\Downloads\nib_hr\backend\node_modules\express\lib\router\layer.js:95:5)[39m
[31m    at next (C:\Users\admin\Downloads\nib_hr\backend\node_modules\express\lib\router\route.js:149:13)[39m
[31m    at Route.dispatch (C:\Users\admin\Downloads\nib_hr\backend\node_modules\express\lib\router\route.js:119:3)[39m
[31m    at Layer.handle [as handle_request] (C:\Users\admin\Downloads\nib_hr\backend\node_modules\express\lib\router\layer.js:95:5)[39m
2026-09-11 16:19:51:1951 [31merror[39m: [31mGET /api/table/exit_clearances - Error: Access restricted: Table 'exit_clearances' is not in the whitelist.[39m
[31mStack: Error: Access restricted: Table 'exit_clearances' is not in the whitelist.[39m
[31m    at validateTableName (C:\Users\admin\Downloads\nib_hr\backend\controllers\core\table.controller.js:1467:11)[39m
[31m    at C:\Users\admin\Downloads\nib_hr\backend\controllers\core\table.controller.js:1474:21[39m
[31m    at C:\Users\admin\Downloads\nib_hr\backend\utils\asyncHandler.js:4:21[39m
[31m    at Layer.handle [as handle_request] (C:\Users\admin\Downloads\nib_hr\backend\node_modules\express\lib\router\layer.js:95:5)[39m
[31m    at next (C:\Users\admin\Downloads\nib_hr\backend\node_modules\express\lib\router\route.js:149:13)[39m
[31m    at C:\Users\admin\Downloads\nib_hr\backend\middleware\audit.middleware.js:98:5[39m
[31m    at Layer.handle [as handle_request] (C:\Users\admin\Downloads\nib_hr\backend\node_modules\express\lib\router\layer.js:95:5)[39m
[31m    at next (C:\Users\admin\Downloads\nib_hr\backend\node_modules\express\lib\router\route.js:149:13)[39m
[31m    at Route.dispatch (C:\Users\admin\Downloads\nib_hr\backend\node_modules\express\lib\router\route.js:119:3)[39m
[31m    at Layer.handle [as handle_request] (C:\Users\admin\Downloads\nib_hr\backend\node_modules\express\lib\router\layer.js:95:5)[39m
2026-09-11 16:19:51:1951 [31merror[39m: [31mGET /api/table/asset_returns - Error: Access restricted: Table 'asset_returns' is not in the whitelist.[39m
[31mStack: Error: Access restricted: Table 'asset_returns' is not in the whitelist.[39m
[31m    at validateTableName (C:\Users\admin\Downloads\nib_hr\backend\controllers\core\table.controller.js:1467:11)[39m
[31m    at C:\Users\admin\Downloads\nib_hr\backend\controllers\core\table.controller.js:1474:21[39m
[31m    at C:\Users\admin\Downloads\nib_hr\backend\utils\asyncHandler.js:4:21[39m
[31m    at Layer.handle [as handle_request] (C:\Users\admin\Downloads\nib_hr\backend\node_modules\express\lib\router\layer.js:95:5)[39m
[31m    at next (C:\Users\admin\Downloads\nib_hr\backend\node_modules\express\lib\router\route.js:149:13)[39m
[31m    at C:\Users\admin\Downloads\nib_hr\backend\middleware\audit.middleware.js:98:5[39m
[31m    at Layer.handle [as handle_request] (C:\Users\admin\Downloads\nib_hr\backend\node_modules\express\lib\router\layer.js:95:5)[39m
[31m    at next (C:\Users\admin\Downloads\nib_hr\backend\node_modules\express\lib\router\route.js:149:13)[39m
[31m    at Route.dispatch (C:\Users\admin\Downloads\nib_hr\backend\node_modules\express\lib\router\route.js:119:3)[39m
[31m    at Layer.handle [as handle_request] (C:\Users\admin\Downloads\nib_hr\backend\node_modules\express\lib\router\layer.js:95:5)[39m
2026-09-11 16:19:51:1951 [31merror[39m: [31mGET /api/table/no_dues - Error: Access restricted: Table 'no_dues' is not in the whitelist.[39m
[31mStack: Error: Access restricted: Table 'no_dues' is not in the whitelist.[39m
[31m    at validateTableName (C:\Users\admin\Downloads\nib_hr\backend\controllers\core\table.controller.js:1467:11)[39m
[31m    at C:\Users\admin\Downloads\nib_hr\backend\controllers\core\table.controller.js:1474:21[39m
[31m    at C:\Users\admin\Downloads\nib_hr\backend\utils\asyncHandler.js:4:21[39m
[31m    at Layer.handle [as handle_request] (C:\Users\admin\Downloads\nib_hr\backend\node_modules\express\lib\router\layer.js:95:5)[39m
[31m    at next (C:\Users\admin\Downloads\nib_hr\backend\node_modules\express\lib\router\route.js:149:13)[39m
[31m    at C:\Users\admin\Downloads\nib_hr\backend\middleware\audit.middleware.js:98:5[39m
[31m    at Layer.handle [as handle_request] (C:\Users\admin\Downloads\nib_hr\backend\node_modules\express\lib\router\layer.js:95:5)[39m
[31m    at next (C:\Users\admin\Downloads\nib_hr\backend\node_modules\express\lib\router\route.js:149:13)[39m
[31m    at Route.dispatch (C:\Users\admin\Downloads\nib_hr\backend\node_modules\express\lib\router\route.js:119:3)[39m
[31m    at Layer.handle [as handle_request] (C:\Users\admin\Downloads\nib_hr\backend\node_modules\express\lib\router\layer.js:95:5)[39m
2026-09-11 16:19:51:1951 [31merror[39m: [31mGET /api/table/fnf_settlements - Error: Access restricted: Table 'fnf_settlements' is not in the whitelist.[39m
[31mStack: Error: Access restricted: Table 'fnf_settlements' is not in the whitelist.[39m
[31m    at validateTableName (C:\Users\admin\Downloads\nib_hr\backend\controllers\core\table.controller.js:1467:11)[39m
[31m    at C:\Users\admin\Downloads\nib_hr\backend\controllers\core\table.controller.js:1474:21[39m
[31m    at C:\Users\admin\Downloads\nib_hr\backend\utils\asyncHandler.js:4:21[39m
[31m    at Layer.handle [as handle_request] (C:\Users\admin\Downloads\nib_hr\backend\node_modules\express\lib\router\layer.js:95:5)[39m
[31m    at next (C:\Users\admin\Downloads\nib_hr\backend\node_modules\express\lib\router\route.js:149:13)[39m
[31m    at C:\Users\admin\Downloads\nib_hr\backend\middleware\audit.middleware.js:98:5[39m
[31m    at Layer.handle [as handle_request] (C:\Users\admin\Downloads\nib_hr\backend\node_modules\express\lib\router\layer.js:95:5)[39m
[31m    at next (C:\Users\admin\Downloads\nib_hr\backend\node_modules\express\lib\router\route.js:149:13)[39m
[31m    at Route.dispatch (C:\Users\admin\Downloads\nib_hr\backend\node_modules\express\lib\router\route.js:119:3)[39m
[31m    at Layer.handle [as handle_request] (C:\Users\admin\Downloads\nib_hr\backend\node_modules\express\lib\router\layer.js:95:5)[39m
2026-09-11 16:19:51:1951 [31merror[39m: [31mGET /api/table/exit_interviews - Error: Access restricted: Table 'exit_interviews' is not in the whitelist.[39m
[31mStack: Error: Access restricted: Table 'exit_interviews' is not in the whitelist.[39m
[31m    at validateTableName (C:\Users\admin\Downloads\nib_hr\backend\controllers\core\table.controller.js:1467:11)[39m
[31m    at C:\Users\admin\Downloads\nib_hr\backend\controllers\core\table.controller.js:1474:21[39m
[31m    at C:\Users\admin\Downloads\nib_hr\backend\utils\asyncHandler.js:4:21[39m
[31m    at Layer.handle [as handle_request] (C:\Users\admin\Downloads\nib_hr\backend\node_modules\express\lib\router\layer.js:95:5)[39m
[31m    at next (C:\Users\admin\Downloads\nib_hr\backend\node_modules\express\lib\router\route.js:149:13)[39m
[31m    at C:\Users\admin\Downloads\nib_hr\backend\middleware\audit.middleware.js:98:5[39m
[31m    at Layer.handle [as handle_request] (C:\Users\admin\Downloads\nib_hr\backend\node_modules\express\lib\router\layer.js:95:5)[39m
[31m    at next (C:\Users\admin\Downloads\nib_hr\backend\node_modules\express\lib\router\route.js:149:13)[39m
[31m    at Route.dispatch (C:\Users\admin\Downloads\nib_hr\backend\node_modules\express\lib\router\route.js:119:3)[39m
[31m    at Layer.handle [as handle_request] (C:\Users\admin\Downloads\nib_hr\backend\node_modules\express\lib\router\layer.js:95:5)[39m
2026-09-11 16:19:51:1951 [31merror[39m: [31mGET /api/table/experience_letters - Error: Access restricted: Table 'experience_letters' is not in the whitelist.[39m
[31mStack: Error: Access restricted: Table 'experience_letters' is not in the whitelist.[39m
[31m    at validateTableName (C:\Users\admin\Downloads\nib_hr\backend\controllers\core\table.controller.js:1467:11)[39m
[31m    at C:\Users\admin\Downloads\nib_hr\backend\controllers\core\table.controller.js:1474:21[39m
[31m    at C:\Users\admin\Downloads\nib_hr\backend\utils\asyncHandler.js:4:21[39m
[31m    at Layer.handle [as handle_request] (C:\Users\admin\Downloads\nib_hr\backend\node_modules\express\lib\router\layer.js:95:5)[39m
[31m    at next (C:\Users\admin\Downloads\nib_hr\backend\node_modules\express\lib\router\route.js:149:13)[39m
[31m    at C:\Users\admin\Downloads\nib_hr\backend\middleware\audit.middleware.js:98:5[39m
[31m    at Layer.handle [as handle_request] (C:\Users\admin\Downloads\nib_hr\backend\node_modules\express\lib\router\layer.js:95:5)[39m
[31m    at next (C:\Users\admin\Downloads\nib_hr\backend\node_modules\express\lib\router\route.js:149:13)[39m
[31m    at Route.dispatch (C:\Users\admin\Downloads\nib_hr\backend\node_modules\express\lib\router\route.js:119:3)[39m
[31m    at Layer.handle [as handle_request] (C:\Users\admin\Downloads\nib_hr\backend\node_modules\express\lib\router\layer.js:95:5)[39m
2026-09-11 16:19:52:1952 [31merror[39m: [31mGET /api/table/exit_requests - Error: Access restricted: Table 'exit_requests' is not in the whitelist.[39m
[31mStack: Error: Access restricted: Table 'exit_requests' is not in the whitelist.[39m
[31m    at validateTableName (C:\Users\admin\Downloads\nib_hr\backend\controllers\core\table.controller.js:1467:11)[39m
[31m    at C:\Users\admin\Downloads\nib_hr\backend\controllers\core\table.controller.js:1474:21[39m
[31m    at C:\Users\admin\Downloads\nib_hr\backend\utils\asyncHandler.js:4:21[39m
[31m    at Layer.handle [as handle_request] (C:\Users\admin\Downloads\nib_hr\backend\node_modules\express\lib\router\layer.js:95:5)[39m
[31m    at next (C:\Users\admin\Downloads\nib_hr\backend\node_modules\express\lib\router\route.js:149:13)[39m
[31m    at C:\Users\admin\Downloads\nib_hr\backend\middleware\audit.middleware.js:98:5[39m
[31m    at Layer.handle [as handle_request] (C:\Users\admin\Downloads\nib_hr\backend\node_modules\express\lib\router\layer.js:95:5)[39m
[31m    at next (C:\Users\admin\Downloads\nib_hr\backend\node_modules\express\lib\router\route.js:149:13)[39m
[31m    at Route.dispatch (C:\Users\admin\Downloads\nib_hr\backend\node_modules\express\lib\router\route.js:119:3)[39m
[31m    at Layer.handle [as handle_request] (C:\Users\admin\Downloads\nib_hr\backend\node_modules\express\lib\router\layer.js:95:5)[39m
2026-09-11 16:19:52:1952 [31merror[39m: [31mGET /api/table/notice_periods - Error: Access restricted: Table 'notice_periods' is not in the whitelist.[39m
[31mStack: Error: Access restricted: Table 'notice_periods' is not in the whitelist.[39m
[31m    at validateTableName (C:\Users\admin\Downloads\nib_hr\backend\controllers\core\table.controller.js:1467:11)[39m
[31m    at C:\Users\admin\Downloads\nib_hr\backend\controllers\core\table.controller.js:1474:21[39m
[31m    at C:\Users\admin\Downloads\nib_hr\backend\utils\asyncHandler.js:4:21[39m
[31m    at Layer.handle [as handle_request] (C:\Users\admin\Downloads\nib_hr\backend\node_modules\express\lib\router\layer.js:95:5)[39m
[31m    at next (C:\Users\admin\Downloads\nib_hr\backend\node_modules\express\lib\router\route.js:149:13)[39m
[31m    at C:\Users\admin\Downloads\nib_hr\backend\middleware\audit.middleware.js:98:5[39m
[31m    at Layer.handle [as handle_request] (C:\Users\admin\Downloads\nib_hr\backend\node_modules\express\lib\router\layer.js:95:5)[39m
[31m    at next (C:\Users\admin\Downloads\nib_hr\backend\node_modules\express\lib\router\route.js:149:13)[39m
[31m    at Route.dispatch (C:\Users\admin\Downloads\nib_hr\backend\node_modules\express\lib\router\route.js:119:3)[39m
[31m    at Layer.handle [as handle_request] (C:\Users\admin\Downloads\nib_hr\backend\node_modules\express\lib\router\layer.js:95:5)[39m
2026-09-11 16:19:52:1952 [31merror[39m: [31mGET /api/table/exit_clearances - Error: Access restricted: Table 'exit_clearances' is not in the whitelist.[39m
[31mStack: Error: Access restricted: Table 'exit_clearances' is not in the whitelist.[39m
[31m    at validateTableName (C:\Users\admin\Downloads\nib_hr\backend\controllers\core\table.controller.js:1467:11)[39m
[31m    at C:\Users\admin\Downloads\nib_hr\backend\controllers\core\table.controller.js:1474:21[39m
[31m    at C:\Users\admin\Downloads\nib_hr\backend\utils\asyncHandler.js:4:21[39m
[31m    at Layer.handle [as handle_request] (C:\Users\admin\Downloads\nib_hr\backend\node_modules\express\lib\router\layer.js:95:5)[39m
[31m    at next (C:\Users\admin\Downloads\nib_hr\backend\node_modules\express\lib\router\route.js:149:13)[39m
[31m    at C:\Users\admin\Downloads\nib_hr\backend\middleware\audit.middleware.js:98:5[39m
[31m    at Layer.handle [as handle_request] (C:\Users\admin\Downloads\nib_hr\backend\node_modules\express\lib\router\layer.js:95:5)[39m
[31m    at next (C:\Users\admin\Downloads\nib_hr\backend\node_modules\express\lib\router\route.js:149:13)[39m
[31m    at Route.dispatch (C:\Users\admin\Downloads\nib_hr\backend\node_modules\express\lib\router\route.js:119:3)[39m
[31m    at Layer.handle [as handle_request] (C:\Users\admin\Downloads\nib_hr\backend\node_modules\express\lib\router\layer.js:95:5)[39m
2026-09-11 16:19:52:1952 [31merror[39m: [31mGET /api/table/asset_returns - Error: Access restricted: Table 'asset_returns' is not in the whitelist.[39m
[31mStack: Error: Access restricted: Table 'asset_returns' is not in the whitelist.[39m
[31m    at validateTableName (C:\Users\admin\Downloads\nib_hr\backend\controllers\core\table.controller.js:1467:11)[39m
[31m    at C:\Users\admin\Downloads\nib_hr\backend\controllers\core\table.controller.js:1474:21[39m
[31m    at C:\Users\admin\Downloads\nib_hr\backend\utils\asyncHandler.js:4:21[39m
[31m    at Layer.handle [as handle_request] (C:\Users\admin\Downloads\nib_hr\backend\node_modules\express\lib\router\layer.js:95:5)[39m
[31m    at next (C:\Users\admin\Downloads\nib_hr\backend\node_modules\express\lib\router\route.js:149:13)[39m
[31m    at C:\Users\admin\Downloads\nib_hr\backend\middleware\audit.middleware.js:98:5[39m
[31m    at Layer.handle [as handle_request] (C:\Users\admin\Downloads\nib_hr\backend\node_modules\express\lib\router\layer.js:95:5)[39m
[31m    at next (C:\Users\admin\Downloads\nib_hr\backend\node_modules\express\lib\router\route.js:149:13)[39m
[31m    at Route.dispatch (C:\Users\admin\Downloads\nib_hr\backend\node_modules\express\lib\router\route.js:119:3)[39m
[31m    at Layer.handle [as handle_request] (C:\Users\admin\Downloads\nib_hr\backend\node_modules\express\lib\router\layer.js:95:5)[39m
2026-09-11 16:19:52:1952 [31merror[39m: [31mGET /api/table/no_dues - Error: Access restricted: Table 'no_dues' is not in the whitelist.[39m
[31mStack: Error: Access restricted: Table 'no_dues' is not in the whitelist.[39m
[31m    at validateTableName (C:\Users\admin\Downloads\nib_hr\backend\controllers\core\table.controller.js:1467:11)[39m
[31m    at C:\Users\admin\Downloads\nib_hr\backend\controllers\core\table.controller.js:1474:21[39m
[31m    at C:\Users\admin\Downloads\nib_hr\backend\utils\asyncHandler.js:4:21[39m
[31m    at Layer.handle [as handle_request] (C:\Users\admin\Downloads\nib_hr\backend\node_modules\express\lib\router\layer.js:95:5)[39m
[31m    at next (C:\Users\admin\Downloads\nib_hr\backend\node_modules\express\lib\router\route.js:149:13)[39m
[31m    at C:\Users\admin\Downloads\nib_hr\backend\middleware\audit.middleware.js:98:5[39m
[31m    at Layer.handle [as handle_request] (C:\Users\admin\Downloads\nib_hr\backend\node_modules\express\lib\router\layer.js:95:5)[39m
[31m    at next (C:\Users\admin\Downloads\nib_hr\backend\node_modules\express\lib\router\route.js:149:13)[39m
[31m    at Route.dispatch (C:\Users\admin\Downloads\nib_hr\backend\node_modules\express\lib\router\route.js:119:3)[39m
[31m    at Layer.handle [as handle_request] (C:\Users\admin\Downloads\nib_hr\backend\node_modules\express\lib\router\layer.js:95:5)[39m
2026-09-11 16:19:52:1952 [31merror[39m: [31mGET /api/table/fnf_settlements - Error: Access restricted: Table 'fnf_settlements' is not in the whitelist.[39m
[31mStack: Error: Access restricted: Table 'fnf_settlements' is not in the whitelist.[39m
[31m    at validateTableName (C:\Users\admin\Downloads\nib_hr\backend\controllers\core\table.controller.js:1467:11)[39m
[31m    at C:\Users\admin\Downloads\nib_hr\backend\controllers\core\table.controller.js:1474:21[39m
[31m    at C:\Users\admin\Downloads\nib_hr\backend\utils\asyncHandler.js:4:21[39m
[31m    at Layer.handle [as handle_request] (C:\Users\admin\Downloads\nib_hr\backend\node_modules\express\lib\router\layer.js:95:5)[39m
[31m    at next (C:\Users\admin\Downloads\nib_hr\backend\node_modules\express\lib\router\route.js:149:13)[39m
[31m    at C:\Users\admin\Downloads\nib_hr\backend\middleware\audit.middleware.js:98:5[39m
[31m    at Layer.handle [as handle_request] (C:\Users\admin\Downloads\nib_hr\backend\node_modules\express\lib\router\layer.js:95:5)[39m
[31m    at next (C:\Users\admin\Downloads\nib_hr\backend\node_modules\express\lib\router\route.js:149:13)[39m
[31m    at Route.dispatch (C:\Users\admin\Downloads\nib_hr\backend\node_modules\express\lib\router\route.js:119:3)[39m
[31m    at Layer.handle [as handle_request] (C:\Users\admin\Downloads\nib_hr\backend\node_modules\express\lib\router\layer.js:95:5)[39m
2026-09-11 16:19:52:1952 [31merror[39m: [31mGET /api/table/exit_interviews - Error: Access restricted: Table 'exit_interviews' is not in the whitelist.[39m
[31mStack: Error: Access restricted: Table 'exit_interviews' is not in the whitelist.[39m
[31m    at validateTableName (C:\Users\admin\Downloads\nib_hr\backend\controllers\core\table.controller.js:1467:11)[39m
[31m    at C:\Users\admin\Downloads\nib_hr\backend\controllers\core\table.controller.js:1474:21[39m
[31m    at C:\Users\admin\Downloads\nib_hr\backend\utils\asyncHandler.js:4:21[39m
[31m    at Layer.handle [as handle_request] (C:\Users\admin\Downloads\nib_hr\backend\node_modules\express\lib\router\layer.js:95:5)[39m
[31m    at next (C:\Users\admin\Downloads\nib_hr\backend\node_modules\express\lib\router\route.js:149:13)[39m
[31m    at C:\Users\admin\Downloads\nib_hr\backend\middleware\audit.middleware.js:98:5[39m
[31m    at Layer.handle [as handle_request] (C:\Users\admin\Downloads\nib_hr\backend\node_modules\express\lib\router\layer.js:95:5)[39m
[31m    at next (C:\Users\admin\Downloads\nib_hr\backend\node_modules\express\lib\router\route.js:149:13)[39m
[31m    at Route.dispatch (C:\Users\admin\Downloads\nib_hr\backend\node_modules\express\lib\router\route.js:119:3)[39m
[31m    at Layer.handle [as handle_request] (C:\Users\admin\Downloads\nib_hr\backend\node_modules\express\lib\router\layer.js:95:5)[39m
2026-09-11 16:19:52:1952 [31merror[39m: [31mGET /api/table/experience_letters - Error: Access restricted: Table 'experience_letters' is not in the whitelist.[39m
[31mStack: Error: Access restricted: Table 'experience_letters' is not in the whitelist.[39m
[31m    at validateTableName (C:\Users\admin\Downloads\nib_hr\backend\controllers\core\table.controller.js:1467:11)[39m
[31m    at C:\Users\admin\Downloads\nib_hr\backend\controllers\core\table.controller.js:1474:21[39m
[31m    at C:\Users\admin\Downloads\nib_hr\backend\utils\asyncHandler.js:4:21[39m
[31m    at Layer.handle [as handle_request] (C:\Users\admin\Downloads\nib_hr\backend\node_modules\express\lib\router\layer.js:95:5)[39m
[31m    at next (C:\Users\admin\Downloads\nib_hr\backend\node_modules\express\lib\router\route.js:149:13)[39m
[31m    at C:\Users\admin\Downloads\nib_hr\backend\middleware\audit.middleware.js:98:5[39m
[31m    at Layer.handle [as handle_request] (C:\Users\admin\Downloads\nib_hr\backend\node_modules\express\lib\router\layer.js:95:5)[39m
[31m    at next (C:\Users\admin\Downloads\nib_hr\backend\node_modules\express\lib\router\route.js:149:13)[39m
[31m    at Route.dispatch (C:\Users\admin\Downloads\nib_hr\backend\node_modules\express\lib\router\route.js:119:3)[39m
[31m    at Layer.handle [as handle_request] (C:\Users\admin\Downloads\nib_hr\backend\node_modules\express\lib\router\layer.js:95:5)[39m
2026-09-11 16:19:53:1953 [31merror[39m: [31mGET /api/table/exit_requests - Error: Access restricted: Table 'exit_requests' is not in the whitelist.[39m
[31mStack: Error: Access restricted: Table 'exit_requests' is not in the whitelist.[39m
[31m    at validateTableName (C:\Users\admin\Downloads\nib_hr\backend\controllers\core\table.controller.js:1467:11)[39m
[31m    at C:\Users\admin\Downloads\nib_hr\backend\controllers\core\table.controller.js:1474:21[39m
[31m    at C:\Users\admin\Downloads\nib_hr\backend\utils\asyncHandler.js:4:21[39m
[31m    at Layer.handle [as handle_request] (C:\Users\admin\Downloads\nib_hr\backend\node_modules\express\lib\router\layer.js:95:5)[39m
[31m    at next (C:\Users\admin\Downloads\nib_hr\backend\node_modules\express\lib\router\route.js:149:13)[39m
[31m    at C:\Users\admin\Downloads\nib_hr\backend\middleware\audit.middleware.js:98:5[39m
[31m    at Layer.handle [as handle_request] (C:\Users\admin\Downloads\nib_hr\backend\node_modules\express\lib\router\layer.js:95:5)[39m
[31m    at next (C:\Users\admin\Downloads\nib_hr\backend\node_modules\express\lib\router\route.js:149:13)[39m
[31m    at Route.dispatch (C:\Users\admin\Downloads\nib_hr\backend\node_modules\express\lib\router\route.js:119:3)[39m
[31m    at Layer.handle [as handle_request] (C:\Users\admin\Downloads\nib_hr\backend\node_modules\express\lib\router\layer.js:95:5)[39m
2026-09-11 16:19:53:1953 [31merror[39m: [31mGET /api/table/exit_requests - Error: Access restricted: Table 'exit_requests' is not in the whitelist.[39m
[31mStack: Error: Access restricted: Table 'exit_requests' is not in the whitelist.[39m
[31m    at validateTableName (C:\Users\admin\Downloads\nib_hr\backend\controllers\core\table.controller.js:1467:11)[39m
[31m    at C:\Users\admin\Downloads\nib_hr\backend\controllers\core\table.controller.js:1474:21[39m
[31m    at C:\Users\admin\Downloads\nib_hr\backend\utils\asyncHandler.js:4:21[39m
[31m    at Layer.handle [as handle_request] (C:\Users\admin\Downloads\nib_hr\backend\node_modules\express\lib\router\layer.js:95:5)[39m
[31m    at next (C:\Users\admin\Downloads\nib_hr\backend\node_modules\express\lib\router\route.js:149:13)[39m
[31m    at C:\Users\admin\Downloads\nib_hr\backend\middleware\audit.middleware.js:98:5[39m
[31m    at Layer.handle [as handle_request] (C:\Users\admin\Downloads\nib_hr\backend\node_modules\express\lib\router\layer.js:95:5)[39m
[31m    at next (C:\Users\admin\Downloads\nib_hr\backend\node_modules\express\lib\router\route.js:149:13)[39m
[31m    at Route.dispatch (C:\Users\admin\Downloads\nib_hr\backend\node_modules\express\lib\router\route.js:119:3)[39m
[31m    at Layer.handle [as handle_request] (C:\Users\admin\Downloads\nib_hr\backend\node_modules\express\lib\router\layer.js:95:5)[39m
2026-09-11 16:19:53:1953 [31merror[39m: [31mGET /api/table/exit_requests - Error: Access restricted: Table 'exit_requests' is not in the whitelist.[39m
[31mStack: Error: Access restricted: Table 'exit_requests' is not in the whitelist.[39m
[31m    at validateTableName (C:\Users\admin\Downloads\nib_hr\backend\controllers\core\table.controller.js:1467:11)[39m
[31m    at C:\Users\admin\Downloads\nib_hr\backend\controllers\core\table.controller.js:1474:21[39m
[31m    at C:\Users\admin\Downloads\nib_hr\backend\utils\asyncHandler.js:4:21[39m
[31m    at Layer.handle [as handle_request] (C:\Users\admin\Downloads\nib_hr\backend\node_modules\express\lib\router\layer.js:95:5)[39m
[31m    at next (C:\Users\admin\Downloads\nib_hr\backend\node_modules\express\lib\router\route.js:149:13)[39m
[31m    at C:\Users\admin\Downloads\nib_hr\backend\middleware\audit.middleware.js:98:5[39m
[31m    at Layer.handle [as handle_request] (C:\Users\admin\Downloads\nib_hr\backend\node_modules\express\lib\router\layer.js:95:5)[39m
[31m    at next (C:\Users\admin\Downloads\nib_hr\backend\node_modules\express\lib\router\route.js:149:13)[39m
[31m    at Route.dispatch (C:\Users\admin\Downloads\nib_hr\backend\node_modules\express\lib\router\route.js:119:3)[39m
[31m    at Layer.handle [as handle_request] (C:\Users\admin\Downloads\nib_hr\backend\node_modules\express\lib\router\layer.js:95:5)[39m
2026-09-11 16:19:53:1953 [31merror[39m: [31mGET /api/table/exit_requests - Error: Access restricted: Table 'exit_requests' is not in the whitelist.[39m
[31mStack: Error: Access restricted: Table 'exit_requests' is not in the whitelist.[39m
[31m    at validateTableName (C:\Users\admin\Downloads\nib_hr\backend\controllers\core\table.controller.js:1467:11)[39m
[31m    at C:\Users\admin\Downloads\nib_hr\backend\controllers\core\table.controller.js:1474:21[39m
[31m    at C:\Users\admin\Downloads\nib_hr\backend\utils\asyncHandler.js:4:21[39m
[31m    at Layer.handle [as handle_request] (C:\Users\admin\Downloads\nib_hr\backend\node_modules\express\lib\router\layer.js:95:5)[39m
[31m    at next (C:\Users\admin\Downloads\nib_hr\backend\node_modules\express\lib\router\route.js:149:13)[39m
[31m    at C:\Users\admin\Downloads\nib_hr\backend\middleware\audit.middleware.js:98:5[39m
[31m    at Layer.handle [as handle_request] (C:\Users\admin\Downloads\nib_hr\backend\node_modules\express\lib\router\layer.js:95:5)[39m
[31m    at next (C:\Users\admin\Downloads\nib_hr\backend\node_modules\express\lib\router\route.js:149:13)[39m
[31m    at Route.dispatch (C:\Users\admin\Downloads\nib_hr\backend\node_modules\express\lib\router\route.js:119:3)[39m
[31m    at Layer.handle [as handle_request] (C:\Users\admin\Downloads\nib_hr\backend\node_modules\express\lib\router\layer.js:95:5)[39m
2026-09-11 16:31:03:313 [31merror[39m: [31mGET /api/table/documents - Error: Access restricted: Table 'documents' is not in the whitelist.[39m
[31mStack: Error: Access restricted: Table 'documents' is not in the whitelist.[39m
[31m    at validateTableName (C:\Users\admin\Downloads\nib_hr\backend\controllers\core\table.controller.js:1467:11)[39m
[31m    at C:\Users\admin\Downloads\nib_hr\backend\controllers\core\table.controller.js:1474:21[39m
[31m    at C:\Users\admin\Downloads\nib_hr\backend\utils\asyncHandler.js:4:21[39m
[31m    at Layer.handle [as handle_request] (C:\Users\admin\Downloads\nib_hr\backend\node_modules\express\lib\router\layer.js:95:5)[39m
[31m    at next (C:\Users\admin\Downloads\nib_hr\backend\node_modules\express\lib\router\route.js:149:13)[39m
[31m    at C:\Users\admin\Downloads\nib_hr\backend\middleware\audit.middleware.js:98:5[39m
[31m    at Layer.handle [as handle_request] (C:\Users\admin\Downloads\nib_hr\backend\node_modules\express\lib\router\layer.js:95:5)[39m
[31m    at next (C:\Users\admin\Downloads\nib_hr\backend\node_modules\express\lib\router\route.js:149:13)[39m
[31m    at Route.dispatch (C:\Users\admin\Downloads\nib_hr\backend\node_modules\express\lib\router\route.js:119:3)[39m
[31m    at Layer.handle [as handle_request] (C:\Users\admin\Downloads\nib_hr\backend\node_modules\express\lib\router\layer.js:95:5)[39m
2026-09-11 16:31:03:313 [31merror[39m: [31mGET /api/table/exit_requests - Error: Access restricted: Table 'exit_requests' is not in the whitelist.[39m
[31mStack: Error: Access restricted: Table 'exit_requests' is not in the whitelist.[39m
[31m    at validateTableName (C:\Users\admin\Downloads\nib_hr\backend\controllers\core\table.controller.js:1467:11)[39m
[31m    at C:\Users\admin\Downloads\nib_hr\backend\controllers\core\table.controller.js:1474:21[39m
[31m    at C:\Users\admin\Downloads\nib_hr\backend\utils\asyncHandler.js:4:21[39m
[31m    at Layer.handle [as handle_request] (C:\Users\admin\Downloads\nib_hr\backend\node_modules\express\lib\router\layer.js:95:5)[39m
[31m    at next (C:\Users\admin\Downloads\nib_hr\backend\node_modules\express\lib\router\route.js:149:13)[39m
[31m    at C:\Users\admin\Downloads\nib_hr\backend\middleware\audit.middleware.js:98:5[39m
[31m    at Layer.handle [as handle_request] (C:\Users\admin\Downloads\nib_hr\backend\node_modules\express\lib\router\layer.js:95:5)[39m
[31m    at next (C:\Users\admin\Downloads\nib_hr\backend\node_modules\express\lib\router\route.js:149:13)[39m
[31m    at Route.dispatch (C:\Users\admin\Downloads\nib_hr\backend\node_modules\express\lib\router\route.js:119:3)[39m
[31m    at Layer.handle [as handle_request] (C:\Users\admin\Downloads\nib_hr\backend\node_modules\express\lib\router\layer.js:95:5)[39m
2026-09-11 16:31:04:314 [31merror[39m: [31mGET /api/table/notice_periods - Error: Access restricted: Table 'notice_periods' is not in the whitelist.[39m
[31mStack: Error: Access restricted: Table 'notice_periods' is not in the whitelist.[39m
[31m    at validateTableName (C:\Users\admin\Downloads\nib_hr\backend\controllers\core\table.controller.js:1467:11)[39m
[31m    at C:\Users\admin\Downloads\nib_hr\backend\controllers\core\table.controller.js:1474:21[39m
[31m    at C:\Users\admin\Downloads\nib_hr\backend\utils\asyncHandler.js:4:21[39m
[31m    at Layer.handle [as handle_request] (C:\Users\admin\Downloads\nib_hr\backend\node_modules\express\lib\router\layer.js:95:5)[39m
[31m    at next (C:\Users\admin\Downloads\nib_hr\backend\node_modules\express\lib\router\route.js:149:13)[39m
[31m    at C:\Users\admin\Downloads\nib_hr\backend\middleware\audit.middleware.js:98:5[39m
[31m    at Layer.handle [as handle_request] (C:\Users\admin\Downloads\nib_hr\backend\node_modules\express\lib\router\layer.js:95:5)[39m
[31m    at next (C:\Users\admin\Downloads\nib_hr\backend\node_modules\express\lib\router\route.js:149:13)[39m
[31m    at Route.dispatch (C:\Users\admin\Downloads\nib_hr\backend\node_modules\express\lib\router\route.js:119:3)[39m
[31m    at Layer.handle [as handle_request] (C:\Users\admin\Downloads\nib_hr\backend\node_modules\express\lib\router\layer.js:95:5)[39m
2026-09-11 16:31:04:314 [31merror[39m: [31mGET /api/table/exit_clearances - Error: Access restricted: Table 'exit_clearances' is not in the whitelist.[39m
[31mStack: Error: Access restricted: Table 'exit_clearances' is not in the whitelist.[39m
[31m    at validateTableName (C:\Users\admin\Downloads\nib_hr\backend\controllers\core\table.controller.js:1467:11)[39m
[31m    at C:\Users\admin\Downloads\nib_hr\backend\controllers\core\table.controller.js:1474:21[39m
[31m    at C:\Users\admin\Downloads\nib_hr\backend\utils\asyncHandler.js:4:21[39m
[31m    at Layer.handle [as handle_request] (C:\Users\admin\Downloads\nib_hr\backend\node_modules\express\lib\router\layer.js:95:5)[39m
[31m    at next (C:\Users\admin\Downloads\nib_hr\backend\node_modules\express\lib\router\route.js:149:13)[39m
[31m    at C:\Users\admin\Downloads\nib_hr\backend\middleware\audit.middleware.js:98:5[39m
[31m    at Layer.handle [as handle_request] (C:\Users\admin\Downloads\nib_hr\backend\node_modules\express\lib\router\layer.js:95:5)[39m
[31m    at next (C:\Users\admin\Downloads\nib_hr\backend\node_modules\express\lib\router\route.js:149:13)[39m
[31m    at Route.dispatch (C:\Users\admin\Downloads\nib_hr\backend\node_modules\express\lib\router\route.js:119:3)[39m
[31m    at Layer.handle [as handle_request] (C:\Users\admin\Downloads\nib_hr\backend\node_modules\express\lib\router\layer.js:95:5)[39m
2026-09-11 16:31:04:314 [31merror[39m: [31mGET /api/table/asset_returns - Error: Access restricted: Table 'asset_returns' is not in the whitelist.[39m
[31mStack: Error: Access restricted: Table 'asset_returns' is not in the whitelist.[39m
[31m    at validateTableName (C:\Users\admin\Downloads\nib_hr\backend\controllers\core\table.controller.js:1467:11)[39m
[31m    at C:\Users\admin\Downloads\nib_hr\backend\controllers\core\table.controller.js:1474:21[39m
[31m    at C:\Users\admin\Downloads\nib_hr\backend\utils\asyncHandler.js:4:21[39m
[31m    at Layer.handle [as handle_request] (C:\Users\admin\Downloads\nib_hr\backend\node_modules\express\lib\router\layer.js:95:5)[39m
[31m    at next (C:\Users\admin\Downloads\nib_hr\backend\node_modules\express\lib\router\route.js:149:13)[39m
[31m    at C:\Users\admin\Downloads\nib_hr\backend\middleware\audit.middleware.js:98:5[39m
[31m    at Layer.handle [as handle_request] (C:\Users\admin\Downloads\nib_hr\backend\node_modules\express\lib\router\layer.js:95:5)[39m
[31m    at next (C:\Users\admin\Downloads\nib_hr\backend\node_modules\express\lib\router\route.js:149:13)[39m
[31m    at Route.dispatch (C:\Users\admin\Downloads\nib_hr\backend\node_modules\express\lib\router\route.js:119:3)[39m
[31m    at Layer.handle [as handle_request] (C:\Users\admin\Downloads\nib_hr\backend\node_modules\express\lib\router\layer.js:95:5)[39m
2026-09-11 16:31:04:314 [31merror[39m: [31mGET /api/table/no_dues - Error: Access restricted: Table 'no_dues' is not in the whitelist.[39m
[31mStack: Error: Access restricted: Table 'no_dues' is not in the whitelist.[39m
[31m    at validateTableName (C:\Users\admin\Downloads\nib_hr\backend\controllers\core\table.controller.js:1467:11)[39m
[31m    at C:\Users\admin\Downloads\nib_hr\backend\controllers\core\table.controller.js:1474:21[39m
[31m    at C:\Users\admin\Downloads\nib_hr\backend\utils\asyncHandler.js:4:21[39m
[31m    at Layer.handle [as handle_request] (C:\Users\admin\Downloads\nib_hr\backend\node_modules\express\lib\router\layer.js:95:5)[39m
[31m    at next (C:\Users\admin\Downloads\nib_hr\backend\node_modules\express\lib\router\route.js:149:13)[39m
[31m    at C:\Users\admin\Downloads\nib_hr\backend\middleware\audit.middleware.js:98:5[39m
[31m    at Layer.handle [as handle_request] (C:\Users\admin\Downloads\nib_hr\backend\node_modules\express\lib\router\layer.js:95:5)[39m
[31m    at next (C:\Users\admin\Downloads\nib_hr\backend\node_modules\express\lib\router\route.js:149:13)[39m
[31m    at Route.dispatch (C:\Users\admin\Downloads\nib_hr\backend\node_modules\express\lib\router\route.js:119:3)[39m
[31m    at Layer.handle [as handle_request] (C:\Users\admin\Downloads\nib_hr\backend\node_modules\express\lib\router\layer.js:95:5)[39m
2026-09-11 16:31:04:314 [31merror[39m: [31mGET /api/table/fnf_settlements - Error: Access restricted: Table 'fnf_settlements' is not in the whitelist.[39m
[31mStack: Error: Access restricted: Table 'fnf_settlements' is not in the whitelist.[39m
[31m    at validateTableName (C:\Users\admin\Downloads\nib_hr\backend\controllers\core\table.controller.js:1467:11)[39m
[31m    at C:\Users\admin\Downloads\nib_hr\backend\controllers\core\table.controller.js:1474:21[39m
[31m    at C:\Users\admin\Downloads\nib_hr\backend\utils\asyncHandler.js:4:21[39m
[31m    at Layer.handle [as handle_request] (C:\Users\admin\Downloads\nib_hr\backend\node_modules\express\lib\router\layer.js:95:5)[39m
[31m    at next (C:\Users\admin\Downloads\nib_hr\backend\node_modules\express\lib\router\route.js:149:13)[39m
[31m    at C:\Users\admin\Downloads\nib_hr\backend\middleware\audit.middleware.js:98:5[39m
[31m    at Layer.handle [as handle_request] (C:\Users\admin\Downloads\nib_hr\backend\node_modules\express\lib\router\layer.js:95:5)[39m
[31m    at next (C:\Users\admin\Downloads\nib_hr\backend\node_modules\express\lib\router\route.js:149:13)[39m
[31m    at Route.dispatch (C:\Users\admin\Downloads\nib_hr\backend\node_modules\express\lib\router\route.js:119:3)[39m
[31m    at Layer.handle [as handle_request] (C:\Users\admin\Downloads\nib_hr\backend\node_modules\express\lib\router\layer.js:95:5)[39m
2026-09-11 16:31:04:314 [31merror[39m: [31mGET /api/table/exit_interviews - Error: Access restricted: Table 'exit_interviews' is not in the whitelist.[39m
[31mStack: Error: Access restricted: Table 'exit_interviews' is not in the whitelist.[39m
[31m    at validateTableName (C:\Users\admin\Downloads\nib_hr\backend\controllers\core\table.controller.js:1467:11)[39m
[31m    at C:\Users\admin\Downloads\nib_hr\backend\controllers\core\table.controller.js:1474:21[39m
[31m    at C:\Users\admin\Downloads\nib_hr\backend\utils\asyncHandler.js:4:21[39m
[31m    at Layer.handle [as handle_request] (C:\Users\admin\Downloads\nib_hr\backend\node_modules\express\lib\router\layer.js:95:5)[39m
[31m    at next (C:\Users\admin\Downloads\nib_hr\backend\node_modules\express\lib\router\route.js:149:13)[39m
[31m    at C:\Users\admin\Downloads\nib_hr\backend\middleware\audit.middleware.js:98:5[39m
[31m    at Layer.handle [as handle_request] (C:\Users\admin\Downloads\nib_hr\backend\node_modules\express\lib\router\layer.js:95:5)[39m
[31m    at next (C:\Users\admin\Downloads\nib_hr\backend\node_modules\express\lib\router\route.js:149:13)[39m
[31m    at Route.dispatch (C:\Users\admin\Downloads\nib_hr\backend\node_modules\express\lib\router\route.js:119:3)[39m
[31m    at Layer.handle [as handle_request] (C:\Users\admin\Downloads\nib_hr\backend\node_modules\express\lib\router\layer.js:95:5)[39m
2026-09-11 16:31:04:314 [31merror[39m: [31mGET /api/table/experience_letters - Error: Access restricted: Table 'experience_letters' is not in the whitelist.[39m
[31mStack: Error: Access restricted: Table 'experience_letters' is not in the whitelist.[39m
[31m    at validateTableName (C:\Users\admin\Downloads\nib_hr\backend\controllers\core\table.controller.js:1467:11)[39m
[31m    at C:\Users\admin\Downloads\nib_hr\backend\controllers\core\table.controller.js:1474:21[39m
[31m    at C:\Users\admin\Downloads\nib_hr\backend\utils\asyncHandler.js:4:21[39m
[31m    at Layer.handle [as handle_request] (C:\Users\admin\Downloads\nib_hr\backend\node_modules\express\lib\router\layer.js:95:5)[39m
[31m    at next (C:\Users\admin\Downloads\nib_hr\backend\node_modules\express\lib\router\route.js:149:13)[39m
[31m    at C:\Users\admin\Downloads\nib_hr\backend\middleware\audit.middleware.js:98:5[39m
[31m    at Layer.handle [as handle_request] (C:\Users\admin\Downloads\nib_hr\backend\node_modules\express\lib\router\layer.js:95:5)[39m
[31m    at next (C:\Users\admin\Downloads\nib_hr\backend\node_modules\express\lib\router\route.js:149:13)[39m
[31m    at Route.dispatch (C:\Users\admin\Downloads\nib_hr\backend\node_modules\express\lib\router\route.js:119:3)[39m
[31m    at Layer.handle [as handle_request] (C:\Users\admin\Downloads\nib_hr\backend\node_modules\express\lib\router\layer.js:95:5)[39m
2026-09-11 16:31:04:314 [31merror[39m: [31mGET /api/table/documents - Error: Access restricted: Table 'documents' is not in the whitelist.[39m
[31mStack: Error: Access restricted: Table 'documents' is not in the whitelist.[39m
[31m    at validateTableName (C:\Users\admin\Downloads\nib_hr\backend\controllers\core\table.controller.js:1467:11)[39m
[31m    at C:\Users\admin\Downloads\nib_hr\backend\controllers\core\table.controller.js:1474:21[39m
[31m    at C:\Users\admin\Downloads\nib_hr\backend\utils\asyncHandler.js:4:21[39m
[31m    at Layer.handle [as handle_request] (C:\Users\admin\Downloads\nib_hr\backend\node_modules\express\lib\router\layer.js:95:5)[39m
[31m    at next (C:\Users\admin\Downloads\nib_hr\backend\node_modules\express\lib\router\route.js:149:13)[39m
[31m    at C:\Users\admin\Downloads\nib_hr\backend\middleware\audit.middleware.js:98:5[39m
[31m    at Layer.handle [as handle_request] (C:\Users\admin\Downloads\nib_hr\backend\node_modules\express\lib\router\layer.js:95:5)[39m
[31m    at next (C:\Users\admin\Downloads\nib_hr\backend\node_modules\express\lib\router\route.js:149:13)[39m
[31m    at Route.dispatch (C:\Users\admin\Downloads\nib_hr\backend\node_modules\express\lib\router\route.js:119:3)[39m
[31m    at Layer.handle [as handle_request] (C:\Users\admin\Downloads\nib_hr\backend\node_modules\express\lib\router\layer.js:95:5)[39m
2026-09-11 16:31:04:314 [31merror[39m: [31mGET /api/table/exit_requests - Error: Access restricted: Table 'exit_requests' is not in the whitelist.[39m
[31mStack: Error: Access restricted: Table 'exit_requests' is not in the whitelist.[39m
[31m    at validateTableName (C:\Users\admin\Downloads\nib_hr\backend\controllers\core\table.controller.js:1467:11)[39m
[31m    at C:\Users\admin\Downloads\nib_hr\backend\controllers\core\table.controller.js:1474:21[39m
[31m    at C:\Users\admin\Downloads\nib_hr\backend\utils\asyncHandler.js:4:21[39m
[31m    at Layer.handle [as handle_request] (C:\Users\admin\Downloads\nib_hr\backend\node_modules\express\lib\router\layer.js:95:5)[39m
[31m    at next (C:\Users\admin\Downloads\nib_hr\backend\node_modules\express\lib\router\route.js:149:13)[39m
[31m    at C:\Users\admin\Downloads\nib_hr\backend\middleware\audit.middleware.js:98:5[39m
[31m    at Layer.handle [as handle_request] (C:\Users\admin\Downloads\nib_hr\backend\node_modules\express\lib\router\layer.js:95:5)[39m
[31m    at next (C:\Users\admin\Downloads\nib_hr\backend\node_modules\express\lib\router\route.js:149:13)[39m
[31m    at Route.dispatch (C:\Users\admin\Downloads\nib_hr\backend\node_modules\express\lib\router\route.js:119:3)[39m
[31m    at Layer.handle [as handle_request] (C:\Users\admin\Downloads\nib_hr\backend\node_modules\express\lib\router\layer.js:95:5)[39m
2026-09-11 16:31:04:314 [31merror[39m: [31mGET /api/table/notice_periods - Error: Access restricted: Table 'notice_periods' is not in the whitelist.[39m
[31mStack: Error: Access restricted: Table 'notice_periods' is not in the whitelist.[39m
[31m    at validateTableName (C:\Users\admin\Downloads\nib_hr\backend\controllers\core\table.controller.js:1467:11)[39m
[31m    at C:\Users\admin\Downloads\nib_hr\backend\controllers\core\table.controller.js:1474:21[39m
[31m    at C:\Users\admin\Downloads\nib_hr\backend\utils\asyncHandler.js:4:21[39m
[31m    at Layer.handle [as handle_request] (C:\Users\admin\Downloads\nib_hr\backend\node_modules\express\lib\router\layer.js:95:5)[39m
[31m    at next (C:\Users\admin\Downloads\nib_hr\backend\node_modules\express\lib\router\route.js:149:13)[39m
[31m    at C:\Users\admin\Downloads\nib_hr\backend\middleware\audit.middleware.js:98:5[39m
[31m    at Layer.handle [as handle_request] (C:\Users\admin\Downloads\nib_hr\backend\node_modules\express\lib\router\layer.js:95:5)[39m
[31m    at next (C:\Users\admin\Downloads\nib_hr\backend\node_modules\express\lib\router\route.js:149:13)[39m
[31m    at Route.dispatch (C:\Users\admin\Downloads\nib_hr\backend\node_modules\express\lib\router\route.js:119:3)[39m
[31m    at Layer.handle [as handle_request] (C:\Users\admin\Downloads\nib_hr\backend\node_modules\express\lib\router\layer.js:95:5)[39m
2026-09-11 16:31:04:314 [31merror[39m: [31mGET /api/table/exit_clearances - Error: Access restricted: Table 'exit_clearances' is not in the whitelist.[39m
[31mStack: Error: Access restricted: Table 'exit_clearances' is not in the whitelist.[39m
[31m    at validateTableName (C:\Users\admin\Downloads\nib_hr\backend\controllers\core\table.controller.js:1467:11)[39m
[31m    at C:\Users\admin\Downloads\nib_hr\backend\controllers\core\table.controller.js:1474:21[39m
[31m    at C:\Users\admin\Downloads\nib_hr\backend\utils\asyncHandler.js:4:21[39m
[31m    at Layer.handle [as handle_request] (C:\Users\admin\Downloads\nib_hr\backend\node_modules\express\lib\router\layer.js:95:5)[39m
[31m    at next (C:\Users\admin\Downloads\nib_hr\backend\node_modules\express\lib\router\route.js:149:13)[39m
[31m    at C:\Users\admin\Downloads\nib_hr\backend\middleware\audit.middleware.js:98:5[39m
[31m    at Layer.handle [as handle_request] (C:\Users\admin\Downloads\nib_hr\backend\node_modules\express\lib\router\layer.js:95:5)[39m
[31m    at next (C:\Users\admin\Downloads\nib_hr\backend\node_modules\express\lib\router\route.js:149:13)[39m
[31m    at Route.dispatch (C:\Users\admin\Downloads\nib_hr\backend\node_modules\express\lib\router\route.js:119:3)[39m
[31m    at Layer.handle [as handle_request] (C:\Users\admin\Downloads\nib_hr\backend\node_modules\express\lib\router\layer.js:95:5)[39m
2026-09-11 16:31:04:314 [31merror[39m: [31mGET /api/table/asset_returns - Error: Access restricted: Table 'asset_returns' is not in the whitelist.[39m
[31mStack: Error: Access restricted: Table 'asset_returns' is not in the whitelist.[39m
[31m    at validateTableName (C:\Users\admin\Downloads\nib_hr\backend\controllers\core\table.controller.js:1467:11)[39m
[31m    at C:\Users\admin\Downloads\nib_hr\backend\controllers\core\table.controller.js:1474:21[39m
[31m    at C:\Users\admin\Downloads\nib_hr\backend\utils\asyncHandler.js:4:21[39m
[31m    at Layer.handle [as handle_request] (C:\Users\admin\Downloads\nib_hr\backend\node_modules\express\lib\router\layer.js:95:5)[39m
[31m    at next (C:\Users\admin\Downloads\nib_hr\backend\node_modules\express\lib\router\route.js:149:13)[39m
[31m    at C:\Users\admin\Downloads\nib_hr\backend\middleware\audit.middleware.js:98:5[39m
[31m    at Layer.handle [as handle_request] (C:\Users\admin\Downloads\nib_hr\backend\node_modules\express\lib\router\layer.js:95:5)[39m
[31m    at next (C:\Users\admin\Downloads\nib_hr\backend\node_modules\express\lib\router\route.js:149:13)[39m
[31m    at Route.dispatch (C:\Users\admin\Downloads\nib_hr\backend\node_modules\express\lib\router\route.js:119:3)[39m
[31m    at Layer.handle [as handle_request] (C:\Users\admin\Downloads\nib_hr\backend\node_modules\express\lib\router\layer.js:95:5)[39m
2026-09-11 16:31:04:314 [31merror[39m: [31mGET /api/table/no_dues - Error: Access restricted: Table 'no_dues' is not in the whitelist.[39m
[31mStack: Error: Access restricted: Table 'no_dues' is not in the whitelist.[39m
[31m    at validateTableName (C:\Users\admin\Downloads\nib_hr\backend\controllers\core\table.controller.js:1467:11)[39m
[31m    at C:\Users\admin\Downloads\nib_hr\backend\controllers\core\table.controller.js:1474:21[39m
[31m    at C:\Users\admin\Downloads\nib_hr\backend\utils\asyncHandler.js:4:21[39m
[31m    at Layer.handle [as handle_request] (C:\Users\admin\Downloads\nib_hr\backend\node_modules\express\lib\router\layer.js:95:5)[39m
[31m    at next (C:\Users\admin\Downloads\nib_hr\backend\node_modules\express\lib\router\route.js:149:13)[39m
[31m    at C:\Users\admin\Downloads\nib_hr\backend\middleware\audit.middleware.js:98:5[39m
[31m    at Layer.handle [as handle_request] (C:\Users\admin\Downloads\nib_hr\backend\node_modules\express\lib\router\layer.js:95:5)[39m
[31m    at next (C:\Users\admin\Downloads\nib_hr\backend\node_modules\express\lib\router\route.js:149:13)[39m
[31m    at Route.dispatch (C:\Users\admin\Downloads\nib_hr\backend\node_modules\express\lib\router\route.js:119:3)[39m
[31m    at Layer.handle [as handle_request] (C:\Users\admin\Downloads\nib_hr\backend\node_modules\express\lib\router\layer.js:95:5)[39m
2026-09-11 16:31:04:314 [31merror[39m: [31mGET /api/table/fnf_settlements - Error: Access restricted: Table 'fnf_settlements' is not in the whitelist.[39m
[31mStack: Error: Access restricted: Table 'fnf_settlements' is not in the whitelist.[39m
[31m    at validateTableName (C:\Users\admin\Downloads\nib_hr\backend\controllers\core\table.controller.js:1467:11)[39m
[31m    at C:\Users\admin\Downloads\nib_hr\backend\controllers\core\table.controller.js:1474:21[39m
[31m    at C:\Users\admin\Downloads\nib_hr\backend\utils\asyncHandler.js:4:21[39m
[31m    at Layer.handle [as handle_request] (C:\Users\admin\Downloads\nib_hr\backend\node_modules\express\lib\router\layer.js:95:5)[39m
[31m    at next (C:\Users\admin\Downloads\nib_hr\backend\node_modules\express\lib\router\route.js:149:13)[39m
[31m    at C:\Users\admin\Downloads\nib_hr\backend\middleware\audit.middleware.js:98:5[39m
[31m    at Layer.handle [as handle_request] (C:\Users\admin\Downloads\nib_hr\backend\node_modules\express\lib\router\layer.js:95:5)[39m
[31m    at next (C:\Users\admin\Downloads\nib_hr\backend\node_modules\express\lib\router\route.js:149:13)[39m
[31m    at Route.dispatch (C:\Users\admin\Downloads\nib_hr\backend\node_modules\express\lib\router\route.js:119:3)[39m
[31m    at Layer.handle [as handle_request] (C:\Users\admin\Downloads\nib_hr\backend\node_modules\express\lib\router\layer.js:95:5)[39m
2026-09-11 16:31:04:314 [31merror[39m: [31mGET /api/table/exit_interviews - Error: Access restricted: Table 'exit_interviews' is not in the whitelist.[39m
[31mStack: Error: Access restricted: Table 'exit_interviews' is not in the whitelist.[39m
[31m    at validateTableName (C:\Users\admin\Downloads\nib_hr\backend\controllers\core\table.controller.js:1467:11)[39m
[31m    at C:\Users\admin\Downloads\nib_hr\backend\controllers\core\table.controller.js:1474:21[39m
[31m    at C:\Users\admin\Downloads\nib_hr\backend\utils\asyncHandler.js:4:21[39m
[31m    at Layer.handle [as handle_request] (C:\Users\admin\Downloads\nib_hr\backend\node_modules\express\lib\router\layer.js:95:5)[39m
[31m    at next (C:\Users\admin\Downloads\nib_hr\backend\node_modules\express\lib\router\route.js:149:13)[39m
[31m    at C:\Users\admin\Downloads\nib_hr\backend\middleware\audit.middleware.js:98:5[39m
[31m    at Layer.handle [as handle_request] (C:\Users\admin\Downloads\nib_hr\backend\node_modules\express\lib\router\layer.js:95:5)[39m
[31m    at next (C:\Users\admin\Downloads\nib_hr\backend\node_modules\express\lib\router\route.js:149:13)[39m
[31m    at Route.dispatch (C:\Users\admin\Downloads\nib_hr\backend\node_modules\express\lib\router\route.js:119:3)[39m
[31m    at Layer.handle [as handle_request] (C:\Users\admin\Downloads\nib_hr\backend\node_modules\express\lib\router\layer.js:95:5)[39m
2026-09-11 16:31:04:314 [31merror[39m: [31mGET /api/table/experience_letters - Error: Access restricted: Table 'experience_letters' is not in the whitelist.[39m
[31mStack: Error: Access restricted: Table 'experience_letters' is not in the whitelist.[39m
[31m    at validateTableName (C:\Users\admin\Downloads\nib_hr\backend\controllers\core\table.controller.js:1467:11)[39m
[31m    at C:\Users\admin\Downloads\nib_hr\backend\controllers\core\table.controller.js:1474:21[39m
[31m    at C:\Users\admin\Downloads\nib_hr\backend\utils\asyncHandler.js:4:21[39m
[31m    at Layer.handle [as handle_request] (C:\Users\admin\Downloads\nib_hr\backend\node_modules\express\lib\router\layer.js:95:5)[39m
[31m    at next (C:\Users\admin\Downloads\nib_hr\backend\node_modules\express\lib\router\route.js:149:13)[39m
[31m    at C:\Users\admin\Downloads\nib_hr\backend\middleware\audit.middleware.js:98:5[39m
[31m    at Layer.handle [as handle_request] (C:\Users\admin\Downloads\nib_hr\backend\node_modules\express\lib\router\layer.js:95:5)[39m
[31m    at next (C:\Users\admin\Downloads\nib_hr\backend\node_modules\express\lib\router\route.js:149:13)[39m
[31m    at Route.dispatch (C:\Users\admin\Downloads\nib_hr\backend\node_modules\express\lib\router\route.js:119:3)[39m
[31m    at Layer.handle [as handle_request] (C:\Users\admin\Downloads\nib_hr\backend\node_modules\express\lib\router\layer.js:95:5)[39m
2026-09-11 16:31:05:315 [31merror[39m: [31mGET /api/table/exit_requests - Error: Access restricted: Table 'exit_requests' is not in the whitelist.[39m
[31mStack: Error: Access restricted: Table 'exit_requests' is not in the whitelist.[39m
[31m    at validateTableName (C:\Users\admin\Downloads\nib_hr\backend\controllers\core\table.controller.js:1467:11)[39m
[31m    at C:\Users\admin\Downloads\nib_hr\backend\controllers\core\table.controller.js:1474:21[39m
[31m    at C:\Users\admin\Downloads\nib_hr\backend\utils\asyncHandler.js:4:21[39m
[31m    at Layer.handle [as handle_request] (C:\Users\admin\Downloads\nib_hr\backend\node_modules\express\lib\router\layer.js:95:5)[39m
[31m    at next (C:\Users\admin\Downloads\nib_hr\backend\node_modules\express\lib\router\route.js:149:13)[39m
[31m    at C:\Users\admin\Downloads\nib_hr\backend\middleware\audit.middleware.js:98:5[39m
[31m    at Layer.handle [as handle_request] (C:\Users\admin\Downloads\nib_hr\backend\node_modules\express\lib\router\layer.js:95:5)[39m
[31m    at next (C:\Users\admin\Downloads\nib_hr\backend\node_modules\express\lib\router\route.js:149:13)[39m
[31m    at Route.dispatch (C:\Users\admin\Downloads\nib_hr\backend\node_modules\express\lib\router\route.js:119:3)[39m
[31m    at Layer.handle [as handle_request] (C:\Users\admin\Downloads\nib_hr\backend\node_modules\express\lib\router\layer.js:95:5)[39m
2026-09-11 16:31:06:316 [31merror[39m: [31mGET /api/table/exit_requests - Error: Access restricted: Table 'exit_requests' is not in the whitelist.[39m
[31mStack: Error: Access restricted: Table 'exit_requests' is not in the whitelist.[39m
[31m    at validateTableName (C:\Users\admin\Downloads\nib_hr\backend\controllers\core\table.controller.js:1467:11)[39m
[31m    at C:\Users\admin\Downloads\nib_hr\backend\controllers\core\table.controller.js:1474:21[39m
[31m    at C:\Users\admin\Downloads\nib_hr\backend\utils\asyncHandler.js:4:21[39m
[31m    at Layer.handle [as handle_request] (C:\Users\admin\Downloads\nib_hr\backend\node_modules\express\lib\router\layer.js:95:5)[39m
[31m    at next (C:\Users\admin\Downloads\nib_hr\backend\node_modules\express\lib\router\route.js:149:13)[39m
[31m    at C:\Users\admin\Downloads\nib_hr\backend\middleware\audit.middleware.js:98:5[39m
[31m    at Layer.handle [as handle_request] (C:\Users\admin\Downloads\nib_hr\backend\node_modules\express\lib\router\layer.js:95:5)[39m
[31m    at next (C:\Users\admin\Downloads\nib_hr\backend\node_modules\express\lib\router\route.js:149:13)[39m
[31m    at Route.dispatch (C:\Users\admin\Downloads\nib_hr\backend\node_modules\express\lib\router\route.js:119:3)[39m
[31m    at Layer.handle [as handle_request] (C:\Users\admin\Downloads\nib_hr\backend\node_modules\express\lib\router\layer.js:95:5)[39m
2026-09-11 16:31:06:316 [31merror[39m: [31mGET /api/table/exit_requests - Error: Access restricted: Table 'exit_requests' is not in the whitelist.[39m
[31mStack: Error: Access restricted: Table 'exit_requests' is not in the whitelist.[39m
[31m    at validateTableName (C:\Users\admin\Downloads\nib_hr\backend\controllers\core\table.controller.js:1467:11)[39m
[31m    at C:\Users\admin\Downloads\nib_hr\backend\controllers\core\table.controller.js:1474:21[39m
[31m    at C:\Users\admin\Downloads\nib_hr\backend\utils\asyncHandler.js:4:21[39m
[31m    at Layer.handle [as handle_request] (C:\Users\admin\Downloads\nib_hr\backend\node_modules\express\lib\router\layer.js:95:5)[39m
[31m    at next (C:\Users\admin\Downloads\nib_hr\backend\node_modules\express\lib\router\route.js:149:13)[39m
[31m    at C:\Users\admin\Downloads\nib_hr\backend\middleware\audit.middleware.js:98:5[39m
[31m    at Layer.handle [as handle_request] (C:\Users\admin\Downloads\nib_hr\backend\node_modules\express\lib\router\layer.js:95:5)[39m
[31m    at next (C:\Users\admin\Downloads\nib_hr\backend\node_modules\express\lib\router\route.js:149:13)[39m
[31m    at Route.dispatch (C:\Users\admin\Downloads\nib_hr\backend\node_modules\express\lib\router\route.js:119:3)[39m
[31m    at Layer.handle [as handle_request] (C:\Users\admin\Downloads\nib_hr\backend\node_modules\express\lib\router\layer.js:95:5)[39m
2026-09-11 16:31:06:316 [31merror[39m: [31mGET /api/table/exit_requests - Error: Access restricted: Table 'exit_requests' is not in the whitelist.[39m
[31mStack: Error: Access restricted: Table 'exit_requests' is not in the whitelist.[39m
[31m    at validateTableName (C:\Users\admin\Downloads\nib_hr\backend\controllers\core\table.controller.js:1467:11)[39m
[31m    at C:\Users\admin\Downloads\nib_hr\backend\controllers\core\table.controller.js:1474:21[39m
[31m    at C:\Users\admin\Downloads\nib_hr\backend\utils\asyncHandler.js:4:21[39m
[31m    at Layer.handle [as handle_request] (C:\Users\admin\Downloads\nib_hr\backend\node_modules\express\lib\router\layer.js:95:5)[39m
[31m    at next (C:\Users\admin\Downloads\nib_hr\backend\node_modules\express\lib\router\route.js:149:13)[39m
[31m    at C:\Users\admin\Downloads\nib_hr\backend\middleware\audit.middleware.js:98:5[39m
[31m    at Layer.handle [as handle_request] (C:\Users\admin\Downloads\nib_hr\backend\node_modules\express\lib\router\layer.js:95:5)[39m
[31m    at next (C:\Users\admin\Downloads\nib_hr\backend\node_modules\express\lib\router\route.js:149:13)[39m
[31m    at Route.dispatch (C:\Users\admin\Downloads\nib_hr\backend\node_modules\express\lib\router\route.js:119:3)[39m
[31m    at Layer.handle [as handle_request] (C:\Users\admin\Downloads\nib_hr\backend\node_modules\express\lib\router\layer.js:95:5)[39m
2026-09-11 16:36:38:3638 [31merror[39m: [31mGET /api/table/documents - Error: Access restricted: Table 'documents' is not in the whitelist.[39m
[31mStack: Error: Access restricted: Table 'documents' is not in the whitelist.[39m
[31m    at validateTableName (C:\Users\admin\Downloads\nib_hr\backend\controllers\core\table.controller.js:1467:11)[39m
[31m    at C:\Users\admin\Downloads\nib_hr\backend\controllers\core\table.controller.js:1474:21[39m
[31m    at C:\Users\admin\Downloads\nib_hr\backend\utils\asyncHandler.js:4:21[39m
[31m    at Layer.handle [as handle_request] (C:\Users\admin\Downloads\nib_hr\backend\node_modules\express\lib\router\layer.js:95:5)[39m
[31m    at next (C:\Users\admin\Downloads\nib_hr\backend\node_modules\express\lib\router\route.js:149:13)[39m
[31m    at C:\Users\admin\Downloads\nib_hr\backend\middleware\audit.middleware.js:98:5[39m
[31m    at Layer.handle [as handle_request] (C:\Users\admin\Downloads\nib_hr\backend\node_modules\express\lib\router\layer.js:95:5)[39m
[31m    at next (C:\Users\admin\Downloads\nib_hr\backend\node_modules\express\lib\router\route.js:149:13)[39m
[31m    at Route.dispatch (C:\Users\admin\Downloads\nib_hr\backend\node_modules\express\lib\router\route.js:119:3)[39m
[31m    at Layer.handle [as handle_request] (C:\Users\admin\Downloads\nib_hr\backend\node_modules\express\lib\router\layer.js:95:5)[39m
2026-09-11 16:36:39:3639 [31merror[39m: [31mGET /api/table/documents - Error: Access restricted: Table 'documents' is not in the whitelist.[39m
[31mStack: Error: Access restricted: Table 'documents' is not in the whitelist.[39m
[31m    at validateTableName (C:\Users\admin\Downloads\nib_hr\backend\controllers\core\table.controller.js:1467:11)[39m
[31m    at C:\Users\admin\Downloads\nib_hr\backend\controllers\core\table.controller.js:1474:21[39m
[31m    at C:\Users\admin\Downloads\nib_hr\backend\utils\asyncHandler.js:4:21[39m
[31m    at Layer.handle [as handle_request] (C:\Users\admin\Downloads\nib_hr\backend\node_modules\express\lib\router\layer.js:95:5)[39m
[31m    at next (C:\Users\admin\Downloads\nib_hr\backend\node_modules\express\lib\router\route.js:149:13)[39m
[31m    at C:\Users\admin\Downloads\nib_hr\backend\middleware\audit.middleware.js:98:5[39m
[31m    at Layer.handle [as handle_request] (C:\Users\admin\Downloads\nib_hr\backend\node_modules\express\lib\router\layer.js:95:5)[39m
[31m    at next (C:\Users\admin\Downloads\nib_hr\backend\node_modules\express\lib\router\route.js:149:13)[39m
[31m    at Route.dispatch (C:\Users\admin\Downloads\nib_hr\backend\node_modules\express\lib\router\route.js:119:3)[39m
[31m    at Layer.handle [as handle_request] (C:\Users\admin\Downloads\nib_hr\backend\node_modules\express\lib\router\layer.js:95:5)[39m
2026-09-11 16:36:39:3639 [31merror[39m: [31mGET /api/table/exit_requests - Error: Access restricted: Table 'exit_requests' is not in the whitelist.[39m
[31mStack: Error: Access restricted: Table 'exit_requests' is not in the whitelist.[39m
[31m    at validateTableName (C:\Users\admin\Downloads\nib_hr\backend\controllers\core\table.controller.js:1467:11)[39m
[31m    at C:\Users\admin\Downloads\nib_hr\backend\controllers\core\table.controller.js:1474:21[39m
[31m    at C:\Users\admin\Downloads\nib_hr\backend\utils\asyncHandler.js:4:21[39m
[31m    at Layer.handle [as handle_request] (C:\Users\admin\Downloads\nib_hr\backend\node_modules\express\lib\router\layer.js:95:5)[39m
[31m    at next (C:\Users\admin\Downloads\nib_hr\backend\node_modules\express\lib\router\route.js:149:13)[39m
[31m    at C:\Users\admin\Downloads\nib_hr\backend\middleware\audit.middleware.js:98:5[39m
[31m    at Layer.handle [as handle_request] (C:\Users\admin\Downloads\nib_hr\backend\node_modules\express\lib\router\layer.js:95:5)[39m
[31m    at next (C:\Users\admin\Downloads\nib_hr\backend\node_modules\express\lib\router\route.js:149:13)[39m
[31m    at Route.dispatch (C:\Users\admin\Downloads\nib_hr\backend\node_modules\express\lib\router\route.js:119:3)[39m
[31m    at Layer.handle [as handle_request] (C:\Users\admin\Downloads\nib_hr\backend\node_modules\express\lib\router\layer.js:95:5)[39m
2026-09-11 16:36:39:3639 [31merror[39m: [31mGET /api/table/notice_periods - Error: Access restricted: Table 'notice_periods' is not in the whitelist.[39m
[31mStack: Error: Access restricted: Table 'notice_periods' is not in the whitelist.[39m
[31m    at validateTableName (C:\Users\admin\Downloads\nib_hr\backend\controllers\core\table.controller.js:1467:11)[39m
[31m    at C:\Users\admin\Downloads\nib_hr\backend\controllers\core\table.controller.js:1474:21[39m
[31m    at C:\Users\admin\Downloads\nib_hr\backend\utils\asyncHandler.js:4:21[39m
[31m    at Layer.handle [as handle_request] (C:\Users\admin\Downloads\nib_hr\backend\node_modules\express\lib\router\layer.js:95:5)[39m
[31m    at next (C:\Users\admin\Downloads\nib_hr\backend\node_modules\express\lib\router\route.js:149:13)[39m
[31m    at C:\Users\admin\Downloads\nib_hr\backend\middleware\audit.middleware.js:98:5[39m
[31m    at Layer.handle [as handle_request] (C:\Users\admin\Downloads\nib_hr\backend\node_modules\express\lib\router\layer.js:95:5)[39m
[31m    at next (C:\Users\admin\Downloads\nib_hr\backend\node_modules\express\lib\router\route.js:149:13)[39m
[31m    at Route.dispatch (C:\Users\admin\Downloads\nib_hr\backend\node_modules\express\lib\router\route.js:119:3)[39m
[31m    at Layer.handle [as handle_request] (C:\Users\admin\Downloads\nib_hr\backend\node_modules\express\lib\router\layer.js:95:5)[39m
2026-09-11 16:36:39:3639 [31merror[39m: [31mGET /api/table/exit_clearances - Error: Access restricted: Table 'exit_clearances' is not in the whitelist.[39m
[31mStack: Error: Access restricted: Table 'exit_clearances' is not in the whitelist.[39m
[31m    at validateTableName (C:\Users\admin\Downloads\nib_hr\backend\controllers\core\table.controller.js:1467:11)[39m
[31m    at C:\Users\admin\Downloads\nib_hr\backend\controllers\core\table.controller.js:1474:21[39m
[31m    at C:\Users\admin\Downloads\nib_hr\backend\utils\asyncHandler.js:4:21[39m
[31m    at Layer.handle [as handle_request] (C:\Users\admin\Downloads\nib_hr\backend\node_modules\express\lib\router\layer.js:95:5)[39m
[31m    at next (C:\Users\admin\Downloads\nib_hr\backend\node_modules\express\lib\router\route.js:149:13)[39m
[31m    at C:\Users\admin\Downloads\nib_hr\backend\middleware\audit.middleware.js:98:5[39m
[31m    at Layer.handle [as handle_request] (C:\Users\admin\Downloads\nib_hr\backend\node_modules\express\lib\router\layer.js:95:5)[39m
[31m    at next (C:\Users\admin\Downloads\nib_hr\backend\node_modules\express\lib\router\route.js:149:13)[39m
[31m    at Route.dispatch (C:\Users\admin\Downloads\nib_hr\backend\node_modules\express\lib\router\route.js:119:3)[39m
[31m    at Layer.handle [as handle_request] (C:\Users\admin\Downloads\nib_hr\backend\node_modules\express\lib\router\layer.js:95:5)[39m
2026-09-11 16:36:39:3639 [31merror[39m: [31mGET /api/table/asset_returns - Error: Access restricted: Table 'asset_returns' is not in the whitelist.[39m
[31mStack: Error: Access restricted: Table 'asset_returns' is not in the whitelist.[39m
[31m    at validateTableName (C:\Users\admin\Downloads\nib_hr\backend\controllers\core\table.controller.js:1467:11)[39m
[31m    at C:\Users\admin\Downloads\nib_hr\backend\controllers\core\table.controller.js:1474:21[39m
[31m    at C:\Users\admin\Downloads\nib_hr\backend\utils\asyncHandler.js:4:21[39m
[31m    at Layer.handle [as handle_request] (C:\Users\admin\Downloads\nib_hr\backend\node_modules\express\lib\router\layer.js:95:5)[39m
[31m    at next (C:\Users\admin\Downloads\nib_hr\backend\node_modules\express\lib\router\route.js:149:13)[39m
[31m    at C:\Users\admin\Downloads\nib_hr\backend\middleware\audit.middleware.js:98:5[39m
[31m    at Layer.handle [as handle_request] (C:\Users\admin\Downloads\nib_hr\backend\node_modules\express\lib\router\layer.js:95:5)[39m
[31m    at next (C:\Users\admin\Downloads\nib_hr\backend\node_modules\express\lib\router\route.js:149:13)[39m
[31m    at Route.dispatch (C:\Users\admin\Downloads\nib_hr\backend\node_modules\express\lib\router\route.js:119:3)[39m
[31m    at Layer.handle [as handle_request] (C:\Users\admin\Downloads\nib_hr\backend\node_modules\express\lib\router\layer.js:95:5)[39m
2026-09-11 16:36:39:3639 [31merror[39m: [31mGET /api/table/no_dues - Error: Access restricted: Table 'no_dues' is not in the whitelist.[39m
[31mStack: Error: Access restricted: Table 'no_dues' is not in the whitelist.[39m
[31m    at validateTableName (C:\Users\admin\Downloads\nib_hr\backend\controllers\core\table.controller.js:1467:11)[39m
[31m    at C:\Users\admin\Downloads\nib_hr\backend\controllers\core\table.controller.js:1474:21[39m
[31m    at C:\Users\admin\Downloads\nib_hr\backend\utils\asyncHandler.js:4:21[39m
[31m    at Layer.handle [as handle_request] (C:\Users\admin\Downloads\nib_hr\backend\node_modules\express\lib\router\layer.js:95:5)[39m
[31m    at next (C:\Users\admin\Downloads\nib_hr\backend\node_modules\express\lib\router\route.js:149:13)[39m
[31m    at C:\Users\admin\Downloads\nib_hr\backend\middleware\audit.middleware.js:98:5[39m
[31m    at Layer.handle [as handle_request] (C:\Users\admin\Downloads\nib_hr\backend\node_modules\express\lib\router\layer.js:95:5)[39m
[31m    at next (C:\Users\admin\Downloads\nib_hr\backend\node_modules\express\lib\router\route.js:149:13)[39m
[31m    at Route.dispatch (C:\Users\admin\Downloads\nib_hr\backend\node_modules\express\lib\router\route.js:119:3)[39m
[31m    at Layer.handle [as handle_request] (C:\Users\admin\Downloads\nib_hr\backend\node_modules\express\lib\router\layer.js:95:5)[39m
2026-09-11 16:36:39:3639 [31merror[39m: [31mGET /api/table/fnf_settlements - Error: Access restricted: Table 'fnf_settlements' is not in the whitelist.[39m
[31mStack: Error: Access restricted: Table 'fnf_settlements' is not in the whitelist.[39m
[31m    at validateTableName (C:\Users\admin\Downloads\nib_hr\backend\controllers\core\table.controller.js:1467:11)[39m
[31m    at C:\Users\admin\Downloads\nib_hr\backend\controllers\core\table.controller.js:1474:21[39m
[31m    at C:\Users\admin\Downloads\nib_hr\backend\utils\asyncHandler.js:4:21[39m
[31m    at Layer.handle [as handle_request] (C:\Users\admin\Downloads\nib_hr\backend\node_modules\express\lib\router\layer.js:95:5)[39m
[31m    at next (C:\Users\admin\Downloads\nib_hr\backend\node_modules\express\lib\router\route.js:149:13)[39m
[31m    at C:\Users\admin\Downloads\nib_hr\backend\middleware\audit.middleware.js:98:5[39m
[31m    at Layer.handle [as handle_request] (C:\Users\admin\Downloads\nib_hr\backend\node_modules\express\lib\router\layer.js:95:5)[39m
[31m    at next (C:\Users\admin\Downloads\nib_hr\backend\node_modules\express\lib\router\route.js:149:13)[39m
[31m    at Route.dispatch (C:\Users\admin\Downloads\nib_hr\backend\node_modules\express\lib\router\route.js:119:3)[39m
[31m    at Layer.handle [as handle_request] (C:\Users\admin\Downloads\nib_hr\backend\node_modules\express\lib\router\layer.js:95:5)[39m
2026-09-11 16:36:39:3639 [31merror[39m: [31mGET /api/table/exit_interviews - Error: Access restricted: Table 'exit_interviews' is not in the whitelist.[39m
[31mStack: Error: Access restricted: Table 'exit_interviews' is not in the whitelist.[39m
[31m    at validateTableName (C:\Users\admin\Downloads\nib_hr\backend\controllers\core\table.controller.js:1467:11)[39m
[31m    at C:\Users\admin\Downloads\nib_hr\backend\controllers\core\table.controller.js:1474:21[39m
[31m    at C:\Users\admin\Downloads\nib_hr\backend\utils\asyncHandler.js:4:21[39m
[31m    at Layer.handle [as handle_request] (C:\Users\admin\Downloads\nib_hr\backend\node_modules\express\lib\router\layer.js:95:5)[39m
[31m    at next (C:\Users\admin\Downloads\nib_hr\backend\node_modules\express\lib\router\route.js:149:13)[39m
[31m    at C:\Users\admin\Downloads\nib_hr\backend\middleware\audit.middleware.js:98:5[39m
[31m    at Layer.handle [as handle_request] (C:\Users\admin\Downloads\nib_hr\backend\node_modules\express\lib\router\layer.js:95:5)[39m
[31m    at next (C:\Users\admin\Downloads\nib_hr\backend\node_modules\express\lib\router\route.js:149:13)[39m
[31m    at Route.dispatch (C:\Users\admin\Downloads\nib_hr\backend\node_modules\express\lib\router\route.js:119:3)[39m
[31m    at Layer.handle [as handle_request] (C:\Users\admin\Downloads\nib_hr\backend\node_modules\express\lib\router\layer.js:95:5)[39m
2026-09-11 16:36:39:3639 [31merror[39m: [31mGET /api/table/experience_letters - Error: Access restricted: Table 'experience_letters' is not in the whitelist.[39m
[31mStack: Error: Access restricted: Table 'experience_letters' is not in the whitelist.[39m
[31m    at validateTableName (C:\Users\admin\Downloads\nib_hr\backend\controllers\core\table.controller.js:1467:11)[39m
[31m    at C:\Users\admin\Downloads\nib_hr\backend\controllers\core\table.controller.js:1474:21[39m
[31m    at C:\Users\admin\Downloads\nib_hr\backend\utils\asyncHandler.js:4:21[39m
[31m    at Layer.handle [as handle_request] (C:\Users\admin\Downloads\nib_hr\backend\node_modules\express\lib\router\layer.js:95:5)[39m
[31m    at next (C:\Users\admin\Downloads\nib_hr\backend\node_modules\express\lib\router\route.js:149:13)[39m
[31m    at C:\Users\admin\Downloads\nib_hr\backend\middleware\audit.middleware.js:98:5[39m
[31m    at Layer.handle [as handle_request] (C:\Users\admin\Downloads\nib_hr\backend\node_modules\express\lib\router\layer.js:95:5)[39m
[31m    at next (C:\Users\admin\Downloads\nib_hr\backend\node_modules\express\lib\router\route.js:149:13)[39m
[31m    at Route.dispatch (C:\Users\admin\Downloads\nib_hr\backend\node_modules\express\lib\router\route.js:119:3)[39m
[31m    at Layer.handle [as handle_request] (C:\Users\admin\Downloads\nib_hr\backend\node_modules\express\lib\router\layer.js:95:5)[39m
2026-09-11 16:36:40:3640 [31merror[39m: [31mGET /api/table/exit_requests - Error: Access restricted: Table 'exit_requests' is not in the whitelist.[39m
[31mStack: Error: Access restricted: Table 'exit_requests' is not in the whitelist.[39m
[31m    at validateTableName (C:\Users\admin\Downloads\nib_hr\backend\controllers\core\table.controller.js:1467:11)[39m
[31m    at C:\Users\admin\Downloads\nib_hr\backend\controllers\core\table.controller.js:1474:21[39m
[31m    at C:\Users\admin\Downloads\nib_hr\backend\utils\asyncHandler.js:4:21[39m
[31m    at Layer.handle [as handle_request] (C:\Users\admin\Downloads\nib_hr\backend\node_modules\express\lib\router\layer.js:95:5)[39m
[31m    at next (C:\Users\admin\Downloads\nib_hr\backend\node_modules\express\lib\router\route.js:149:13)[39m
[31m    at C:\Users\admin\Downloads\nib_hr\backend\middleware\audit.middleware.js:98:5[39m
[31m    at Layer.handle [as handle_request] (C:\Users\admin\Downloads\nib_hr\backend\node_modules\express\lib\router\layer.js:95:5)[39m
[31m    at next (C:\Users\admin\Downloads\nib_hr\backend\node_modules\express\lib\router\route.js:149:13)[39m
[31m    at Route.dispatch (C:\Users\admin\Downloads\nib_hr\backend\node_modules\express\lib\router\route.js:119:3)[39m
[31m    at Layer.handle [as handle_request] (C:\Users\admin\Downloads\nib_hr\backend\node_modules\express\lib\router\layer.js:95:5)[39m
2026-09-11 16:36:40:3640 [31merror[39m: [31mGET /api/table/notice_periods - Error: Access restricted: Table 'notice_periods' is not in the whitelist.[39m
[31mStack: Error: Access restricted: Table 'notice_periods' is not in the whitelist.[39m
[31m    at validateTableName (C:\Users\admin\Downloads\nib_hr\backend\controllers\core\table.controller.js:1467:11)[39m
[31m    at C:\Users\admin\Downloads\nib_hr\backend\controllers\core\table.controller.js:1474:21[39m
[31m    at C:\Users\admin\Downloads\nib_hr\backend\utils\asyncHandler.js:4:21[39m
[31m    at Layer.handle [as handle_request] (C:\Users\admin\Downloads\nib_hr\backend\node_modules\express\lib\router\layer.js:95:5)[39m
[31m    at next (C:\Users\admin\Downloads\nib_hr\backend\node_modules\express\lib\router\route.js:149:13)[39m
[31m    at C:\Users\admin\Downloads\nib_hr\backend\middleware\audit.middleware.js:98:5[39m
[31m    at Layer.handle [as handle_request] (C:\Users\admin\Downloads\nib_hr\backend\node_modules\express\lib\router\layer.js:95:5)[39m
[31m    at next (C:\Users\admin\Downloads\nib_hr\backend\node_modules\express\lib\router\route.js:149:13)[39m
[31m    at Route.dispatch (C:\Users\admin\Downloads\nib_hr\backend\node_modules\express\lib\router\route.js:119:3)[39m
[31m    at Layer.handle [as handle_request] (C:\Users\admin\Downloads\nib_hr\backend\node_modules\express\lib\router\layer.js:95:5)[39m
2026-09-11 16:36:40:3640 [31merror[39m: [31mGET /api/table/exit_clearances - Error: Access restricted: Table 'exit_clearances' is not in the whitelist.[39m
[31mStack: Error: Access restricted: Table 'exit_clearances' is not in the whitelist.[39m
[31m    at validateTableName (C:\Users\admin\Downloads\nib_hr\backend\controllers\core\table.controller.js:1467:11)[39m
[31m    at C:\Users\admin\Downloads\nib_hr\backend\controllers\core\table.controller.js:1474:21[39m
[31m    at C:\Users\admin\Downloads\nib_hr\backend\utils\asyncHandler.js:4:21[39m
[31m    at Layer.handle [as handle_request] (C:\Users\admin\Downloads\nib_hr\backend\node_modules\express\lib\router\layer.js:95:5)[39m
[31m    at next (C:\Users\admin\Downloads\nib_hr\backend\node_modules\express\lib\router\route.js:149:13)[39m
[31m    at C:\Users\admin\Downloads\nib_hr\backend\middleware\audit.middleware.js:98:5[39m
[31m    at Layer.handle [as handle_request] (C:\Users\admin\Downloads\nib_hr\backend\node_modules\express\lib\router\layer.js:95:5)[39m
[31m    at next (C:\Users\admin\Downloads\nib_hr\backend\node_modules\express\lib\router\route.js:149:13)[39m
[31m    at Route.dispatch (C:\Users\admin\Downloads\nib_hr\backend\node_modules\express\lib\router\route.js:119:3)[39m
[31m    at Layer.handle [as handle_request] (C:\Users\admin\Downloads\nib_hr\backend\node_modules\express\lib\router\layer.js:95:5)[39m
2026-09-11 16:36:40:3640 [31merror[39m: [31mGET /api/table/asset_returns - Error: Access restricted: Table 'asset_returns' is not in the whitelist.[39m
[31mStack: Error: Access restricted: Table 'asset_returns' is not in the whitelist.[39m
[31m    at validateTableName (C:\Users\admin\Downloads\nib_hr\backend\controllers\core\table.controller.js:1467:11)[39m
[31m    at C:\Users\admin\Downloads\nib_hr\backend\controllers\core\table.controller.js:1474:21[39m
[31m    at C:\Users\admin\Downloads\nib_hr\backend\utils\asyncHandler.js:4:21[39m
[31m    at Layer.handle [as handle_request] (C:\Users\admin\Downloads\nib_hr\backend\node_modules\express\lib\router\layer.js:95:5)[39m
[31m    at next (C:\Users\admin\Downloads\nib_hr\backend\node_modules\express\lib\router\route.js:149:13)[39m
[31m    at C:\Users\admin\Downloads\nib_hr\backend\middleware\audit.middleware.js:98:5[39m
[31m    at Layer.handle [as handle_request] (C:\Users\admin\Downloads\nib_hr\backend\node_modules\express\lib\router\layer.js:95:5)[39m
[31m    at next (C:\Users\admin\Downloads\nib_hr\backend\node_modules\express\lib\router\route.js:149:13)[39m
[31m    at Route.dispatch (C:\Users\admin\Downloads\nib_hr\backend\node_modules\express\lib\router\route.js:119:3)[39m
[31m    at Layer.handle [as handle_request] (C:\Users\admin\Downloads\nib_hr\backend\node_modules\express\lib\router\layer.js:95:5)[39m
2026-09-11 16:36:40:3640 [31merror[39m: [31mGET /api/table/no_dues - Error: Access restricted: Table 'no_dues' is not in the whitelist.[39m
[31mStack: Error: Access restricted: Table 'no_dues' is not in the whitelist.[39m
[31m    at validateTableName (C:\Users\admin\Downloads\nib_hr\backend\controllers\core\table.controller.js:1467:11)[39m
[31m    at C:\Users\admin\Downloads\nib_hr\backend\controllers\core\table.controller.js:1474:21[39m
[31m    at C:\Users\admin\Downloads\nib_hr\backend\utils\asyncHandler.js:4:21[39m
[31m    at Layer.handle [as handle_request] (C:\Users\admin\Downloads\nib_hr\backend\node_modules\express\lib\router\layer.js:95:5)[39m
[31m    at next (C:\Users\admin\Downloads\nib_hr\backend\node_modules\express\lib\router\route.js:149:13)[39m
[31m    at C:\Users\admin\Downloads\nib_hr\backend\middleware\audit.middleware.js:98:5[39m
[31m    at Layer.handle [as handle_request] (C:\Users\admin\Downloads\nib_hr\backend\node_modules\express\lib\router\layer.js:95:5)[39m
[31m    at next (C:\Users\admin\Downloads\nib_hr\backend\node_modules\express\lib\router\route.js:149:13)[39m
[31m    at Route.dispatch (C:\Users\admin\Downloads\nib_hr\backend\node_modules\express\lib\router\route.js:119:3)[39m
[31m    at Layer.handle [as handle_request] (C:\Users\admin\Downloads\nib_hr\backend\node_modules\express\lib\router\layer.js:95:5)[39m
2026-09-11 16:36:40:3640 [31merror[39m: [31mGET /api/table/fnf_settlements - Error: Access restricted: Table 'fnf_settlements' is not in the whitelist.[39m
[31mStack: Error: Access restricted: Table 'fnf_settlements' is not in the whitelist.[39m
[31m    at validateTableName (C:\Users\admin\Downloads\nib_hr\backend\controllers\core\table.controller.js:1467:11)[39m
[31m    at C:\Users\admin\Downloads\nib_hr\backend\controllers\core\table.controller.js:1474:21[39m
[31m    at C:\Users\admin\Downloads\nib_hr\backend\utils\asyncHandler.js:4:21[39m
[31m    at Layer.handle [as handle_request] (C:\Users\admin\Downloads\nib_hr\backend\node_modules\express\lib\router\layer.js:95:5)[39m
[31m    at next (C:\Users\admin\Downloads\nib_hr\backend\node_modules\express\lib\router\route.js:149:13)[39m
[31m    at C:\Users\admin\Downloads\nib_hr\backend\middleware\audit.middleware.js:98:5[39m
[31m    at Layer.handle [as handle_request] (C:\Users\admin\Downloads\nib_hr\backend\node_modules\express\lib\router\layer.js:95:5)[39m
[31m    at next (C:\Users\admin\Downloads\nib_hr\backend\node_modules\express\lib\router\route.js:149:13)[39m
[31m    at Route.dispatch (C:\Users\admin\Downloads\nib_hr\backend\node_modules\express\lib\router\route.js:119:3)[39m
[31m    at Layer.handle [as handle_request] (C:\Users\admin\Downloads\nib_hr\backend\node_modules\express\lib\router\layer.js:95:5)[39m
2026-09-11 16:36:40:3640 [31merror[39m: [31mGET /api/table/exit_interviews - Error: Access restricted: Table 'exit_interviews' is not in the whitelist.[39m
[31mStack: Error: Access restricted: Table 'exit_interviews' is not in the whitelist.[39m
[31m    at validateTableName (C:\Users\admin\Downloads\nib_hr\backend\controllers\core\table.controller.js:1467:11)[39m
[31m    at C:\Users\admin\Downloads\nib_hr\backend\controllers\core\table.controller.js:1474:21[39m
[31m    at C:\Users\admin\Downloads\nib_hr\backend\utils\asyncHandler.js:4:21[39m
[31m    at Layer.handle [as handle_request] (C:\Users\admin\Downloads\nib_hr\backend\node_modules\express\lib\router\layer.js:95:5)[39m
[31m    at next (C:\Users\admin\Downloads\nib_hr\backend\node_modules\express\lib\router\route.js:149:13)[39m
[31m    at C:\Users\admin\Downloads\nib_hr\backend\middleware\audit.middleware.js:98:5[39m
[31m    at Layer.handle [as handle_request] (C:\Users\admin\Downloads\nib_hr\backend\node_modules\express\lib\router\layer.js:95:5)[39m
[31m    at next (C:\Users\admin\Downloads\nib_hr\backend\node_modules\express\lib\router\route.js:149:13)[39m
[31m    at Route.dispatch (C:\Users\admin\Downloads\nib_hr\backend\node_modules\express\lib\router\route.js:119:3)[39m
[31m    at Layer.handle [as handle_request] (C:\Users\admin\Downloads\nib_hr\backend\node_modules\express\lib\router\layer.js:95:5)[39m
2026-09-11 16:36:40:3640 [31merror[39m: [31mGET /api/table/experience_letters - Error: Access restricted: Table 'experience_letters' is not in the whitelist.[39m
[31mStack: Error: Access restricted: Table 'experience_letters' is not in the whitelist.[39m
[31m    at validateTableName (C:\Users\admin\Downloads\nib_hr\backend\controllers\core\table.controller.js:1467:11)[39m
[31m    at C:\Users\admin\Downloads\nib_hr\backend\controllers\core\table.controller.js:1474:21[39m
[31m    at C:\Users\admin\Downloads\nib_hr\backend\utils\asyncHandler.js:4:21[39m
[31m    at Layer.handle [as handle_request] (C:\Users\admin\Downloads\nib_hr\backend\node_modules\express\lib\router\layer.js:95:5)[39m
[31m    at next (C:\Users\admin\Downloads\nib_hr\backend\node_modules\express\lib\router\route.js:149:13)[39m
[31m    at C:\Users\admin\Downloads\nib_hr\backend\middleware\audit.middleware.js:98:5[39m
[31m    at Layer.handle [as handle_request] (C:\Users\admin\Downloads\nib_hr\backend\node_modules\express\lib\router\layer.js:95:5)[39m
[31m    at next (C:\Users\admin\Downloads\nib_hr\backend\node_modules\express\lib\router\route.js:149:13)[39m
[31m    at Route.dispatch (C:\Users\admin\Downloads\nib_hr\backend\node_modules\express\lib\router\route.js:119:3)[39m
[31m    at Layer.handle [as handle_request] (C:\Users\admin\Downloads\nib_hr\backend\node_modules\express\lib\router\layer.js:95:5)[39m
2026-09-11 16:36:41:3641 [31merror[39m: [31mGET /api/table/exit_requests - Error: Access restricted: Table 'exit_requests' is not in the whitelist.[39m
[31mStack: Error: Access restricted: Table 'exit_requests' is not in the whitelist.[39m
[31m    at validateTableName (C:\Users\admin\Downloads\nib_hr\backend\controllers\core\table.controller.js:1467:11)[39m
[31m    at C:\Users\admin\Downloads\nib_hr\backend\controllers\core\table.controller.js:1474:21[39m
[31m    at C:\Users\admin\Downloads\nib_hr\backend\utils\asyncHandler.js:4:21[39m
[31m    at Layer.handle [as handle_request] (C:\Users\admin\Downloads\nib_hr\backend\node_modules\express\lib\router\layer.js:95:5)[39m
[31m    at next (C:\Users\admin\Downloads\nib_hr\backend\node_modules\express\lib\router\route.js:149:13)[39m
[31m    at C:\Users\admin\Downloads\nib_hr\backend\middleware\audit.middleware.js:98:5[39m
[31m    at Layer.handle [as handle_request] (C:\Users\admin\Downloads\nib_hr\backend\node_modules\express\lib\router\layer.js:95:5)[39m
[31m    at next (C:\Users\admin\Downloads\nib_hr\backend\node_modules\express\lib\router\route.js:149:13)[39m
[31m    at Route.dispatch (C:\Users\admin\Downloads\nib_hr\backend\node_modules\express\lib\router\route.js:119:3)[39m
[31m    at Layer.handle [as handle_request] (C:\Users\admin\Downloads\nib_hr\backend\node_modules\express\lib\router\layer.js:95:5)[39m
2026-09-11 16:36:41:3641 [31merror[39m: [31mGET /api/table/exit_requests - Error: Access restricted: Table 'exit_requests' is not in the whitelist.[39m
[31mStack: Error: Access restricted: Table 'exit_requests' is not in the whitelist.[39m
[31m    at validateTableName (C:\Users\admin\Downloads\nib_hr\backend\controllers\core\table.controller.js:1467:11)[39m
[31m    at C:\Users\admin\Downloads\nib_hr\backend\controllers\core\table.controller.js:1474:21[39m
[31m    at C:\Users\admin\Downloads\nib_hr\backend\utils\asyncHandler.js:4:21[39m
[31m    at Layer.handle [as handle_request] (C:\Users\admin\Downloads\nib_hr\backend\node_modules\express\lib\router\layer.js:95:5)[39m
[31m    at next (C:\Users\admin\Downloads\nib_hr\backend\node_modules\express\lib\router\route.js:149:13)[39m
[31m    at C:\Users\admin\Downloads\nib_hr\backend\middleware\audit.middleware.js:98:5[39m
[31m    at Layer.handle [as handle_request] (C:\Users\admin\Downloads\nib_hr\backend\node_modules\express\lib\router\layer.js:95:5)[39m
[31m    at next (C:\Users\admin\Downloads\nib_hr\backend\node_modules\express\lib\router\route.js:149:13)[39m
[31m    at Route.dispatch (C:\Users\admin\Downloads\nib_hr\backend\node_modules\express\lib\router\route.js:119:3)[39m
[31m    at Layer.handle [as handle_request] (C:\Users\admin\Downloads\nib_hr\backend\node_modules\express\lib\router\layer.js:95:5)[39m
2026-09-11 16:36:41:3641 [31merror[39m: [31mGET /api/table/exit_requests - Error: Access restricted: Table 'exit_requests' is not in the whitelist.[39m
[31mStack: Error: Access restricted: Table 'exit_requests' is not in the whitelist.[39m
[31m    at validateTableName (C:\Users\admin\Downloads\nib_hr\backend\controllers\core\table.controller.js:1467:11)[39m
[31m    at C:\Users\admin\Downloads\nib_hr\backend\controllers\core\table.controller.js:1474:21[39m
[31m    at C:\Users\admin\Downloads\nib_hr\backend\utils\asyncHandler.js:4:21[39m
[31m    at Layer.handle [as handle_request] (C:\Users\admin\Downloads\nib_hr\backend\node_modules\express\lib\router\layer.js:95:5)[39m
[31m    at next (C:\Users\admin\Downloads\nib_hr\backend\node_modules\express\lib\router\route.js:149:13)[39m
[31m    at C:\Users\admin\Downloads\nib_hr\backend\middleware\audit.middleware.js:98:5[39m
[31m    at Layer.handle [as handle_request] (C:\Users\admin\Downloads\nib_hr\backend\node_modules\express\lib\router\layer.js:95:5)[39m
[31m    at next (C:\Users\admin\Downloads\nib_hr\backend\node_modules\express\lib\router\route.js:149:13)[39m
[31m    at Route.dispatch (C:\Users\admin\Downloads\nib_hr\backend\node_modules\express\lib\router\route.js:119:3)[39m
[31m    at Layer.handle [as handle_request] (C:\Users\admin\Downloads\nib_hr\backend\node_modules\express\lib\router\layer.js:95:5)[39m
2026-09-11 16:36:41:3641 [31merror[39m: [31mGET /api/table/exit_requests - Error: Access restricted: Table 'exit_requests' is not in the whitelist.[39m
[31mStack: Error: Access restricted: Table 'exit_requests' is not in the whitelist.[39m
[31m    at validateTableName (C:\Users\admin\Downloads\nib_hr\backend\controllers\core\table.controller.js:1467:11)[39m
[31m    at C:\Users\admin\Downloads\nib_hr\backend\controllers\core\table.controller.js:1474:21[39m
[31m    at C:\Users\admin\Downloads\nib_hr\backend\utils\asyncHandler.js:4:21[39m
[31m    at Layer.handle [as handle_request] (C:\Users\admin\Downloads\nib_hr\backend\node_modules\express\lib\router\layer.js:95:5)[39m
[31m    at next (C:\Users\admin\Downloads\nib_hr\backend\node_modules\express\lib\router\route.js:149:13)[39m
[31m    at C:\Users\admin\Downloads\nib_hr\backend\middleware\audit.middleware.js:98:5[39m
[31m    at Layer.handle [as handle_request] (C:\Users\admin\Downloads\nib_hr\backend\node_modules\express\lib\router\layer.js:95:5)[39m
[31m    at next (C:\Users\admin\Downloads\nib_hr\backend\node_modules\express\lib\router\route.js:149:13)[39m
[31m    at Route.dispatch (C:\Users\admin\Downloads\nib_hr\backend\node_modules\express\lib\router\route.js:119:3)[39m
[31m    at Layer.handle [as handle_request] (C:\Users\admin\Downloads\nib_hr\backend\node_modules\express\lib\router\layer.js:95:5)[39m
2026-09-11 16:43:35:4335 [31merror[39m: [31mGET /api/table/documents - Error: Access restricted: Table 'documents' is not in the whitelist.[39m
[31mStack: Error: Access restricted: Table 'documents' is not in the whitelist.[39m
[31m    at validateTableName (C:\Users\admin\Downloads\nib_hr\backend\controllers\core\table.controller.js:1467:11)[39m
[31m    at C:\Users\admin\Downloads\nib_hr\backend\controllers\core\table.controller.js:1474:21[39m
[31m    at C:\Users\admin\Downloads\nib_hr\backend\utils\asyncHandler.js:4:21[39m
[31m    at Layer.handle [as handle_request] (C:\Users\admin\Downloads\nib_hr\backend\node_modules\express\lib\router\layer.js:95:5)[39m
[31m    at next (C:\Users\admin\Downloads\nib_hr\backend\node_modules\express\lib\router\route.js:149:13)[39m
[31m    at C:\Users\admin\Downloads\nib_hr\backend\middleware\audit.middleware.js:98:5[39m
[31m    at Layer.handle [as handle_request] (C:\Users\admin\Downloads\nib_hr\backend\node_modules\express\lib\router\layer.js:95:5)[39m
[31m    at next (C:\Users\admin\Downloads\nib_hr\backend\node_modules\express\lib\router\route.js:149:13)[39m
[31m    at Route.dispatch (C:\Users\admin\Downloads\nib_hr\backend\node_modules\express\lib\router\route.js:119:3)[39m
[31m    at Layer.handle [as handle_request] (C:\Users\admin\Downloads\nib_hr\backend\node_modules\express\lib\router\layer.js:95:5)[39m
2026-09-11 16:43:36:4336 [31merror[39m: [31mGET /api/table/documents - Error: Access restricted: Table 'documents' is not in the whitelist.[39m
[31mStack: Error: Access restricted: Table 'documents' is not in the whitelist.[39m
[31m    at validateTableName (C:\Users\admin\Downloads\nib_hr\backend\controllers\core\table.controller.js:1467:11)[39m
[31m    at C:\Users\admin\Downloads\nib_hr\backend\controllers\core\table.controller.js:1474:21[39m
[31m    at C:\Users\admin\Downloads\nib_hr\backend\utils\asyncHandler.js:4:21[39m
[31m    at Layer.handle [as handle_request] (C:\Users\admin\Downloads\nib_hr\backend\node_modules\express\lib\router\layer.js:95:5)[39m
[31m    at next (C:\Users\admin\Downloads\nib_hr\backend\node_modules\express\lib\router\route.js:149:13)[39m
[31m    at C:\Users\admin\Downloads\nib_hr\backend\middleware\audit.middleware.js:98:5[39m
[31m    at Layer.handle [as handle_request] (C:\Users\admin\Downloads\nib_hr\backend\node_modules\express\lib\router\layer.js:95:5)[39m
[31m    at next (C:\Users\admin\Downloads\nib_hr\backend\node_modules\express\lib\router\route.js:149:13)[39m
[31m    at Route.dispatch (C:\Users\admin\Downloads\nib_hr\backend\node_modules\express\lib\router\route.js:119:3)[39m
[31m    at Layer.handle [as handle_request] (C:\Users\admin\Downloads\nib_hr\backend\node_modules\express\lib\router\layer.js:95:5)[39m
2026-09-11 16:43:37:4337 [31merror[39m: [31mGET /api/table/exit_requests - Error: Access restricted: Table 'exit_requests' is not in the whitelist.[39m
[31mStack: Error: Access restricted: Table 'exit_requests' is not in the whitelist.[39m
[31m    at validateTableName (C:\Users\admin\Downloads\nib_hr\backend\controllers\core\table.controller.js:1467:11)[39m
[31m    at C:\Users\admin\Downloads\nib_hr\backend\controllers\core\table.controller.js:1474:21[39m
[31m    at C:\Users\admin\Downloads\nib_hr\backend\utils\asyncHandler.js:4:21[39m
[31m    at Layer.handle [as handle_request] (C:\Users\admin\Downloads\nib_hr\backend\node_modules\express\lib\router\layer.js:95:5)[39m
[31m    at next (C:\Users\admin\Downloads\nib_hr\backend\node_modules\express\lib\router\route.js:149:13)[39m
[31m    at C:\Users\admin\Downloads\nib_hr\backend\middleware\audit.middleware.js:98:5[39m
[31m    at Layer.handle [as handle_request] (C:\Users\admin\Downloads\nib_hr\backend\node_modules\express\lib\router\layer.js:95:5)[39m
[31m    at next (C:\Users\admin\Downloads\nib_hr\backend\node_modules\express\lib\router\route.js:149:13)[39m
[31m    at Route.dispatch (C:\Users\admin\Downloads\nib_hr\backend\node_modules\express\lib\router\route.js:119:3)[39m
[31m    at Layer.handle [as handle_request] (C:\Users\admin\Downloads\nib_hr\backend\node_modules\express\lib\router\layer.js:95:5)[39m
2026-09-11 16:43:37:4337 [31merror[39m: [31mGET /api/table/notice_periods - Error: Access restricted: Table 'notice_periods' is not in the whitelist.[39m
[31mStack: Error: Access restricted: Table 'notice_periods' is not in the whitelist.[39m
[31m    at validateTableName (C:\Users\admin\Downloads\nib_hr\backend\controllers\core\table.controller.js:1467:11)[39m
[31m    at C:\Users\admin\Downloads\nib_hr\backend\controllers\core\table.controller.js:1474:21[39m
[31m    at C:\Users\admin\Downloads\nib_hr\backend\utils\asyncHandler.js:4:21[39m
[31m    at Layer.handle [as handle_request] (C:\Users\admin\Downloads\nib_hr\backend\node_modules\express\lib\router\layer.js:95:5)[39m
[31m    at next (C:\Users\admin\Downloads\nib_hr\backend\node_modules\express\lib\router\route.js:149:13)[39m
[31m    at C:\Users\admin\Downloads\nib_hr\backend\middleware\audit.middleware.js:98:5[39m
[31m    at Layer.handle [as handle_request] (C:\Users\admin\Downloads\nib_hr\backend\node_modules\express\lib\router\layer.js:95:5)[39m
[31m    at next (C:\Users\admin\Downloads\nib_hr\backend\node_modules\express\lib\router\route.js:149:13)[39m
[31m    at Route.dispatch (C:\Users\admin\Downloads\nib_hr\backend\node_modules\express\lib\router\route.js:119:3)[39m
[31m    at Layer.handle [as handle_request] (C:\Users\admin\Downloads\nib_hr\backend\node_modules\express\lib\router\layer.js:95:5)[39m
2026-09-11 16:43:37:4337 [31merror[39m: [31mGET /api/table/exit_clearances - Error: Access restricted: Table 'exit_clearances' is not in the whitelist.[39m
[31mStack: Error: Access restricted: Table 'exit_clearances' is not in the whitelist.[39m
[31m    at validateTableName (C:\Users\admin\Downloads\nib_hr\backend\controllers\core\table.controller.js:1467:11)[39m
[31m    at C:\Users\admin\Downloads\nib_hr\backend\controllers\core\table.controller.js:1474:21[39m
[31m    at C:\Users\admin\Downloads\nib_hr\backend\utils\asyncHandler.js:4:21[39m
[31m    at Layer.handle [as handle_request] (C:\Users\admin\Downloads\nib_hr\backend\node_modules\express\lib\router\layer.js:95:5)[39m
[31m    at next (C:\Users\admin\Downloads\nib_hr\backend\node_modules\express\lib\router\route.js:149:13)[39m
[31m    at C:\Users\admin\Downloads\nib_hr\backend\middleware\audit.middleware.js:98:5[39m
[31m    at Layer.handle [as handle_request] (C:\Users\admin\Downloads\nib_hr\backend\node_modules\express\lib\router\layer.js:95:5)[39m
[31m    at next (C:\Users\admin\Downloads\nib_hr\backend\node_modules\express\lib\router\route.js:149:13)[39m
[31m    at Route.dispatch (C:\Users\admin\Downloads\nib_hr\backend\node_modules\express\lib\router\route.js:119:3)[39m
[31m    at Layer.handle [as handle_request] (C:\Users\admin\Downloads\nib_hr\backend\node_modules\express\lib\router\layer.js:95:5)[39m
2026-09-11 16:43:37:4337 [31merror[39m: [31mGET /api/table/asset_returns - Error: Access restricted: Table 'asset_returns' is not in the whitelist.[39m
[31mStack: Error: Access restricted: Table 'asset_returns' is not in the whitelist.[39m
[31m    at validateTableName (C:\Users\admin\Downloads\nib_hr\backend\controllers\core\table.controller.js:1467:11)[39m
[31m    at C:\Users\admin\Downloads\nib_hr\backend\controllers\core\table.controller.js:1474:21[39m
[31m    at C:\Users\admin\Downloads\nib_hr\backend\utils\asyncHandler.js:4:21[39m
[31m    at Layer.handle [as handle_request] (C:\Users\admin\Downloads\nib_hr\backend\node_modules\express\lib\router\layer.js:95:5)[39m
[31m    at next (C:\Users\admin\Downloads\nib_hr\backend\node_modules\express\lib\router\route.js:149:13)[39m
[31m    at C:\Users\admin\Downloads\nib_hr\backend\middleware\audit.middleware.js:98:5[39m
[31m    at Layer.handle [as handle_request] (C:\Users\admin\Downloads\nib_hr\backend\node_modules\express\lib\router\layer.js:95:5)[39m
[31m    at next (C:\Users\admin\Downloads\nib_hr\backend\node_modules\express\lib\router\route.js:149:13)[39m
[31m    at Route.dispatch (C:\Users\admin\Downloads\nib_hr\backend\node_modules\express\lib\router\route.js:119:3)[39m
[31m    at Layer.handle [as handle_request] (C:\Users\admin\Downloads\nib_hr\backend\node_modules\express\lib\router\layer.js:95:5)[39m
2026-09-11 16:43:37:4337 [31merror[39m: [31mGET /api/table/no_dues - Error: Access restricted: Table 'no_dues' is not in the whitelist.[39m
[31mStack: Error: Access restricted: Table 'no_dues' is not in the whitelist.[39m
[31m    at validateTableName (C:\Users\admin\Downloads\nib_hr\backend\controllers\core\table.controller.js:1467:11)[39m
[31m    at C:\Users\admin\Downloads\nib_hr\backend\controllers\core\table.controller.js:1474:21[39m
[31m    at C:\Users\admin\Downloads\nib_hr\backend\utils\asyncHandler.js:4:21[39m
[31m    at Layer.handle [as handle_request] (C:\Users\admin\Downloads\nib_hr\backend\node_modules\express\lib\router\layer.js:95:5)[39m
[31m    at next (C:\Users\admin\Downloads\nib_hr\backend\node_modules\express\lib\router\route.js:149:13)[39m
[31m    at C:\Users\admin\Downloads\nib_hr\backend\middleware\audit.middleware.js:98:5[39m
[31m    at Layer.handle [as handle_request] (C:\Users\admin\Downloads\nib_hr\backend\node_modules\express\lib\router\layer.js:95:5)[39m
[31m    at next (C:\Users\admin\Downloads\nib_hr\backend\node_modules\express\lib\router\route.js:149:13)[39m
[31m    at Route.dispatch (C:\Users\admin\Downloads\nib_hr\backend\node_modules\express\lib\router\route.js:119:3)[39m
[31m    at Layer.handle [as handle_request] (C:\Users\admin\Downloads\nib_hr\backend\node_modules\express\lib\router\layer.js:95:5)[39m
2026-09-11 16:43:37:4337 [31merror[39m: [31mGET /api/table/fnf_settlements - Error: Access restricted: Table 'fnf_settlements' is not in the whitelist.[39m
[31mStack: Error: Access restricted: Table 'fnf_settlements' is not in the whitelist.[39m
[31m    at validateTableName (C:\Users\admin\Downloads\nib_hr\backend\controllers\core\table.controller.js:1467:11)[39m
[31m    at C:\Users\admin\Downloads\nib_hr\backend\controllers\core\table.controller.js:1474:21[39m
[31m    at C:\Users\admin\Downloads\nib_hr\backend\utils\asyncHandler.js:4:21[39m
[31m    at Layer.handle [as handle_request] (C:\Users\admin\Downloads\nib_hr\backend\node_modules\express\lib\router\layer.js:95:5)[39m
[31m    at next (C:\Users\admin\Downloads\nib_hr\backend\node_modules\express\lib\router\route.js:149:13)[39m
[31m    at C:\Users\admin\Downloads\nib_hr\backend\middleware\audit.middleware.js:98:5[39m
[31m    at Layer.handle [as handle_request] (C:\Users\admin\Downloads\nib_hr\backend\node_modules\express\lib\router\layer.js:95:5)[39m
[31m    at next (C:\Users\admin\Downloads\nib_hr\backend\node_modules\express\lib\router\route.js:149:13)[39m
[31m    at Route.dispatch (C:\Users\admin\Downloads\nib_hr\backend\node_modules\express\lib\router\route.js:119:3)[39m
[31m    at Layer.handle [as handle_request] (C:\Users\admin\Downloads\nib_hr\backend\node_modules\express\lib\router\layer.js:95:5)[39m
2026-09-11 16:43:37:4337 [31merror[39m: [31mGET /api/table/exit_interviews - Error: Access restricted: Table 'exit_interviews' is not in the whitelist.[39m
[31mStack: Error: Access restricted: Table 'exit_interviews' is not in the whitelist.[39m
[31m    at validateTableName (C:\Users\admin\Downloads\nib_hr\backend\controllers\core\table.controller.js:1467:11)[39m
[31m    at C:\Users\admin\Downloads\nib_hr\backend\controllers\core\table.controller.js:1474:21[39m
[31m    at C:\Users\admin\Downloads\nib_hr\backend\utils\asyncHandler.js:4:21[39m
[31m    at Layer.handle [as handle_request] (C:\Users\admin\Downloads\nib_hr\backend\node_modules\express\lib\router\layer.js:95:5)[39m
[31m    at next (C:\Users\admin\Downloads\nib_hr\backend\node_modules\express\lib\router\route.js:149:13)[39m
[31m    at C:\Users\admin\Downloads\nib_hr\backend\middleware\audit.middleware.js:98:5[39m
[31m    at Layer.handle [as handle_request] (C:\Users\admin\Downloads\nib_hr\backend\node_modules\express\lib\router\layer.js:95:5)[39m
[31m    at next (C:\Users\admin\Downloads\nib_hr\backend\node_modules\express\lib\router\route.js:149:13)[39m
[31m    at Route.dispatch (C:\Users\admin\Downloads\nib_hr\backend\node_modules\express\lib\router\route.js:119:3)[39m
[31m    at Layer.handle [as handle_request] (C:\Users\admin\Downloads\nib_hr\backend\node_modules\express\lib\router\layer.js:95:5)[39m
2026-09-11 16:43:37:4337 [31merror[39m: [31mGET /api/table/experience_letters - Error: Access restricted: Table 'experience_letters' is not in the whitelist.[39m
[31mStack: Error: Access restricted: Table 'experience_letters' is not in the whitelist.[39m
[31m    at validateTableName (C:\Users\admin\Downloads\nib_hr\backend\controllers\core\table.controller.js:1467:11)[39m
[31m    at C:\Users\admin\Downloads\nib_hr\backend\controllers\core\table.controller.js:1474:21[39m
[31m    at C:\Users\admin\Downloads\nib_hr\backend\utils\asyncHandler.js:4:21[39m
[31m    at Layer.handle [as handle_request] (C:\Users\admin\Downloads\nib_hr\backend\node_modules\express\lib\router\layer.js:95:5)[39m
[31m    at next (C:\Users\admin\Downloads\nib_hr\backend\node_modules\express\lib\router\route.js:149:13)[39m
[31m    at C:\Users\admin\Downloads\nib_hr\backend\middleware\audit.middleware.js:98:5[39m
[31m    at Layer.handle [as handle_request] (C:\Users\admin\Downloads\nib_hr\backend\node_modules\express\lib\router\layer.js:95:5)[39m
[31m    at next (C:\Users\admin\Downloads\nib_hr\backend\node_modules\express\lib\router\route.js:149:13)[39m
[31m    at Route.dispatch (C:\Users\admin\Downloads\nib_hr\backend\node_modules\express\lib\router\route.js:119:3)[39m
[31m    at Layer.handle [as handle_request] (C:\Users\admin\Downloads\nib_hr\backend\node_modules\express\lib\router\layer.js:95:5)[39m
2026-09-11 16:43:37:4337 [31merror[39m: [31mGET /api/table/documents - Error: Access restricted: Table 'documents' is not in the whitelist.[39m
[31mStack: Error: Access restricted: Table 'documents' is not in the whitelist.[39m
[31m    at validateTableName (C:\Users\admin\Downloads\nib_hr\backend\controllers\core\table.controller.js:1467:11)[39m
[31m    at C:\Users\admin\Downloads\nib_hr\backend\controllers\core\table.controller.js:1474:21[39m
[31m    at C:\Users\admin\Downloads\nib_hr\backend\utils\asyncHandler.js:4:21[39m
[31m    at Layer.handle [as handle_request] (C:\Users\admin\Downloads\nib_hr\backend\node_modules\express\lib\router\layer.js:95:5)[39m
[31m    at next (C:\Users\admin\Downloads\nib_hr\backend\node_modules\express\lib\router\route.js:149:13)[39m
[31m    at C:\Users\admin\Downloads\nib_hr\backend\middleware\audit.middleware.js:98:5[39m
[31m    at Layer.handle [as handle_request] (C:\Users\admin\Downloads\nib_hr\backend\node_modules\express\lib\router\layer.js:95:5)[39m
[31m    at next (C:\Users\admin\Downloads\nib_hr\backend\node_modules\express\lib\router\route.js:149:13)[39m
[31m    at Route.dispatch (C:\Users\admin\Downloads\nib_hr\backend\node_modules\express\lib\router\route.js:119:3)[39m
[31m    at Layer.handle [as handle_request] (C:\Users\admin\Downloads\nib_hr\backend\node_modules\express\lib\router\layer.js:95:5)[39m
2026-09-11 16:43:38:4338 [31merror[39m: [31mGET /api/table/exit_requests - Error: Access restricted: Table 'exit_requests' is not in the whitelist.[39m
[31mStack: Error: Access restricted: Table 'exit_requests' is not in the whitelist.[39m
[31m    at validateTableName (C:\Users\admin\Downloads\nib_hr\backend\controllers\core\table.controller.js:1467:11)[39m
[31m    at C:\Users\admin\Downloads\nib_hr\backend\controllers\core\table.controller.js:1474:21[39m
[31m    at C:\Users\admin\Downloads\nib_hr\backend\utils\asyncHandler.js:4:21[39m
[31m    at Layer.handle [as handle_request] (C:\Users\admin\Downloads\nib_hr\backend\node_modules\express\lib\router\layer.js:95:5)[39m
[31m    at next (C:\Users\admin\Downloads\nib_hr\backend\node_modules\express\lib\router\route.js:149:13)[39m
[31m    at C:\Users\admin\Downloads\nib_hr\backend\middleware\audit.middleware.js:98:5[39m
[31m    at Layer.handle [as handle_request] (C:\Users\admin\Downloads\nib_hr\backend\node_modules\express\lib\router\layer.js:95:5)[39m
[31m    at next (C:\Users\admin\Downloads\nib_hr\backend\node_modules\express\lib\router\route.js:149:13)[39m
[31m    at Route.dispatch (C:\Users\admin\Downloads\nib_hr\backend\node_modules\express\lib\router\route.js:119:3)[39m
[31m    at Layer.handle [as handle_request] (C:\Users\admin\Downloads\nib_hr\backend\node_modules\express\lib\router\layer.js:95:5)[39m
2026-09-11 16:43:38:4338 [31merror[39m: [31mGET /api/table/notice_periods - Error: Access restricted: Table 'notice_periods' is not in the whitelist.[39m
[31mStack: Error: Access restricted: Table 'notice_periods' is not in the whitelist.[39m
[31m    at validateTableName (C:\Users\admin\Downloads\nib_hr\backend\controllers\core\table.controller.js:1467:11)[39m
[31m    at C:\Users\admin\Downloads\nib_hr\backend\controllers\core\table.controller.js:1474:21[39m
[31m    at C:\Users\admin\Downloads\nib_hr\backend\utils\asyncHandler.js:4:21[39m
[31m    at Layer.handle [as handle_request] (C:\Users\admin\Downloads\nib_hr\backend\node_modules\express\lib\router\layer.js:95:5)[39m
[31m    at next (C:\Users\admin\Downloads\nib_hr\backend\node_modules\express\lib\router\route.js:149:13)[39m
[31m    at C:\Users\admin\Downloads\nib_hr\backend\middleware\audit.middleware.js:98:5[39m
[31m    at Layer.handle [as handle_request] (C:\Users\admin\Downloads\nib_hr\backend\node_modules\express\lib\router\layer.js:95:5)[39m
[31m    at next (C:\Users\admin\Downloads\nib_hr\backend\node_modules\express\lib\router\route.js:149:13)[39m
[31m    at Route.dispatch (C:\Users\admin\Downloads\nib_hr\backend\node_modules\express\lib\router\route.js:119:3)[39m
[31m    at Layer.handle [as handle_request] (C:\Users\admin\Downloads\nib_hr\backend\node_modules\express\lib\router\layer.js:95:5)[39m
2026-09-11 16:43:38:4338 [31merror[39m: [31mGET /api/table/exit_clearances - Error: Access restricted: Table 'exit_clearances' is not in the whitelist.[39m
[31mStack: Error: Access restricted: Table 'exit_clearances' is not in the whitelist.[39m
[31m    at validateTableName (C:\Users\admin\Downloads\nib_hr\backend\controllers\core\table.controller.js:1467:11)[39m
[31m    at C:\Users\admin\Downloads\nib_hr\backend\controllers\core\table.controller.js:1474:21[39m
[31m    at C:\Users\admin\Downloads\nib_hr\backend\utils\asyncHandler.js:4:21[39m
[31m    at Layer.handle [as handle_request] (C:\Users\admin\Downloads\nib_hr\backend\node_modules\express\lib\router\layer.js:95:5)[39m
[31m    at next (C:\Users\admin\Downloads\nib_hr\backend\node_modules\express\lib\router\route.js:149:13)[39m
[31m    at C:\Users\admin\Downloads\nib_hr\backend\middleware\audit.middleware.js:98:5[39m
[31m    at Layer.handle [as handle_request] (C:\Users\admin\Downloads\nib_hr\backend\node_modules\express\lib\router\layer.js:95:5)[39m
[31m    at next (C:\Users\admin\Downloads\nib_hr\backend\node_modules\express\lib\router\route.js:149:13)[39m
[31m    at Route.dispatch (C:\Users\admin\Downloads\nib_hr\backend\node_modules\express\lib\router\route.js:119:3)[39m
[31m    at Layer.handle [as handle_request] (C:\Users\admin\Downloads\nib_hr\backend\node_modules\express\lib\router\layer.js:95:5)[39m
2026-09-11 16:43:38:4338 [31merror[39m: [31mGET /api/table/asset_returns - Error: Access restricted: Table 'asset_returns' is not in the whitelist.[39m
[31mStack: Error: Access restricted: Table 'asset_returns' is not in the whitelist.[39m
[31m    at validateTableName (C:\Users\admin\Downloads\nib_hr\backend\controllers\core\table.controller.js:1467:11)[39m
[31m    at C:\Users\admin\Downloads\nib_hr\backend\controllers\core\table.controller.js:1474:21[39m
[31m    at C:\Users\admin\Downloads\nib_hr\backend\utils\asyncHandler.js:4:21[39m
[31m    at Layer.handle [as handle_request] (C:\Users\admin\Downloads\nib_hr\backend\node_modules\express\lib\router\layer.js:95:5)[39m
[31m    at next (C:\Users\admin\Downloads\nib_hr\backend\node_modules\express\lib\router\route.js:149:13)[39m
[31m    at C:\Users\admin\Downloads\nib_hr\backend\middleware\audit.middleware.js:98:5[39m
[31m    at Layer.handle [as handle_request] (C:\Users\admin\Downloads\nib_hr\backend\node_modules\express\lib\router\layer.js:95:5)[39m
[31m    at next (C:\Users\admin\Downloads\nib_hr\backend\node_modules\express\lib\router\route.js:149:13)[39m
[31m    at Route.dispatch (C:\Users\admin\Downloads\nib_hr\backend\node_modules\express\lib\router\route.js:119:3)[39m
[31m    at Layer.handle [as handle_request] (C:\Users\admin\Downloads\nib_hr\backend\node_modules\express\lib\router\layer.js:95:5)[39m
2026-09-11 16:43:38:4338 [31merror[39m: [31mGET /api/table/no_dues - Error: Access restricted: Table 'no_dues' is not in the whitelist.[39m
[31mStack: Error: Access restricted: Table 'no_dues' is not in the whitelist.[39m
[31m    at validateTableName (C:\Users\admin\Downloads\nib_hr\backend\controllers\core\table.controller.js:1467:11)[39m
[31m    at C:\Users\admin\Downloads\nib_hr\backend\controllers\core\table.controller.js:1474:21[39m
[31m    at C:\Users\admin\Downloads\nib_hr\backend\utils\asyncHandler.js:4:21[39m
[31m    at Layer.handle [as handle_request] (C:\Users\admin\Downloads\nib_hr\backend\node_modules\express\lib\router\layer.js:95:5)[39m
[31m    at next (C:\Users\admin\Downloads\nib_hr\backend\node_modules\express\lib\router\route.js:149:13)[39m
[31m    at C:\Users\admin\Downloads\nib_hr\backend\middleware\audit.middleware.js:98:5[39m
[31m    at Layer.handle [as handle_request] (C:\Users\admin\Downloads\nib_hr\backend\node_modules\express\lib\router\layer.js:95:5)[39m
[31m    at next (C:\Users\admin\Downloads\nib_hr\backend\node_modules\express\lib\router\route.js:149:13)[39m
[31m    at Route.dispatch (C:\Users\admin\Downloads\nib_hr\backend\node_modules\express\lib\router\route.js:119:3)[39m
[31m    at Layer.handle [as handle_request] (C:\Users\admin\Downloads\nib_hr\backend\node_modules\express\lib\router\layer.js:95:5)[39m
2026-09-11 16:43:38:4338 [31merror[39m: [31mGET /api/table/fnf_settlements - Error: Access restricted: Table 'fnf_settlements' is not in the whitelist.[39m
[31mStack: Error: Access restricted: Table 'fnf_settlements' is not in the whitelist.[39m
[31m    at validateTableName (C:\Users\admin\Downloads\nib_hr\backend\controllers\core\table.controller.js:1467:11)[39m
[31m    at C:\Users\admin\Downloads\nib_hr\backend\controllers\core\table.controller.js:1474:21[39m
[31m    at C:\Users\admin\Downloads\nib_hr\backend\utils\asyncHandler.js:4:21[39m
[31m    at Layer.handle [as handle_request] (C:\Users\admin\Downloads\nib_hr\backend\node_modules\express\lib\router\layer.js:95:5)[39m
[31m    at next (C:\Users\admin\Downloads\nib_hr\backend\node_modules\express\lib\router\route.js:149:13)[39m
[31m    at C:\Users\admin\Downloads\nib_hr\backend\middleware\audit.middleware.js:98:5[39m
[31m    at Layer.handle [as handle_request] (C:\Users\admin\Downloads\nib_hr\backend\node_modules\express\lib\router\layer.js:95:5)[39m
[31m    at next (C:\Users\admin\Downloads\nib_hr\backend\node_modules\express\lib\router\route.js:149:13)[39m
[31m    at Route.dispatch (C:\Users\admin\Downloads\nib_hr\backend\node_modules\express\lib\router\route.js:119:3)[39m
[31m    at Layer.handle [as handle_request] (C:\Users\admin\Downloads\nib_hr\backend\node_modules\express\lib\router\layer.js:95:5)[39m
2026-09-11 16:43:38:4338 [31merror[39m: [31mGET /api/table/exit_interviews - Error: Access restricted: Table 'exit_interviews' is not in the whitelist.[39m
[31mStack: Error: Access restricted: Table 'exit_interviews' is not in the whitelist.[39m
[31m    at validateTableName (C:\Users\admin\Downloads\nib_hr\backend\controllers\core\table.controller.js:1467:11)[39m
[31m    at C:\Users\admin\Downloads\nib_hr\backend\controllers\core\table.controller.js:1474:21[39m
[31m    at C:\Users\admin\Downloads\nib_hr\backend\utils\asyncHandler.js:4:21[39m
[31m    at Layer.handle [as handle_request] (C:\Users\admin\Downloads\nib_hr\backend\node_modules\express\lib\router\layer.js:95:5)[39m
[31m    at next (C:\Users\admin\Downloads\nib_hr\backend\node_modules\express\lib\router\route.js:149:13)[39m
[31m    at C:\Users\admin\Downloads\nib_hr\backend\middleware\audit.middleware.js:98:5[39m
[31m    at Layer.handle [as handle_request] (C:\Users\admin\Downloads\nib_hr\backend\node_modules\express\lib\router\layer.js:95:5)[39m
[31m    at next (C:\Users\admin\Downloads\nib_hr\backend\node_modules\express\lib\router\route.js:149:13)[39m
[31m    at Route.dispatch (C:\Users\admin\Downloads\nib_hr\backend\node_modules\express\lib\router\route.js:119:3)[39m
[31m    at Layer.handle [as handle_request] (C:\Users\admin\Downloads\nib_hr\backend\node_modules\express\lib\router\layer.js:95:5)[39m
2026-09-11 16:43:38:4338 [31merror[39m: [31mGET /api/table/experience_letters - Error: Access restricted: Table 'experience_letters' is not in the whitelist.[39m
[31mStack: Error: Access restricted: Table 'experience_letters' is not in the whitelist.[39m
[31m    at validateTableName (C:\Users\admin\Downloads\nib_hr\backend\controllers\core\table.controller.js:1467:11)[39m
[31m    at C:\Users\admin\Downloads\nib_hr\backend\controllers\core\table.controller.js:1474:21[39m
[31m    at C:\Users\admin\Downloads\nib_hr\backend\utils\asyncHandler.js:4:21[39m
[31m    at Layer.handle [as handle_request] (C:\Users\admin\Downloads\nib_hr\backend\node_modules\express\lib\router\layer.js:95:5)[39m
[31m    at next (C:\Users\admin\Downloads\nib_hr\backend\node_modules\express\lib\router\route.js:149:13)[39m
[31m    at C:\Users\admin\Downloads\nib_hr\backend\middleware\audit.middleware.js:98:5[39m
[31m    at Layer.handle [as handle_request] (C:\Users\admin\Downloads\nib_hr\backend\node_modules\express\lib\router\layer.js:95:5)[39m
[31m    at next (C:\Users\admin\Downloads\nib_hr\backend\node_modules\express\lib\router\route.js:149:13)[39m
[31m    at Route.dispatch (C:\Users\admin\Downloads\nib_hr\backend\node_modules\express\lib\router\route.js:119:3)[39m
[31m    at Layer.handle [as handle_request] (C:\Users\admin\Downloads\nib_hr\backend\node_modules\express\lib\router\layer.js:95:5)[39m
2026-09-11 16:43:38:4338 [31merror[39m: [31mGET /api/table/documents - Error: Access restricted: Table 'documents' is not in the whitelist.[39m
[31mStack: Error: Access restricted: Table 'documents' is not in the whitelist.[39m
[31m    at validateTableName (C:\Users\admin\Downloads\nib_hr\backend\controllers\core\table.controller.js:1467:11)[39m
[31m    at C:\Users\admin\Downloads\nib_hr\backend\controllers\core\table.controller.js:1474:21[39m
[31m    at C:\Users\admin\Downloads\nib_hr\backend\utils\asyncHandler.js:4:21[39m
[31m    at Layer.handle [as handle_request] (C:\Users\admin\Downloads\nib_hr\backend\node_modules\express\lib\router\layer.js:95:5)[39m
[31m    at next (C:\Users\admin\Downloads\nib_hr\backend\node_modules\express\lib\router\route.js:149:13)[39m
[31m    at C:\Users\admin\Downloads\nib_hr\backend\middleware\audit.middleware.js:98:5[39m
[31m    at Layer.handle [as handle_request] (C:\Users\admin\Downloads\nib_hr\backend\node_modules\express\lib\router\layer.js:95:5)[39m
[31m    at next (C:\Users\admin\Downloads\nib_hr\backend\node_modules\express\lib\router\route.js:149:13)[39m
[31m    at Route.dispatch (C:\Users\admin\Downloads\nib_hr\backend\node_modules\express\lib\router\route.js:119:3)[39m
[31m    at Layer.handle [as handle_request] (C:\Users\admin\Downloads\nib_hr\backend\node_modules\express\lib\router\layer.js:95:5)[39m
2026-09-11 16:43:39:4339 [31merror[39m: [31mGET /api/table/exit_requests - Error: Access restricted: Table 'exit_requests' is not in the whitelist.[39m
[31mStack: Error: Access restricted: Table 'exit_requests' is not in the whitelist.[39m
[31m    at validateTableName (C:\Users\admin\Downloads\nib_hr\backend\controllers\core\table.controller.js:1467:11)[39m
[31m    at C:\Users\admin\Downloads\nib_hr\backend\controllers\core\table.controller.js:1474:21[39m
[31m    at C:\Users\admin\Downloads\nib_hr\backend\utils\asyncHandler.js:4:21[39m
[31m    at Layer.handle [as handle_request] (C:\Users\admin\Downloads\nib_hr\backend\node_modules\express\lib\router\layer.js:95:5)[39m
[31m    at next (C:\Users\admin\Downloads\nib_hr\backend\node_modules\express\lib\router\route.js:149:13)[39m
[31m    at C:\Users\admin\Downloads\nib_hr\backend\middleware\audit.middleware.js:98:5[39m
[31m    at Layer.handle [as handle_request] (C:\Users\admin\Downloads\nib_hr\backend\node_modules\express\lib\router\layer.js:95:5)[39m
[31m    at next (C:\Users\admin\Downloads\nib_hr\backend\node_modules\express\lib\router\route.js:149:13)[39m
[31m    at Route.dispatch (C:\Users\admin\Downloads\nib_hr\backend\node_modules\express\lib\router\route.js:119:3)[39m
[31m    at Layer.handle [as handle_request] (C:\Users\admin\Downloads\nib_hr\backend\node_modules\express\lib\router\layer.js:95:5)[39m
2026-09-11 16:43:39:4339 [31merror[39m: [31mGET /api/table/notice_periods - Error: Access restricted: Table 'notice_periods' is not in the whitelist.[39m
[31mStack: Error: Access restricted: Table 'notice_periods' is not in the whitelist.[39m
[31m    at validateTableName (C:\Users\admin\Downloads\nib_hr\backend\controllers\core\table.controller.js:1467:11)[39m
[31m    at C:\Users\admin\Downloads\nib_hr\backend\controllers\core\table.controller.js:1474:21[39m
[31m    at C:\Users\admin\Downloads\nib_hr\backend\utils\asyncHandler.js:4:21[39m
[31m    at Layer.handle [as handle_request] (C:\Users\admin\Downloads\nib_hr\backend\node_modules\express\lib\router\layer.js:95:5)[39m
[31m    at next (C:\Users\admin\Downloads\nib_hr\backend\node_modules\express\lib\router\route.js:149:13)[39m
[31m    at C:\Users\admin\Downloads\nib_hr\backend\middleware\audit.middleware.js:98:5[39m
[31m    at Layer.handle [as handle_request] (C:\Users\admin\Downloads\nib_hr\backend\node_modules\express\lib\router\layer.js:95:5)[39m
[31m    at next (C:\Users\admin\Downloads\nib_hr\backend\node_modules\express\lib\router\route.js:149:13)[39m
[31m    at Route.dispatch (C:\Users\admin\Downloads\nib_hr\backend\node_modules\express\lib\router\route.js:119:3)[39m
[31m    at Layer.handle [as handle_request] (C:\Users\admin\Downloads\nib_hr\backend\node_modules\express\lib\router\layer.js:95:5)[39m
2026-09-11 16:43:39:4339 [31merror[39m: [31mGET /api/table/exit_clearances - Error: Access restricted: Table 'exit_clearances' is not in the whitelist.[39m
[31mStack: Error: Access restricted: Table 'exit_clearances' is not in the whitelist.[39m
[31m    at validateTableName (C:\Users\admin\Downloads\nib_hr\backend\controllers\core\table.controller.js:1467:11)[39m
[31m    at C:\Users\admin\Downloads\nib_hr\backend\controllers\core\table.controller.js:1474:21[39m
[31m    at C:\Users\admin\Downloads\nib_hr\backend\utils\asyncHandler.js:4:21[39m
[31m    at Layer.handle [as handle_request] (C:\Users\admin\Downloads\nib_hr\backend\node_modules\express\lib\router\layer.js:95:5)[39m
[31m    at next (C:\Users\admin\Downloads\nib_hr\backend\node_modules\express\lib\router\route.js:149:13)[39m
[31m    at C:\Users\admin\Downloads\nib_hr\backend\middleware\audit.middleware.js:98:5[39m
[31m    at Layer.handle [as handle_request] (C:\Users\admin\Downloads\nib_hr\backend\node_modules\express\lib\router\layer.js:95:5)[39m
[31m    at next (C:\Users\admin\Downloads\nib_hr\backend\node_modules\express\lib\router\route.js:149:13)[39m
[31m    at Route.dispatch (C:\Users\admin\Downloads\nib_hr\backend\node_modules\express\lib\router\route.js:119:3)[39m
[31m    at Layer.handle [as handle_request] (C:\Users\admin\Downloads\nib_hr\backend\node_modules\express\lib\router\layer.js:95:5)[39m
2026-09-11 16:43:39:4339 [31merror[39m: [31mGET /api/table/asset_returns - Error: Access restricted: Table 'asset_returns' is not in the whitelist.[39m
[31mStack: Error: Access restricted: Table 'asset_returns' is not in the whitelist.[39m
[31m    at validateTableName (C:\Users\admin\Downloads\nib_hr\backend\controllers\core\table.controller.js:1467:11)[39m
[31m    at C:\Users\admin\Downloads\nib_hr\backend\controllers\core\table.controller.js:1474:21[39m
[31m    at C:\Users\admin\Downloads\nib_hr\backend\utils\asyncHandler.js:4:21[39m
[31m    at Layer.handle [as handle_request] (C:\Users\admin\Downloads\nib_hr\backend\node_modules\express\lib\router\layer.js:95:5)[39m
[31m    at next (C:\Users\admin\Downloads\nib_hr\backend\node_modules\express\lib\router\route.js:149:13)[39m
[31m    at C:\Users\admin\Downloads\nib_hr\backend\middleware\audit.middleware.js:98:5[39m
[31m    at Layer.handle [as handle_request] (C:\Users\admin\Downloads\nib_hr\backend\node_modules\express\lib\router\layer.js:95:5)[39m
[31m    at next (C:\Users\admin\Downloads\nib_hr\backend\node_modules\express\lib\router\route.js:149:13)[39m
[31m    at Route.dispatch (C:\Users\admin\Downloads\nib_hr\backend\node_modules\express\lib\router\route.js:119:3)[39m
[31m    at Layer.handle [as handle_request] (C:\Users\admin\Downloads\nib_hr\backend\node_modules\express\lib\router\layer.js:95:5)[39m
2026-09-11 16:43:39:4339 [31merror[39m: [31mGET /api/table/no_dues - Error: Access restricted: Table 'no_dues' is not in the whitelist.[39m
[31mStack: Error: Access restricted: Table 'no_dues' is not in the whitelist.[39m
[31m    at validateTableName (C:\Users\admin\Downloads\nib_hr\backend\controllers\core\table.controller.js:1467:11)[39m
[31m    at C:\Users\admin\Downloads\nib_hr\backend\controllers\core\table.controller.js:1474:21[39m
[31m    at C:\Users\admin\Downloads\nib_hr\backend\utils\asyncHandler.js:4:21[39m
[31m    at Layer.handle [as handle_request] (C:\Users\admin\Downloads\nib_hr\backend\node_modules\express\lib\router\layer.js:95:5)[39m
[31m    at next (C:\Users\admin\Downloads\nib_hr\backend\node_modules\express\lib\router\route.js:149:13)[39m
[31m    at C:\Users\admin\Downloads\nib_hr\backend\middleware\audit.middleware.js:98:5[39m
[31m    at Layer.handle [as handle_request] (C:\Users\admin\Downloads\nib_hr\backend\node_modules\express\lib\router\layer.js:95:5)[39m
[31m    at next (C:\Users\admin\Downloads\nib_hr\backend\node_modules\express\lib\router\route.js:149:13)[39m
[31m    at Route.dispatch (C:\Users\admin\Downloads\nib_hr\backend\node_modules\express\lib\router\route.js:119:3)[39m
[31m    at Layer.handle [as handle_request] (C:\Users\admin\Downloads\nib_hr\backend\node_modules\express\lib\router\layer.js:95:5)[39m
2026-09-11 16:43:39:4339 [31merror[39m: [31mGET /api/table/fnf_settlements - Error: Access restricted: Table 'fnf_settlements' is not in the whitelist.[39m
[31mStack: Error: Access restricted: Table 'fnf_settlements' is not in the whitelist.[39m
[31m    at validateTableName (C:\Users\admin\Downloads\nib_hr\backend\controllers\core\table.controller.js:1467:11)[39m
[31m    at C:\Users\admin\Downloads\nib_hr\backend\controllers\core\table.controller.js:1474:21[39m
[31m    at C:\Users\admin\Downloads\nib_hr\backend\utils\asyncHandler.js:4:21[39m
[31m    at Layer.handle [as handle_request] (C:\Users\admin\Downloads\nib_hr\backend\node_modules\express\lib\router\layer.js:95:5)[39m
[31m    at next (C:\Users\admin\Downloads\nib_hr\backend\node_modules\express\lib\router\route.js:149:13)[39m
[31m    at C:\Users\admin\Downloads\nib_hr\backend\middleware\audit.middleware.js:98:5[39m
[31m    at Layer.handle [as handle_request] (C:\Users\admin\Downloads\nib_hr\backend\node_modules\express\lib\router\layer.js:95:5)[39m
[31m    at next (C:\Users\admin\Downloads\nib_hr\backend\node_modules\express\lib\router\route.js:149:13)[39m
[31m    at Route.dispatch (C:\Users\admin\Downloads\nib_hr\backend\node_modules\express\lib\router\route.js:119:3)[39m
[31m    at Layer.handle [as handle_request] (C:\Users\admin\Downloads\nib_hr\backend\node_modules\express\lib\router\layer.js:95:5)[39m
2026-09-11 16:43:40:4340 [31merror[39m: [31mGET /api/table/exit_interviews - Error: Access restricted: Table 'exit_interviews' is not in the whitelist.[39m
[31mStack: Error: Access restricted: Table 'exit_interviews' is not in the whitelist.[39m
[31m    at validateTableName (C:\Users\admin\Downloads\nib_hr\backend\controllers\core\table.controller.js:1467:11)[39m
[31m    at C:\Users\admin\Downloads\nib_hr\backend\controllers\core\table.controller.js:1474:21[39m
[31m    at C:\Users\admin\Downloads\nib_hr\backend\utils\asyncHandler.js:4:21[39m
[31m    at Layer.handle [as handle_request] (C:\Users\admin\Downloads\nib_hr\backend\node_modules\express\lib\router\layer.js:95:5)[39m
[31m    at next (C:\Users\admin\Downloads\nib_hr\backend\node_modules\express\lib\router\route.js:149:13)[39m
[31m    at C:\Users\admin\Downloads\nib_hr\backend\middleware\audit.middleware.js:98:5[39m
[31m    at Layer.handle [as handle_request] (C:\Users\admin\Downloads\nib_hr\backend\node_modules\express\lib\router\layer.js:95:5)[39m
[31m    at next (C:\Users\admin\Downloads\nib_hr\backend\node_modules\express\lib\router\route.js:149:13)[39m
[31m    at Route.dispatch (C:\Users\admin\Downloads\nib_hr\backend\node_modules\express\lib\router\route.js:119:3)[39m
[31m    at Layer.handle [as handle_request] (C:\Users\admin\Downloads\nib_hr\backend\node_modules\express\lib\router\layer.js:95:5)[39m
2026-09-11 16:43:40:4340 [31merror[39m: [31mGET /api/table/experience_letters - Error: Access restricted: Table 'experience_letters' is not in the whitelist.[39m
[31mStack: Error: Access restricted: Table 'experience_letters' is not in the whitelist.[39m
[31m    at validateTableName (C:\Users\admin\Downloads\nib_hr\backend\controllers\core\table.controller.js:1467:11)[39m
[31m    at C:\Users\admin\Downloads\nib_hr\backend\controllers\core\table.controller.js:1474:21[39m
[31m    at C:\Users\admin\Downloads\nib_hr\backend\utils\asyncHandler.js:4:21[39m
[31m    at Layer.handle [as handle_request] (C:\Users\admin\Downloads\nib_hr\backend\node_modules\express\lib\router\layer.js:95:5)[39m
[31m    at next (C:\Users\admin\Downloads\nib_hr\backend\node_modules\express\lib\router\route.js:149:13)[39m
[31m    at C:\Users\admin\Downloads\nib_hr\backend\middleware\audit.middleware.js:98:5[39m
[31m    at Layer.handle [as handle_request] (C:\Users\admin\Downloads\nib_hr\backend\node_modules\express\lib\router\layer.js:95:5)[39m
[31m    at next (C:\Users\admin\Downloads\nib_hr\backend\node_modules\express\lib\router\route.js:149:13)[39m
[31m    at Route.dispatch (C:\Users\admin\Downloads\nib_hr\backend\node_modules\express\lib\router\route.js:119:3)[39m
[31m    at Layer.handle [as handle_request] (C:\Users\admin\Downloads\nib_hr\backend\node_modules\express\lib\router\layer.js:95:5)[39m
2026-09-11 16:43:40:4340 [31merror[39m: [31mGET /api/table/exit_requests - Error: Access restricted: Table 'exit_requests' is not in the whitelist.[39m
[31mStack: Error: Access restricted: Table 'exit_requests' is not in the whitelist.[39m
[31m    at validateTableName (C:\Users\admin\Downloads\nib_hr\backend\controllers\core\table.controller.js:1467:11)[39m
[31m    at C:\Users\admin\Downloads\nib_hr\backend\controllers\core\table.controller.js:1474:21[39m
[31m    at C:\Users\admin\Downloads\nib_hr\backend\utils\asyncHandler.js:4:21[39m
[31m    at Layer.handle [as handle_request] (C:\Users\admin\Downloads\nib_hr\backend\node_modules\express\lib\router\layer.js:95:5)[39m
[31m    at next (C:\Users\admin\Downloads\nib_hr\backend\node_modules\express\lib\router\route.js:149:13)[39m
[31m    at C:\Users\admin\Downloads\nib_hr\backend\middleware\audit.middleware.js:98:5[39m
[31m    at Layer.handle [as handle_request] (C:\Users\admin\Downloads\nib_hr\backend\node_modules\express\lib\router\layer.js:95:5)[39m
[31m    at next (C:\Users\admin\Downloads\nib_hr\backend\node_modules\express\lib\router\route.js:149:13)[39m
[31m    at Route.dispatch (C:\Users\admin\Downloads\nib_hr\backend\node_modules\express\lib\router\route.js:119:3)[39m
[31m    at Layer.handle [as handle_request] (C:\Users\admin\Downloads\nib_hr\backend\node_modules\express\lib\router\layer.js:95:5)[39m
2026-09-11 16:43:40:4340 [31merror[39m: [31mGET /api/table/notice_periods - Error: Access restricted: Table 'notice_periods' is not in the whitelist.[39m
[31mStack: Error: Access restricted: Table 'notice_periods' is not in the whitelist.[39m
[31m    at validateTableName (C:\Users\admin\Downloads\nib_hr\backend\controllers\core\table.controller.js:1467:11)[39m
[31m    at C:\Users\admin\Downloads\nib_hr\backend\controllers\core\table.controller.js:1474:21[39m
[31m    at C:\Users\admin\Downloads\nib_hr\backend\utils\asyncHandler.js:4:21[39m
[31m    at Layer.handle [as handle_request] (C:\Users\admin\Downloads\nib_hr\backend\node_modules\express\lib\router\layer.js:95:5)[39m
[31m    at next (C:\Users\admin\Downloads\nib_hr\backend\node_modules\express\lib\router\route.js:149:13)[39m
[31m    at C:\Users\admin\Downloads\nib_hr\backend\middleware\audit.middleware.js:98:5[39m
[31m    at Layer.handle [as handle_request] (C:\Users\admin\Downloads\nib_hr\backend\node_modules\express\lib\router\layer.js:95:5)[39m
[31m    at next (C:\Users\admin\Downloads\nib_hr\backend\node_modules\express\lib\router\route.js:149:13)[39m
[31m    at Route.dispatch (C:\Users\admin\Downloads\nib_hr\backend\node_modules\express\lib\router\route.js:119:3)[39m
[31m    at Layer.handle [as handle_request] (C:\Users\admin\Downloads\nib_hr\backend\node_modules\express\lib\router\layer.js:95:5)[39m
2026-09-11 16:43:40:4340 [31merror[39m: [31mGET /api/table/exit_clearances - Error: Access restricted: Table 'exit_clearances' is not in the whitelist.[39m
[31mStack: Error: Access restricted: Table 'exit_clearances' is not in the whitelist.[39m
[31m    at validateTableName (C:\Users\admin\Downloads\nib_hr\backend\controllers\core\table.controller.js:1467:11)[39m
[31m    at C:\Users\admin\Downloads\nib_hr\backend\controllers\core\table.controller.js:1474:21[39m
[31m    at C:\Users\admin\Downloads\nib_hr\backend\utils\asyncHandler.js:4:21[39m
[31m    at Layer.handle [as handle_request] (C:\Users\admin\Downloads\nib_hr\backend\node_modules\express\lib\router\layer.js:95:5)[39m
[31m    at next (C:\Users\admin\Downloads\nib_hr\backend\node_modules\express\lib\router\route.js:149:13)[39m
[31m    at C:\Users\admin\Downloads\nib_hr\backend\middleware\audit.middleware.js:98:5[39m
[31m    at Layer.handle [as handle_request] (C:\Users\admin\Downloads\nib_hr\backend\node_modules\express\lib\router\layer.js:95:5)[39m
[31m    at next (C:\Users\admin\Downloads\nib_hr\backend\node_modules\express\lib\router\route.js:149:13)[39m
[31m    at Route.dispatch (C:\Users\admin\Downloads\nib_hr\backend\node_modules\express\lib\router\route.js:119:3)[39m
[31m    at Layer.handle [as handle_request] (C:\Users\admin\Downloads\nib_hr\backend\node_modules\express\lib\router\layer.js:95:5)[39m
2026-09-11 16:43:40:4340 [31merror[39m: [31mGET /api/table/asset_returns - Error: Access restricted: Table 'asset_returns' is not in the whitelist.[39m
[31mStack: Error: Access restricted: Table 'asset_returns' is not in the whitelist.[39m
[31m    at validateTableName (C:\Users\admin\Downloads\nib_hr\backend\controllers\core\table.controller.js:1467:11)[39m
[31m    at C:\Users\admin\Downloads\nib_hr\backend\controllers\core\table.controller.js:1474:21[39m
[31m    at C:\Users\admin\Downloads\nib_hr\backend\utils\asyncHandler.js:4:21[39m
[31m    at Layer.handle [as handle_request] (C:\Users\admin\Downloads\nib_hr\backend\node_modules\express\lib\router\layer.js:95:5)[39m
[31m    at next (C:\Users\admin\Downloads\nib_hr\backend\node_modules\express\lib\router\route.js:149:13)[39m
[31m    at C:\Users\admin\Downloads\nib_hr\backend\middleware\audit.middleware.js:98:5[39m
[31m    at Layer.handle [as handle_request] (C:\Users\admin\Downloads\nib_hr\backend\node_modules\express\lib\router\layer.js:95:5)[39m
[31m    at next (C:\Users\admin\Downloads\nib_hr\backend\node_modules\express\lib\router\route.js:149:13)[39m
[31m    at Route.dispatch (C:\Users\admin\Downloads\nib_hr\backend\node_modules\express\lib\router\route.js:119:3)[39m
[31m    at Layer.handle [as handle_request] (C:\Users\admin\Downloads\nib_hr\backend\node_modules\express\lib\router\layer.js:95:5)[39m
2026-09-11 16:43:40:4340 [31merror[39m: [31mGET /api/table/no_dues - Error: Access restricted: Table 'no_dues' is not in the whitelist.[39m
[31mStack: Error: Access restricted: Table 'no_dues' is not in the whitelist.[39m
[31m    at validateTableName (C:\Users\admin\Downloads\nib_hr\backend\controllers\core\table.controller.js:1467:11)[39m
[31m    at C:\Users\admin\Downloads\nib_hr\backend\controllers\core\table.controller.js:1474:21[39m
[31m    at C:\Users\admin\Downloads\nib_hr\backend\utils\asyncHandler.js:4:21[39m
[31m    at Layer.handle [as handle_request] (C:\Users\admin\Downloads\nib_hr\backend\node_modules\express\lib\router\layer.js:95:5)[39m
[31m    at next (C:\Users\admin\Downloads\nib_hr\backend\node_modules\express\lib\router\route.js:149:13)[39m
[31m    at C:\Users\admin\Downloads\nib_hr\backend\middleware\audit.middleware.js:98:5[39m
[31m    at Layer.handle [as handle_request] (C:\Users\admin\Downloads\nib_hr\backend\node_modules\express\lib\router\layer.js:95:5)[39m
[31m    at next (C:\Users\admin\Downloads\nib_hr\backend\node_modules\express\lib\router\route.js:149:13)[39m
[31m    at Route.dispatch (C:\Users\admin\Downloads\nib_hr\backend\node_modules\express\lib\router\route.js:119:3)[39m
[31m    at Layer.handle [as handle_request] (C:\Users\admin\Downloads\nib_hr\backend\node_modules\express\lib\router\layer.js:95:5)[39m
2026-09-11 16:43:40:4340 [31merror[39m: [31mGET /api/table/fnf_settlements - Error: Access restricted: Table 'fnf_settlements' is not in the whitelist.[39m
[31mStack: Error: Access restricted: Table 'fnf_settlements' is not in the whitelist.[39m
[31m    at validateTableName (C:\Users\admin\Downloads\nib_hr\backend\controllers\core\table.controller.js:1467:11)[39m
[31m    at C:\Users\admin\Downloads\nib_hr\backend\controllers\core\table.controller.js:1474:21[39m
[31m    at C:\Users\admin\Downloads\nib_hr\backend\utils\asyncHandler.js:4:21[39m
[31m    at Layer.handle [as handle_request] (C:\Users\admin\Downloads\nib_hr\backend\node_modules\express\lib\router\layer.js:95:5)[39m
[31m    at next (C:\Users\admin\Downloads\nib_hr\backend\node_modules\express\lib\router\route.js:149:13)[39m
[31m    at C:\Users\admin\Downloads\nib_hr\backend\middleware\audit.middleware.js:98:5[39m
[31m    at Layer.handle [as handle_request] (C:\Users\admin\Downloads\nib_hr\backend\node_modules\express\lib\router\layer.js:95:5)[39m
[31m    at next (C:\Users\admin\Downloads\nib_hr\backend\node_modules\express\lib\router\route.js:149:13)[39m
[31m    at Route.dispatch (C:\Users\admin\Downloads\nib_hr\backend\node_modules\express\lib\router\route.js:119:3)[39m
[31m    at Layer.handle [as handle_request] (C:\Users\admin\Downloads\nib_hr\backend\node_modules\express\lib\router\layer.js:95:5)[39m
2026-09-11 16:43:40:4340 [31merror[39m: [31mGET /api/table/exit_interviews - Error: Access restricted: Table 'exit_interviews' is not in the whitelist.[39m
[31mStack: Error: Access restricted: Table 'exit_interviews' is not in the whitelist.[39m
[31m    at validateTableName (C:\Users\admin\Downloads\nib_hr\backend\controllers\core\table.controller.js:1467:11)[39m
[31m    at C:\Users\admin\Downloads\nib_hr\backend\controllers\core\table.controller.js:1474:21[39m
[31m    at C:\Users\admin\Downloads\nib_hr\backend\utils\asyncHandler.js:4:21[39m
[31m    at Layer.handle [as handle_request] (C:\Users\admin\Downloads\nib_hr\backend\node_modules\express\lib\router\layer.js:95:5)[39m
[31m    at next (C:\Users\admin\Downloads\nib_hr\backend\node_modules\express\lib\router\route.js:149:13)[39m
[31m    at C:\Users\admin\Downloads\nib_hr\backend\middleware\audit.middleware.js:98:5[39m
[31m    at Layer.handle [as handle_request] (C:\Users\admin\Downloads\nib_hr\backend\node_modules\express\lib\router\layer.js:95:5)[39m
[31m    at next (C:\Users\admin\Downloads\nib_hr\backend\node_modules\express\lib\router\route.js:149:13)[39m
[31m    at Route.dispatch (C:\Users\admin\Downloads\nib_hr\backend\node_modules\express\lib\router\route.js:119:3)[39m
[31m    at Layer.handle [as handle_request] (C:\Users\admin\Downloads\nib_hr\backend\node_modules\express\lib\router\layer.js:95:5)[39m
2026-09-11 16:43:41:4341 [31merror[39m: [31mGET /api/table/experience_letters - Error: Access restricted: Table 'experience_letters' is not in the whitelist.[39m
[31mStack: Error: Access restricted: Table 'experience_letters' is not in the whitelist.[39m
[31m    at validateTableName (C:\Users\admin\Downloads\nib_hr\backend\controllers\core\table.controller.js:1467:11)[39m
[31m    at C:\Users\admin\Downloads\nib_hr\backend\controllers\core\table.controller.js:1474:21[39m
[31m    at C:\Users\admin\Downloads\nib_hr\backend\utils\asyncHandler.js:4:21[39m
[31m    at Layer.handle [as handle_request] (C:\Users\admin\Downloads\nib_hr\backend\node_modules\express\lib\router\layer.js:95:5)[39m
[31m    at next (C:\Users\admin\Downloads\nib_hr\backend\node_modules\express\lib\router\route.js:149:13)[39m
[31m    at C:\Users\admin\Downloads\nib_hr\backend\middleware\audit.middleware.js:98:5[39m
[31m    at Layer.handle [as handle_request] (C:\Users\admin\Downloads\nib_hr\backend\node_modules\express\lib\router\layer.js:95:5)[39m
[31m    at next (C:\Users\admin\Downloads\nib_hr\backend\node_modules\express\lib\router\route.js:149:13)[39m
[31m    at Route.dispatch (C:\Users\admin\Downloads\nib_hr\backend\node_modules\express\lib\router\route.js:119:3)[39m
[31m    at Layer.handle [as handle_request] (C:\Users\admin\Downloads\nib_hr\backend\node_modules\express\lib\router\layer.js:95:5)[39m
2026-09-11 16:43:41:4341 [31merror[39m: [31mGET /api/table/exit_requests - Error: Access restricted: Table 'exit_requests' is not in the whitelist.[39m
[31mStack: Error: Access restricted: Table 'exit_requests' is not in the whitelist.[39m
[31m    at validateTableName (C:\Users\admin\Downloads\nib_hr\backend\controllers\core\table.controller.js:1467:11)[39m
[31m    at C:\Users\admin\Downloads\nib_hr\backend\controllers\core\table.controller.js:1474:21[39m
[31m    at C:\Users\admin\Downloads\nib_hr\backend\utils\asyncHandler.js:4:21[39m
[31m    at Layer.handle [as handle_request] (C:\Users\admin\Downloads\nib_hr\backend\node_modules\express\lib\router\layer.js:95:5)[39m
[31m    at next (C:\Users\admin\Downloads\nib_hr\backend\node_modules\express\lib\router\route.js:149:13)[39m
[31m    at C:\Users\admin\Downloads\nib_hr\backend\middleware\audit.middleware.js:98:5[39m
[31m    at Layer.handle [as handle_request] (C:\Users\admin\Downloads\nib_hr\backend\node_modules\express\lib\router\layer.js:95:5)[39m
[31m    at next (C:\Users\admin\Downloads\nib_hr\backend\node_modules\express\lib\router\route.js:149:13)[39m
[31m    at Route.dispatch (C:\Users\admin\Downloads\nib_hr\backend\node_modules\express\lib\router\route.js:119:3)[39m
[31m    at Layer.handle [as handle_request] (C:\Users\admin\Downloads\nib_hr\backend\node_modules\express\lib\router\layer.js:95:5)[39m
2026-09-11 16:43:42:4342 [31merror[39m: [31mGET /api/table/exit_requests - Error: Access restricted: Table 'exit_requests' is not in the whitelist.[39m
[31mStack: Error: Access restricted: Table 'exit_requests' is not in the whitelist.[39m
[31m    at validateTableName (C:\Users\admin\Downloads\nib_hr\backend\controllers\core\table.controller.js:1467:11)[39m
[31m    at C:\Users\admin\Downloads\nib_hr\backend\controllers\core\table.controller.js:1474:21[39m
[31m    at C:\Users\admin\Downloads\nib_hr\backend\utils\asyncHandler.js:4:21[39m
[31m    at Layer.handle [as handle_request] (C:\Users\admin\Downloads\nib_hr\backend\node_modules\express\lib\router\layer.js:95:5)[39m
[31m    at next (C:\Users\admin\Downloads\nib_hr\backend\node_modules\express\lib\router\route.js:149:13)[39m
[31m    at C:\Users\admin\Downloads\nib_hr\backend\middleware\audit.middleware.js:98:5[39m
[31m    at Layer.handle [as handle_request] (C:\Users\admin\Downloads\nib_hr\backend\node_modules\express\lib\router\layer.js:95:5)[39m
[31m    at next (C:\Users\admin\Downloads\nib_hr\backend\node_modules\express\lib\router\route.js:149:13)[39m
[31m    at Route.dispatch (C:\Users\admin\Downloads\nib_hr\backend\node_modules\express\lib\router\route.js:119:3)[39m
[31m    at Layer.handle [as handle_request] (C:\Users\admin\Downloads\nib_hr\backend\node_modules\express\lib\router\layer.js:95:5)[39m
2026-09-11 16:43:43:4343 [31merror[39m: [31mGET /api/table/exit_requests - Error: Access restricted: Table 'exit_requests' is not in the whitelist.[39m
[31mStack: Error: Access restricted: Table 'exit_requests' is not in the whitelist.[39m
[31m    at validateTableName (C:\Users\admin\Downloads\nib_hr\backend\controllers\core\table.controller.js:1467:11)[39m
[31m    at C:\Users\admin\Downloads\nib_hr\backend\controllers\core\table.controller.js:1474:21[39m
[31m    at C:\Users\admin\Downloads\nib_hr\backend\utils\asyncHandler.js:4:21[39m
[31m    at Layer.handle [as handle_request] (C:\Users\admin\Downloads\nib_hr\backend\node_modules\express\lib\router\layer.js:95:5)[39m
[31m    at next (C:\Users\admin\Downloads\nib_hr\backend\node_modules\express\lib\router\route.js:149:13)[39m
[31m    at C:\Users\admin\Downloads\nib_hr\backend\middleware\audit.middleware.js:98:5[39m
[31m    at Layer.handle [as handle_request] (C:\Users\admin\Downloads\nib_hr\backend\node_modules\express\lib\router\layer.js:95:5)[39m
[31m    at next (C:\Users\admin\Downloads\nib_hr\backend\node_modules\express\lib\router\route.js:149:13)[39m
[31m    at Route.dispatch (C:\Users\admin\Downloads\nib_hr\backend\node_modules\express\lib\router\route.js:119:3)[39m
[31m    at Layer.handle [as handle_request] (C:\Users\admin\Downloads\nib_hr\backend\node_modules\express\lib\router\layer.js:95:5)[39m
2026-09-11 16:43:43:4343 [31merror[39m: [31mGET /api/table/exit_requests - Error: Access restricted: Table 'exit_requests' is not in the whitelist.[39m
[31mStack: Error: Access restricted: Table 'exit_requests' is not in the whitelist.[39m
[31m    at validateTableName (C:\Users\admin\Downloads\nib_hr\backend\controllers\core\table.controller.js:1467:11)[39m
[31m    at C:\Users\admin\Downloads\nib_hr\backend\controllers\core\table.controller.js:1474:21[39m
[31m    at C:\Users\admin\Downloads\nib_hr\backend\utils\asyncHandler.js:4:21[39m
[31m    at Layer.handle [as handle_request] (C:\Users\admin\Downloads\nib_hr\backend\node_modules\express\lib\router\layer.js:95:5)[39m
[31m    at next (C:\Users\admin\Downloads\nib_hr\backend\node_modules\express\lib\router\route.js:149:13)[39m
[31m    at C:\Users\admin\Downloads\nib_hr\backend\middleware\audit.middleware.js:98:5[39m
[31m    at Layer.handle [as handle_request] (C:\Users\admin\Downloads\nib_hr\backend\node_modules\express\lib\router\layer.js:95:5)[39m
[31m    at next (C:\Users\admin\Downloads\nib_hr\backend\node_modules\express\lib\router\route.js:149:13)[39m
[31m    at Route.dispatch (C:\Users\admin\Downloads\nib_hr\backend\node_modules\express\lib\router\route.js:119:3)[39m
[31m    at Layer.handle [as handle_request] (C:\Users\admin\Downloads\nib_hr\backend\node_modules\express\lib\router\layer.js:95:5)[39m
2026-09-11 16:43:43:4343 [31merror[39m: [31mGET /api/table/exit_requests - Error: Access restricted: Table 'exit_requests' is not in the whitelist.[39m
[31mStack: Error: Access restricted: Table 'exit_requests' is not in the whitelist.[39m
[31m    at validateTableName (C:\Users\admin\Downloads\nib_hr\backend\controllers\core\table.controller.js:1467:11)[39m
[31m    at C:\Users\admin\Downloads\nib_hr\backend\controllers\core\table.controller.js:1474:21[39m
[31m    at C:\Users\admin\Downloads\nib_hr\backend\utils\asyncHandler.js:4:21[39m
[31m    at Layer.handle [as handle_request] (C:\Users\admin\Downloads\nib_hr\backend\node_modules\express\lib\router\layer.js:95:5)[39m
[31m    at next (C:\Users\admin\Downloads\nib_hr\backend\node_modules\express\lib\router\route.js:149:13)[39m
[31m    at C:\Users\admin\Downloads\nib_hr\backend\middleware\audit.middleware.js:98:5[39m
[31m    at Layer.handle [as handle_request] (C:\Users\admin\Downloads\nib_hr\backend\node_modules\express\lib\router\layer.js:95:5)[39m
[31m    at next (C:\Users\admin\Downloads\nib_hr\backend\node_modules\express\lib\router\route.js:149:13)[39m
[31m    at Route.dispatch (C:\Users\admin\Downloads\nib_hr\backend\node_modules\express\lib\router\route.js:119:3)[39m
[31m    at Layer.handle [as handle_request] (C:\Users\admin\Downloads\nib_hr\backend\node_modules\express\lib\router\layer.js:95:5)[39m
2026-09-11 16:43:43:4343 [31merror[39m: [31mGET /api/table/exit_requests - Error: Access restricted: Table 'exit_requests' is not in the whitelist.[39m
[31mStack: Error: Access restricted: Table 'exit_requests' is not in the whitelist.[39m
[31m    at validateTableName (C:\Users\admin\Downloads\nib_hr\backend\controllers\core\table.controller.js:1467:11)[39m
[31m    at C:\Users\admin\Downloads\nib_hr\backend\controllers\core\table.controller.js:1474:21[39m
[31m    at C:\Users\admin\Downloads\nib_hr\backend\utils\asyncHandler.js:4:21[39m
[31m    at Layer.handle [as handle_request] (C:\Users\admin\Downloads\nib_hr\backend\node_modules\express\lib\router\layer.js:95:5)[39m
[31m    at next (C:\Users\admin\Downloads\nib_hr\backend\node_modules\express\lib\router\route.js:149:13)[39m
[31m    at C:\Users\admin\Downloads\nib_hr\backend\middleware\audit.middleware.js:98:5[39m
[31m    at Layer.handle [as handle_request] (C:\Users\admin\Downloads\nib_hr\backend\node_modules\express\lib\router\layer.js:95:5)[39m
[31m    at next (C:\Users\admin\Downloads\nib_hr\backend\node_modules\express\lib\router\route.js:149:13)[39m
[31m    at Route.dispatch (C:\Users\admin\Downloads\nib_hr\backend\node_modules\express\lib\router\route.js:119:3)[39m
[31m    at Layer.handle [as handle_request] (C:\Users\admin\Downloads\nib_hr\backend\node_modules\express\lib\router\layer.js:95:5)[39m
2026-09-11 16:43:43:4343 [31merror[39m: [31mGET /api/table/exit_requests - Error: Access restricted: Table 'exit_requests' is not in the whitelist.[39m
[31mStack: Error: Access restricted: Table 'exit_requests' is not in the whitelist.[39m
[31m    at validateTableName (C:\Users\admin\Downloads\nib_hr\backend\controllers\core\table.controller.js:1467:11)[39m
[31m    at C:\Users\admin\Downloads\nib_hr\backend\controllers\core\table.controller.js:1474:21[39m
[31m    at C:\Users\admin\Downloads\nib_hr\backend\utils\asyncHandler.js:4:21[39m
[31m    at Layer.handle [as handle_request] (C:\Users\admin\Downloads\nib_hr\backend\node_modules\express\lib\router\layer.js:95:5)[39m
[31m    at next (C:\Users\admin\Downloads\nib_hr\backend\node_modules\express\lib\router\route.js:149:13)[39m
[31m    at C:\Users\admin\Downloads\nib_hr\backend\middleware\audit.middleware.js:98:5[39m
[31m    at Layer.handle [as handle_request] (C:\Users\admin\Downloads\nib_hr\backend\node_modules\express\lib\router\layer.js:95:5)[39m
[31m    at next (C:\Users\admin\Downloads\nib_hr\backend\node_modules\express\lib\router\route.js:149:13)[39m
[31m    at Route.dispatch (C:\Users\admin\Downloads\nib_hr\backend\node_modules\express\lib\router\route.js:119:3)[39m
[31m    at Layer.handle [as handle_request] (C:\Users\admin\Downloads\nib_hr\backend\node_modules\express\lib\router\layer.js:95:5)[39m
2026-09-11 16:43:43:4343 [31merror[39m: [31mGET /api/table/exit_requests - Error: Access restricted: Table 'exit_requests' is not in the whitelist.[39m
[31mStack: Error: Access restricted: Table 'exit_requests' is not in the whitelist.[39m
[31m    at validateTableName (C:\Users\admin\Downloads\nib_hr\backend\controllers\core\table.controller.js:1467:11)[39m
[31m    at C:\Users\admin\Downloads\nib_hr\backend\controllers\core\table.controller.js:1474:21[39m
[31m    at C:\Users\admin\Downloads\nib_hr\backend\utils\asyncHandler.js:4:21[39m
[31m    at Layer.handle [as handle_request] (C:\Users\admin\Downloads\nib_hr\backend\node_modules\express\lib\router\layer.js:95:5)[39m
[31m    at next (C:\Users\admin\Downloads\nib_hr\backend\node_modules\express\lib\router\route.js:149:13)[39m
[31m    at C:\Users\admin\Downloads\nib_hr\backend\middleware\audit.middleware.js:98:5[39m
[31m    at Layer.handle [as handle_request] (C:\Users\admin\Downloads\nib_hr\backend\node_modules\express\lib\router\layer.js:95:5)[39m
[31m    at next (C:\Users\admin\Downloads\nib_hr\backend\node_modules\express\lib\router\route.js:149:13)[39m
[31m    at Route.dispatch (C:\Users\admin\Downloads\nib_hr\backend\node_modules\express\lib\router\route.js:119:3)[39m
[31m    at Layer.handle [as handle_request] (C:\Users\admin\Downloads\nib_hr\backend\node_modules\express\lib\router\layer.js:95:5)[39m
2026-09-11 16:49:38:4938 [31merror[39m: [31mGET /api/table/documents - Error: Access restricted: Table 'documents' is not in the whitelist.[39m
[31mStack: Error: Access restricted: Table 'documents' is not in the whitelist.[39m
[31m    at validateTableName (C:\Users\admin\Downloads\nib_hr\backend\controllers\core\table.controller.js:1467:11)[39m
[31m    at C:\Users\admin\Downloads\nib_hr\backend\controllers\core\table.controller.js:1474:21[39m
[31m    at C:\Users\admin\Downloads\nib_hr\backend\utils\asyncHandler.js:4:21[39m
[31m    at Layer.handle [as handle_request] (C:\Users\admin\Downloads\nib_hr\backend\node_modules\express\lib\router\layer.js:95:5)[39m
[31m    at next (C:\Users\admin\Downloads\nib_hr\backend\node_modules\express\lib\router\route.js:149:13)[39m
[31m    at C:\Users\admin\Downloads\nib_hr\backend\middleware\audit.middleware.js:98:5[39m
[31m    at Layer.handle [as handle_request] (C:\Users\admin\Downloads\nib_hr\backend\node_modules\express\lib\router\layer.js:95:5)[39m
[31m    at next (C:\Users\admin\Downloads\nib_hr\backend\node_modules\express\lib\router\route.js:149:13)[39m
[31m    at Route.dispatch (C:\Users\admin\Downloads\nib_hr\backend\node_modules\express\lib\router\route.js:119:3)[39m
[31m    at Layer.handle [as handle_request] (C:\Users\admin\Downloads\nib_hr\backend\node_modules\express\lib\router\layer.js:95:5)[39m
2026-09-11 16:49:39:4939 [31merror[39m: [31mGET /api/table/exit_requests - Error: Access restricted: Table 'exit_requests' is not in the whitelist.[39m
[31mStack: Error: Access restricted: Table 'exit_requests' is not in the whitelist.[39m
[31m    at validateTableName (C:\Users\admin\Downloads\nib_hr\backend\controllers\core\table.controller.js:1467:11)[39m
[31m    at C:\Users\admin\Downloads\nib_hr\backend\controllers\core\table.controller.js:1474:21[39m
[31m    at C:\Users\admin\Downloads\nib_hr\backend\utils\asyncHandler.js:4:21[39m
[31m    at Layer.handle [as handle_request] (C:\Users\admin\Downloads\nib_hr\backend\node_modules\express\lib\router\layer.js:95:5)[39m
[31m    at next (C:\Users\admin\Downloads\nib_hr\backend\node_modules\express\lib\router\route.js:149:13)[39m
[31m    at C:\Users\admin\Downloads\nib_hr\backend\middleware\audit.middleware.js:98:5[39m
[31m    at Layer.handle [as handle_request] (C:\Users\admin\Downloads\nib_hr\backend\node_modules\express\lib\router\layer.js:95:5)[39m
[31m    at next (C:\Users\admin\Downloads\nib_hr\backend\node_modules\express\lib\router\route.js:149:13)[39m
[31m    at Route.dispatch (C:\Users\admin\Downloads\nib_hr\backend\node_modules\express\lib\router\route.js:119:3)[39m
[31m    at Layer.handle [as handle_request] (C:\Users\admin\Downloads\nib_hr\backend\node_modules\express\lib\router\layer.js:95:5)[39m
2026-09-11 16:49:39:4939 [31merror[39m: [31mGET /api/table/notice_periods - Error: Access restricted: Table 'notice_periods' is not in the whitelist.[39m
[31mStack: Error: Access restricted: Table 'notice_periods' is not in the whitelist.[39m
[31m    at validateTableName (C:\Users\admin\Downloads\nib_hr\backend\controllers\core\table.controller.js:1467:11)[39m
[31m    at C:\Users\admin\Downloads\nib_hr\backend\controllers\core\table.controller.js:1474:21[39m
[31m    at C:\Users\admin\Downloads\nib_hr\backend\utils\asyncHandler.js:4:21[39m
[31m    at Layer.handle [as handle_request] (C:\Users\admin\Downloads\nib_hr\backend\node_modules\express\lib\router\layer.js:95:5)[39m
[31m    at next (C:\Users\admin\Downloads\nib_hr\backend\node_modules\express\lib\router\route.js:149:13)[39m
[31m    at C:\Users\admin\Downloads\nib_hr\backend\middleware\audit.middleware.js:98:5[39m
[31m    at Layer.handle [as handle_request] (C:\Users\admin\Downloads\nib_hr\backend\node_modules\express\lib\router\layer.js:95:5)[39m
[31m    at next (C:\Users\admin\Downloads\nib_hr\backend\node_modules\express\lib\router\route.js:149:13)[39m
[31m    at Route.dispatch (C:\Users\admin\Downloads\nib_hr\backend\node_modules\express\lib\router\route.js:119:3)[39m
[31m    at Layer.handle [as handle_request] (C:\Users\admin\Downloads\nib_hr\backend\node_modules\express\lib\router\layer.js:95:5)[39m
2026-09-11 16:49:39:4939 [31merror[39m: [31mGET /api/table/exit_clearances - Error: Access restricted: Table 'exit_clearances' is not in the whitelist.[39m
[31mStack: Error: Access restricted: Table 'exit_clearances' is not in the whitelist.[39m
[31m    at validateTableName (C:\Users\admin\Downloads\nib_hr\backend\controllers\core\table.controller.js:1467:11)[39m
[31m    at C:\Users\admin\Downloads\nib_hr\backend\controllers\core\table.controller.js:1474:21[39m
[31m    at C:\Users\admin\Downloads\nib_hr\backend\utils\asyncHandler.js:4:21[39m
[31m    at Layer.handle [as handle_request] (C:\Users\admin\Downloads\nib_hr\backend\node_modules\express\lib\router\layer.js:95:5)[39m
[31m    at next (C:\Users\admin\Downloads\nib_hr\backend\node_modules\express\lib\router\route.js:149:13)[39m
[31m    at C:\Users\admin\Downloads\nib_hr\backend\middleware\audit.middleware.js:98:5[39m
[31m    at Layer.handle [as handle_request] (C:\Users\admin\Downloads\nib_hr\backend\node_modules\express\lib\router\layer.js:95:5)[39m
[31m    at next (C:\Users\admin\Downloads\nib_hr\backend\node_modules\express\lib\router\route.js:149:13)[39m
[31m    at Route.dispatch (C:\Users\admin\Downloads\nib_hr\backend\node_modules\express\lib\router\route.js:119:3)[39m
[31m    at Layer.handle [as handle_request] (C:\Users\admin\Downloads\nib_hr\backend\node_modules\express\lib\router\layer.js:95:5)[39m
2026-09-11 16:49:39:4939 [31merror[39m: [31mGET /api/table/asset_returns - Error: Access restricted: Table 'asset_returns' is not in the whitelist.[39m
[31mStack: Error: Access restricted: Table 'asset_returns' is not in the whitelist.[39m
[31m    at validateTableName (C:\Users\admin\Downloads\nib_hr\backend\controllers\core\table.controller.js:1467:11)[39m
[31m    at C:\Users\admin\Downloads\nib_hr\backend\controllers\core\table.controller.js:1474:21[39m
[31m    at C:\Users\admin\Downloads\nib_hr\backend\utils\asyncHandler.js:4:21[39m
[31m    at Layer.handle [as handle_request] (C:\Users\admin\Downloads\nib_hr\backend\node_modules\express\lib\router\layer.js:95:5)[39m
[31m    at next (C:\Users\admin\Downloads\nib_hr\backend\node_modules\express\lib\router\route.js:149:13)[39m
[31m    at C:\Users\admin\Downloads\nib_hr\backend\middleware\audit.middleware.js:98:5[39m
[31m    at Layer.handle [as handle_request] (C:\Users\admin\Downloads\nib_hr\backend\node_modules\express\lib\router\layer.js:95:5)[39m
[31m    at next (C:\Users\admin\Downloads\nib_hr\backend\node_modules\express\lib\router\route.js:149:13)[39m
[31m    at Route.dispatch (C:\Users\admin\Downloads\nib_hr\backend\node_modules\express\lib\router\route.js:119:3)[39m
[31m    at Layer.handle [as handle_request] (C:\Users\admin\Downloads\nib_hr\backend\node_modules\express\lib\router\layer.js:95:5)[39m
2026-09-11 16:49:39:4939 [31merror[39m: [31mGET /api/table/no_dues - Error: Access restricted: Table 'no_dues' is not in the whitelist.[39m
[31mStack: Error: Access restricted: Table 'no_dues' is not in the whitelist.[39m
[31m    at validateTableName (C:\Users\admin\Downloads\nib_hr\backend\controllers\core\table.controller.js:1467:11)[39m
[31m    at C:\Users\admin\Downloads\nib_hr\backend\controllers\core\table.controller.js:1474:21[39m
[31m    at C:\Users\admin\Downloads\nib_hr\backend\utils\asyncHandler.js:4:21[39m
[31m    at Layer.handle [as handle_request] (C:\Users\admin\Downloads\nib_hr\backend\node_modules\express\lib\router\layer.js:95:5)[39m
[31m    at next (C:\Users\admin\Downloads\nib_hr\backend\node_modules\express\lib\router\route.js:149:13)[39m
[31m    at C:\Users\admin\Downloads\nib_hr\backend\middleware\audit.middleware.js:98:5[39m
[31m    at Layer.handle [as handle_request] (C:\Users\admin\Downloads\nib_hr\backend\node_modules\express\lib\router\layer.js:95:5)[39m
[31m    at next (C:\Users\admin\Downloads\nib_hr\backend\node_modules\express\lib\router\route.js:149:13)[39m
[31m    at Route.dispatch (C:\Users\admin\Downloads\nib_hr\backend\node_modules\express\lib\router\route.js:119:3)[39m
[31m    at Layer.handle [as handle_request] (C:\Users\admin\Downloads\nib_hr\backend\node_modules\express\lib\router\layer.js:95:5)[39m
2026-09-11 16:49:39:4939 [31merror[39m: [31mGET /api/table/fnf_settlements - Error: Access restricted: Table 'fnf_settlements' is not in the whitelist.[39m
[31mStack: Error: Access restricted: Table 'fnf_settlements' is not in the whitelist.[39m
[31m    at validateTableName (C:\Users\admin\Downloads\nib_hr\backend\controllers\core\table.controller.js:1467:11)[39m
[31m    at C:\Users\admin\Downloads\nib_hr\backend\controllers\core\table.controller.js:1474:21[39m
[31m    at C:\Users\admin\Downloads\nib_hr\backend\utils\asyncHandler.js:4:21[39m
[31m    at Layer.handle [as handle_request] (C:\Users\admin\Downloads\nib_hr\backend\node_modules\express\lib\router\layer.js:95:5)[39m
[31m    at next (C:\Users\admin\Downloads\nib_hr\backend\node_modules\express\lib\router\route.js:149:13)[39m
[31m    at C:\Users\admin\Downloads\nib_hr\backend\middleware\audit.middleware.js:98:5[39m
[31m    at Layer.handle [as handle_request] (C:\Users\admin\Downloads\nib_hr\backend\node_modules\express\lib\router\layer.js:95:5)[39m
[31m    at next (C:\Users\admin\Downloads\nib_hr\backend\node_modules\express\lib\router\route.js:149:13)[39m
[31m    at Route.dispatch (C:\Users\admin\Downloads\nib_hr\backend\node_modules\express\lib\router\route.js:119:3)[39m
[31m    at Layer.handle [as handle_request] (C:\Users\admin\Downloads\nib_hr\backend\node_modules\express\lib\router\layer.js:95:5)[39m
2026-09-11 16:49:39:4939 [31merror[39m: [31mGET /api/table/exit_interviews - Error: Access restricted: Table 'exit_interviews' is not in the whitelist.[39m
[31mStack: Error: Access restricted: Table 'exit_interviews' is not in the whitelist.[39m
[31m    at validateTableName (C:\Users\admin\Downloads\nib_hr\backend\controllers\core\table.controller.js:1467:11)[39m
[31m    at C:\Users\admin\Downloads\nib_hr\backend\controllers\core\table.controller.js:1474:21[39m
[31m    at C:\Users\admin\Downloads\nib_hr\backend\utils\asyncHandler.js:4:21[39m
[31m    at Layer.handle [as handle_request] (C:\Users\admin\Downloads\nib_hr\backend\node_modules\express\lib\router\layer.js:95:5)[39m
[31m    at next (C:\Users\admin\Downloads\nib_hr\backend\node_modules\express\lib\router\route.js:149:13)[39m
[31m    at C:\Users\admin\Downloads\nib_hr\backend\middleware\audit.middleware.js:98:5[39m
[31m    at Layer.handle [as handle_request] (C:\Users\admin\Downloads\nib_hr\backend\node_modules\express\lib\router\layer.js:95:5)[39m
[31m    at next (C:\Users\admin\Downloads\nib_hr\backend\node_modules\express\lib\router\route.js:149:13)[39m
[31m    at Route.dispatch (C:\Users\admin\Downloads\nib_hr\backend\node_modules\express\lib\router\route.js:119:3)[39m
[31m    at Layer.handle [as handle_request] (C:\Users\admin\Downloads\nib_hr\backend\node_modules\express\lib\router\layer.js:95:5)[39m
2026-09-11 16:49:39:4939 [31merror[39m: [31mGET /api/table/experience_letters - Error: Access restricted: Table 'experience_letters' is not in the whitelist.[39m
[31mStack: Error: Access restricted: Table 'experience_letters' is not in the whitelist.[39m
[31m    at validateTableName (C:\Users\admin\Downloads\nib_hr\backend\controllers\core\table.controller.js:1467:11)[39m
[31m    at C:\Users\admin\Downloads\nib_hr\backend\controllers\core\table.controller.js:1474:21[39m
[31m    at C:\Users\admin\Downloads\nib_hr\backend\utils\asyncHandler.js:4:21[39m
[31m    at Layer.handle [as handle_request] (C:\Users\admin\Downloads\nib_hr\backend\node_modules\express\lib\router\layer.js:95:5)[39m
[31m    at next (C:\Users\admin\Downloads\nib_hr\backend\node_modules\express\lib\router\route.js:149:13)[39m
[31m    at C:\Users\admin\Downloads\nib_hr\backend\middleware\audit.middleware.js:98:5[39m
[31m    at Layer.handle [as handle_request] (C:\Users\admin\Downloads\nib_hr\backend\node_modules\express\lib\router\layer.js:95:5)[39m
[31m    at next (C:\Users\admin\Downloads\nib_hr\backend\node_modules\express\lib\router\route.js:149:13)[39m
[31m    at Route.dispatch (C:\Users\admin\Downloads\nib_hr\backend\node_modules\express\lib\router\route.js:119:3)[39m
[31m    at Layer.handle [as handle_request] (C:\Users\admin\Downloads\nib_hr\backend\node_modules\express\lib\router\layer.js:95:5)[39m
2026-09-11 16:49:39:4939 [31merror[39m: [31mGET /api/table/documents - Error: Access restricted: Table 'documents' is not in the whitelist.[39m
[31mStack: Error: Access restricted: Table 'documents' is not in the whitelist.[39m
[31m    at validateTableName (C:\Users\admin\Downloads\nib_hr\backend\controllers\core\table.controller.js:1467:11)[39m
[31m    at C:\Users\admin\Downloads\nib_hr\backend\controllers\core\table.controller.js:1474:21[39m
[31m    at C:\Users\admin\Downloads\nib_hr\backend\utils\asyncHandler.js:4:21[39m
[31m    at Layer.handle [as handle_request] (C:\Users\admin\Downloads\nib_hr\backend\node_modules\express\lib\router\layer.js:95:5)[39m
[31m    at next (C:\Users\admin\Downloads\nib_hr\backend\node_modules\express\lib\router\route.js:149:13)[39m
[31m    at C:\Users\admin\Downloads\nib_hr\backend\middleware\audit.middleware.js:98:5[39m
[31m    at Layer.handle [as handle_request] (C:\Users\admin\Downloads\nib_hr\backend\node_modules\express\lib\router\layer.js:95:5)[39m
[31m    at next (C:\Users\admin\Downloads\nib_hr\backend\node_modules\express\lib\router\route.js:149:13)[39m
[31m    at Route.dispatch (C:\Users\admin\Downloads\nib_hr\backend\node_modules\express\lib\router\route.js:119:3)[39m
[31m    at Layer.handle [as handle_request] (C:\Users\admin\Downloads\nib_hr\backend\node_modules\express\lib\router\layer.js:95:5)[39m
2026-09-11 16:49:39:4939 [31merror[39m: [31mGET /api/table/exit_requests - Error: Access restricted: Table 'exit_requests' is not in the whitelist.[39m
[31mStack: Error: Access restricted: Table 'exit_requests' is not in the whitelist.[39m
[31m    at validateTableName (C:\Users\admin\Downloads\nib_hr\backend\controllers\core\table.controller.js:1467:11)[39m
[31m    at C:\Users\admin\Downloads\nib_hr\backend\controllers\core\table.controller.js:1474:21[39m
[31m    at C:\Users\admin\Downloads\nib_hr\backend\utils\asyncHandler.js:4:21[39m
[31m    at Layer.handle [as handle_request] (C:\Users\admin\Downloads\nib_hr\backend\node_modules\express\lib\router\layer.js:95:5)[39m
[31m    at next (C:\Users\admin\Downloads\nib_hr\backend\node_modules\express\lib\router\route.js:149:13)[39m
[31m    at C:\Users\admin\Downloads\nib_hr\backend\middleware\audit.middleware.js:98:5[39m
[31m    at Layer.handle [as handle_request] (C:\Users\admin\Downloads\nib_hr\backend\node_modules\express\lib\router\layer.js:95:5)[39m
[31m    at next (C:\Users\admin\Downloads\nib_hr\backend\node_modules\express\lib\router\route.js:149:13)[39m
[31m    at Route.dispatch (C:\Users\admin\Downloads\nib_hr\backend\node_modules\express\lib\router\route.js:119:3)[39m
[31m    at Layer.handle [as handle_request] (C:\Users\admin\Downloads\nib_hr\backend\node_modules\express\lib\router\layer.js:95:5)[39m
2026-09-11 16:49:39:4939 [31merror[39m: [31mGET /api/table/notice_periods - Error: Access restricted: Table 'notice_periods' is not in the whitelist.[39m
[31mStack: Error: Access restricted: Table 'notice_periods' is not in the whitelist.[39m
[31m    at validateTableName (C:\Users\admin\Downloads\nib_hr\backend\controllers\core\table.controller.js:1467:11)[39m
[31m    at C:\Users\admin\Downloads\nib_hr\backend\controllers\core\table.controller.js:1474:21[39m
[31m    at C:\Users\admin\Downloads\nib_hr\backend\utils\asyncHandler.js:4:21[39m
[31m    at Layer.handle [as handle_request] (C:\Users\admin\Downloads\nib_hr\backend\node_modules\express\lib\router\layer.js:95:5)[39m
[31m    at next (C:\Users\admin\Downloads\nib_hr\backend\node_modules\express\lib\router\route.js:149:13)[39m
[31m    at C:\Users\admin\Downloads\nib_hr\backend\middleware\audit.middleware.js:98:5[39m
[31m    at Layer.handle [as handle_request] (C:\Users\admin\Downloads\nib_hr\backend\node_modules\express\lib\router\layer.js:95:5)[39m
[31m    at next (C:\Users\admin\Downloads\nib_hr\backend\node_modules\express\lib\router\route.js:149:13)[39m
[31m    at Route.dispatch (C:\Users\admin\Downloads\nib_hr\backend\node_modules\express\lib\router\route.js:119:3)[39m
[31m    at Layer.handle [as handle_request] (C:\Users\admin\Downloads\nib_hr\backend\node_modules\express\lib\router\layer.js:95:5)[39m
2026-09-11 16:49:39:4939 [31merror[39m: [31mGET /api/table/exit_clearances - Error: Access restricted: Table 'exit_clearances' is not in the whitelist.[39m
[31mStack: Error: Access restricted: Table 'exit_clearances' is not in the whitelist.[39m
[31m    at validateTableName (C:\Users\admin\Downloads\nib_hr\backend\controllers\core\table.controller.js:1467:11)[39m
[31m    at C:\Users\admin\Downloads\nib_hr\backend\controllers\core\table.controller.js:1474:21[39m
[31m    at C:\Users\admin\Downloads\nib_hr\backend\utils\asyncHandler.js:4:21[39m
[31m    at Layer.handle [as handle_request] (C:\Users\admin\Downloads\nib_hr\backend\node_modules\express\lib\router\layer.js:95:5)[39m
[31m    at next (C:\Users\admin\Downloads\nib_hr\backend\node_modules\express\lib\router\route.js:149:13)[39m
[31m    at C:\Users\admin\Downloads\nib_hr\backend\middleware\audit.middleware.js:98:5[39m
[31m    at Layer.handle [as handle_request] (C:\Users\admin\Downloads\nib_hr\backend\node_modules\express\lib\router\layer.js:95:5)[39m
[31m    at next (C:\Users\admin\Downloads\nib_hr\backend\node_modules\express\lib\router\route.js:149:13)[39m
[31m    at Route.dispatch (C:\Users\admin\Downloads\nib_hr\backend\node_modules\express\lib\router\route.js:119:3)[39m
[31m    at Layer.handle [as handle_request] (C:\Users\admin\Downloads\nib_hr\backend\node_modules\express\lib\router\layer.js:95:5)[39m
2026-09-11 16:49:40:4940 [31merror[39m: [31mGET /api/table/asset_returns - Error: Access restricted: Table 'asset_returns' is not in the whitelist.[39m
[31mStack: Error: Access restricted: Table 'asset_returns' is not in the whitelist.[39m
[31m    at validateTableName (C:\Users\admin\Downloads\nib_hr\backend\controllers\core\table.controller.js:1467:11)[39m
[31m    at C:\Users\admin\Downloads\nib_hr\backend\controllers\core\table.controller.js:1474:21[39m
[31m    at C:\Users\admin\Downloads\nib_hr\backend\utils\asyncHandler.js:4:21[39m
[31m    at Layer.handle [as handle_request] (C:\Users\admin\Downloads\nib_hr\backend\node_modules\express\lib\router\layer.js:95:5)[39m
[31m    at next (C:\Users\admin\Downloads\nib_hr\backend\node_modules\express\lib\router\route.js:149:13)[39m
[31m    at C:\Users\admin\Downloads\nib_hr\backend\middleware\audit.middleware.js:98:5[39m
[31m    at Layer.handle [as handle_request] (C:\Users\admin\Downloads\nib_hr\backend\node_modules\express\lib\router\layer.js:95:5)[39m
[31m    at next (C:\Users\admin\Downloads\nib_hr\backend\node_modules\express\lib\router\route.js:149:13)[39m
[31m    at Route.dispatch (C:\Users\admin\Downloads\nib_hr\backend\node_modules\express\lib\router\route.js:119:3)[39m
[31m    at Layer.handle [as handle_request] (C:\Users\admin\Downloads\nib_hr\backend\node_modules\express\lib\router\layer.js:95:5)[39m
2026-09-11 16:49:40:4940 [31merror[39m: [31mGET /api/table/no_dues - Error: Access restricted: Table 'no_dues' is not in the whitelist.[39m
[31mStack: Error: Access restricted: Table 'no_dues' is not in the whitelist.[39m
[31m    at validateTableName (C:\Users\admin\Downloads\nib_hr\backend\controllers\core\table.controller.js:1467:11)[39m
[31m    at C:\Users\admin\Downloads\nib_hr\backend\controllers\core\table.controller.js:1474:21[39m
[31m    at C:\Users\admin\Downloads\nib_hr\backend\utils\asyncHandler.js:4:21[39m
[31m    at Layer.handle [as handle_request] (C:\Users\admin\Downloads\nib_hr\backend\node_modules\express\lib\router\layer.js:95:5)[39m
[31m    at next (C:\Users\admin\Downloads\nib_hr\backend\node_modules\express\lib\router\route.js:149:13)[39m
[31m    at C:\Users\admin\Downloads\nib_hr\backend\middleware\audit.middleware.js:98:5[39m
[31m    at Layer.handle [as handle_request] (C:\Users\admin\Downloads\nib_hr\backend\node_modules\express\lib\router\layer.js:95:5)[39m
[31m    at next (C:\Users\admin\Downloads\nib_hr\backend\node_modules\express\lib\router\route.js:149:13)[39m
[31m    at Route.dispatch (C:\Users\admin\Downloads\nib_hr\backend\node_modules\express\lib\router\route.js:119:3)[39m
[31m    at Layer.handle [as handle_request] (C:\Users\admin\Downloads\nib_hr\backend\node_modules\express\lib\router\layer.js:95:5)[39m
2026-09-11 16:49:40:4940 [31merror[39m: [31mGET /api/table/fnf_settlements - Error: Access restricted: Table 'fnf_settlements' is not in the whitelist.[39m
[31mStack: Error: Access restricted: Table 'fnf_settlements' is not in the whitelist.[39m
[31m    at validateTableName (C:\Users\admin\Downloads\nib_hr\backend\controllers\core\table.controller.js:1467:11)[39m
[31m    at C:\Users\admin\Downloads\nib_hr\backend\controllers\core\table.controller.js:1474:21[39m
[31m    at C:\Users\admin\Downloads\nib_hr\backend\utils\asyncHandler.js:4:21[39m
[31m    at Layer.handle [as handle_request] (C:\Users\admin\Downloads\nib_hr\backend\node_modules\express\lib\router\layer.js:95:5)[39m
[31m    at next (C:\Users\admin\Downloads\nib_hr\backend\node_modules\express\lib\router\route.js:149:13)[39m
[31m    at C:\Users\admin\Downloads\nib_hr\backend\middleware\audit.middleware.js:98:5[39m
[31m    at Layer.handle [as handle_request] (C:\Users\admin\Downloads\nib_hr\backend\node_modules\express\lib\router\layer.js:95:5)[39m
[31m    at next (C:\Users\admin\Downloads\nib_hr\backend\node_modules\express\lib\router\route.js:149:13)[39m
[31m    at Route.dispatch (C:\Users\admin\Downloads\nib_hr\backend\node_modules\express\lib\router\route.js:119:3)[39m
[31m    at Layer.handle [as handle_request] (C:\Users\admin\Downloads\nib_hr\backend\node_modules\express\lib\router\layer.js:95:5)[39m
2026-09-11 16:49:40:4940 [31merror[39m: [31mGET /api/table/exit_interviews - Error: Access restricted: Table 'exit_interviews' is not in the whitelist.[39m
[31mStack: Error: Access restricted: Table 'exit_interviews' is not in the whitelist.[39m
[31m    at validateTableName (C:\Users\admin\Downloads\nib_hr\backend\controllers\core\table.controller.js:1467:11)[39m
[31m    at C:\Users\admin\Downloads\nib_hr\backend\controllers\core\table.controller.js:1474:21[39m
[31m    at C:\Users\admin\Downloads\nib_hr\backend\utils\asyncHandler.js:4:21[39m
[31m    at Layer.handle [as handle_request] (C:\Users\admin\Downloads\nib_hr\backend\node_modules\express\lib\router\layer.js:95:5)[39m
[31m    at next (C:\Users\admin\Downloads\nib_hr\backend\node_modules\express\lib\router\route.js:149:13)[39m
[31m    at C:\Users\admin\Downloads\nib_hr\backend\middleware\audit.middleware.js:98:5[39m
[31m    at Layer.handle [as handle_request] (C:\Users\admin\Downloads\nib_hr\backend\node_modules\express\lib\router\layer.js:95:5)[39m
[31m    at next (C:\Users\admin\Downloads\nib_hr\backend\node_modules\express\lib\router\route.js:149:13)[39m
[31m    at Route.dispatch (C:\Users\admin\Downloads\nib_hr\backend\node_modules\express\lib\router\route.js:119:3)[39m
[31m    at Layer.handle [as handle_request] (C:\Users\admin\Downloads\nib_hr\backend\node_modules\express\lib\router\layer.js:95:5)[39m
2026-09-11 16:49:40:4940 [31merror[39m: [31mGET /api/table/experience_letters - Error: Access restricted: Table 'experience_letters' is not in the whitelist.[39m
[31mStack: Error: Access restricted: Table 'experience_letters' is not in the whitelist.[39m
[31m    at validateTableName (C:\Users\admin\Downloads\nib_hr\backend\controllers\core\table.controller.js:1467:11)[39m
[31m    at C:\Users\admin\Downloads\nib_hr\backend\controllers\core\table.controller.js:1474:21[39m
[31m    at C:\Users\admin\Downloads\nib_hr\backend\utils\asyncHandler.js:4:21[39m
[31m    at Layer.handle [as handle_request] (C:\Users\admin\Downloads\nib_hr\backend\node_modules\express\lib\router\layer.js:95:5)[39m
[31m    at next (C:\Users\admin\Downloads\nib_hr\backend\node_modules\express\lib\router\route.js:149:13)[39m
[31m    at C:\Users\admin\Downloads\nib_hr\backend\middleware\audit.middleware.js:98:5[39m
[31m    at Layer.handle [as handle_request] (C:\Users\admin\Downloads\nib_hr\backend\node_modules\express\lib\router\layer.js:95:5)[39m
[31m    at next (C:\Users\admin\Downloads\nib_hr\backend\node_modules\express\lib\router\route.js:149:13)[39m
[31m    at Route.dispatch (C:\Users\admin\Downloads\nib_hr\backend\node_modules\express\lib\router\route.js:119:3)[39m
[31m    at Layer.handle [as handle_request] (C:\Users\admin\Downloads\nib_hr\backend\node_modules\express\lib\router\layer.js:95:5)[39m
2026-09-11 16:49:41:4941 [31merror[39m: [31mGET /api/table/exit_requests - Error: Access restricted: Table 'exit_requests' is not in the whitelist.[39m
[31mStack: Error: Access restricted: Table 'exit_requests' is not in the whitelist.[39m
[31m    at validateTableName (C:\Users\admin\Downloads\nib_hr\backend\controllers\core\table.controller.js:1467:11)[39m
[31m    at C:\Users\admin\Downloads\nib_hr\backend\controllers\core\table.controller.js:1474:21[39m
[31m    at C:\Users\admin\Downloads\nib_hr\backend\utils\asyncHandler.js:4:21[39m
[31m    at Layer.handle [as handle_request] (C:\Users\admin\Downloads\nib_hr\backend\node_modules\express\lib\router\layer.js:95:5)[39m
[31m    at next (C:\Users\admin\Downloads\nib_hr\backend\node_modules\express\lib\router\route.js:149:13)[39m
[31m    at C:\Users\admin\Downloads\nib_hr\backend\middleware\audit.middleware.js:98:5[39m
[31m    at Layer.handle [as handle_request] (C:\Users\admin\Downloads\nib_hr\backend\node_modules\express\lib\router\layer.js:95:5)[39m
[31m    at next (C:\Users\admin\Downloads\nib_hr\backend\node_modules\express\lib\router\route.js:149:13)[39m
[31m    at Route.dispatch (C:\Users\admin\Downloads\nib_hr\backend\node_modules\express\lib\router\route.js:119:3)[39m
[31m    at Layer.handle [as handle_request] (C:\Users\admin\Downloads\nib_hr\backend\node_modules\express\lib\router\layer.js:95:5)[39m
2026-09-11 16:49:41:4941 [31merror[39m: [31mGET /api/table/exit_requests - Error: Access restricted: Table 'exit_requests' is not in the whitelist.[39m
[31mStack: Error: Access restricted: Table 'exit_requests' is not in the whitelist.[39m
[31m    at validateTableName (C:\Users\admin\Downloads\nib_hr\backend\controllers\core\table.controller.js:1467:11)[39m
[31m    at C:\Users\admin\Downloads\nib_hr\backend\controllers\core\table.controller.js:1474:21[39m
[31m    at C:\Users\admin\Downloads\nib_hr\backend\utils\asyncHandler.js:4:21[39m
[31m    at Layer.handle [as handle_request] (C:\Users\admin\Downloads\nib_hr\backend\node_modules\express\lib\router\layer.js:95:5)[39m
[31m    at next (C:\Users\admin\Downloads\nib_hr\backend\node_modules\express\lib\router\route.js:149:13)[39m
[31m    at C:\Users\admin\Downloads\nib_hr\backend\middleware\audit.middleware.js:98:5[39m
[31m    at Layer.handle [as handle_request] (C:\Users\admin\Downloads\nib_hr\backend\node_modules\express\lib\router\layer.js:95:5)[39m
[31m    at next (C:\Users\admin\Downloads\nib_hr\backend\node_modules\express\lib\router\route.js:149:13)[39m
[31m    at Route.dispatch (C:\Users\admin\Downloads\nib_hr\backend\node_modules\express\lib\router\route.js:119:3)[39m
[31m    at Layer.handle [as handle_request] (C:\Users\admin\Downloads\nib_hr\backend\node_modules\express\lib\router\layer.js:95:5)[39m
2026-09-11 16:49:41:4941 [31merror[39m: [31mGET /api/table/exit_requests - Error: Access restricted: Table 'exit_requests' is not in the whitelist.[39m
[31mStack: Error: Access restricted: Table 'exit_requests' is not in the whitelist.[39m
[31m    at validateTableName (C:\Users\admin\Downloads\nib_hr\backend\controllers\core\table.controller.js:1467:11)[39m
[31m    at C:\Users\admin\Downloads\nib_hr\backend\controllers\core\table.controller.js:1474:21[39m
[31m    at C:\Users\admin\Downloads\nib_hr\backend\utils\asyncHandler.js:4:21[39m
[31m    at Layer.handle [as handle_request] (C:\Users\admin\Downloads\nib_hr\backend\node_modules\express\lib\router\layer.js:95:5)[39m
[31m    at next (C:\Users\admin\Downloads\nib_hr\backend\node_modules\express\lib\router\route.js:149:13)[39m
[31m    at C:\Users\admin\Downloads\nib_hr\backend\middleware\audit.middleware.js:98:5[39m
[31m    at Layer.handle [as handle_request] (C:\Users\admin\Downloads\nib_hr\backend\node_modules\express\lib\router\layer.js:95:5)[39m
[31m    at next (C:\Users\admin\Downloads\nib_hr\backend\node_modules\express\lib\router\route.js:149:13)[39m
[31m    at Route.dispatch (C:\Users\admin\Downloads\nib_hr\backend\node_modules\express\lib\router\route.js:119:3)[39m
[31m    at Layer.handle [as handle_request] (C:\Users\admin\Downloads\nib_hr\backend\node_modules\express\lib\router\layer.js:95:5)[39m
2026-09-11 16:49:41:4941 [31merror[39m: [31mGET /api/table/exit_requests - Error: Access restricted: Table 'exit_requests' is not in the whitelist.[39m
[31mStack: Error: Access restricted: Table 'exit_requests' is not in the whitelist.[39m
[31m    at validateTableName (C:\Users\admin\Downloads\nib_hr\backend\controllers\core\table.controller.js:1467:11)[39m
[31m    at C:\Users\admin\Downloads\nib_hr\backend\controllers\core\table.controller.js:1474:21[39m
[31m    at C:\Users\admin\Downloads\nib_hr\backend\utils\asyncHandler.js:4:21[39m
[31m    at Layer.handle [as handle_request] (C:\Users\admin\Downloads\nib_hr\backend\node_modules\express\lib\router\layer.js:95:5)[39m
[31m    at next (C:\Users\admin\Downloads\nib_hr\backend\node_modules\express\lib\router\route.js:149:13)[39m
[31m    at C:\Users\admin\Downloads\nib_hr\backend\middleware\audit.middleware.js:98:5[39m
[31m    at Layer.handle [as handle_request] (C:\Users\admin\Downloads\nib_hr\backend\node_modules\express\lib\router\layer.js:95:5)[39m
[31m    at next (C:\Users\admin\Downloads\nib_hr\backend\node_modules\express\lib\router\route.js:149:13)[39m
[31m    at Route.dispatch (C:\Users\admin\Downloads\nib_hr\backend\node_modules\express\lib\router\route.js:119:3)[39m
[31m    at Layer.handle [as handle_request] (C:\Users\admin\Downloads\nib_hr\backend\node_modules\express\lib\router\layer.js:95:5)[39m
2026-09-11 16:52:37:5237 [31merror[39m: [31mGET /api/table/documents - Error: Access restricted: Table 'documents' is not in the whitelist.[39m
[31mStack: Error: Access restricted: Table 'documents' is not in the whitelist.[39m
[31m    at validateTableName (C:\Users\admin\Downloads\nib_hr\backend\controllers\core\table.controller.js:1467:11)[39m
[31m    at C:\Users\admin\Downloads\nib_hr\backend\controllers\core\table.controller.js:1474:21[39m
[31m    at C:\Users\admin\Downloads\nib_hr\backend\utils\asyncHandler.js:4:21[39m
[31m    at Layer.handle [as handle_request] (C:\Users\admin\Downloads\nib_hr\backend\node_modules\express\lib\router\layer.js:95:5)[39m
[31m    at next (C:\Users\admin\Downloads\nib_hr\backend\node_modules\express\lib\router\route.js:149:13)[39m
[31m    at C:\Users\admin\Downloads\nib_hr\backend\middleware\audit.middleware.js:98:5[39m
[31m    at Layer.handle [as handle_request] (C:\Users\admin\Downloads\nib_hr\backend\node_modules\express\lib\router\layer.js:95:5)[39m
[31m    at next (C:\Users\admin\Downloads\nib_hr\backend\node_modules\express\lib\router\route.js:149:13)[39m
[31m    at Route.dispatch (C:\Users\admin\Downloads\nib_hr\backend\node_modules\express\lib\router\route.js:119:3)[39m
[31m    at Layer.handle [as handle_request] (C:\Users\admin\Downloads\nib_hr\backend\node_modules\express\lib\router\layer.js:95:5)[39m
2026-09-11 16:52:38:5238 [31merror[39m: [31mGET /api/table/documents - Error: Access restricted: Table 'documents' is not in the whitelist.[39m
[31mStack: Error: Access restricted: Table 'documents' is not in the whitelist.[39m
[31m    at validateTableName (C:\Users\admin\Downloads\nib_hr\backend\controllers\core\table.controller.js:1467:11)[39m
[31m    at C:\Users\admin\Downloads\nib_hr\backend\controllers\core\table.controller.js:1474:21[39m
[31m    at C:\Users\admin\Downloads\nib_hr\backend\utils\asyncHandler.js:4:21[39m
[31m    at Layer.handle [as handle_request] (C:\Users\admin\Downloads\nib_hr\backend\node_modules\express\lib\router\layer.js:95:5)[39m
[31m    at next (C:\Users\admin\Downloads\nib_hr\backend\node_modules\express\lib\router\route.js:149:13)[39m
[31m    at C:\Users\admin\Downloads\nib_hr\backend\middleware\audit.middleware.js:98:5[39m
[31m    at Layer.handle [as handle_request] (C:\Users\admin\Downloads\nib_hr\backend\node_modules\express\lib\router\layer.js:95:5)[39m
[31m    at next (C:\Users\admin\Downloads\nib_hr\backend\node_modules\express\lib\router\route.js:149:13)[39m
[31m    at Route.dispatch (C:\Users\admin\Downloads\nib_hr\backend\node_modules\express\lib\router\route.js:119:3)[39m
[31m    at Layer.handle [as handle_request] (C:\Users\admin\Downloads\nib_hr\backend\node_modules\express\lib\router\layer.js:95:5)[39m
2026-09-11 16:52:39:5239 [31merror[39m: [31mGET /api/table/exit_requests - Error: Access restricted: Table 'exit_requests' is not in the whitelist.[39m
[31mStack: Error: Access restricted: Table 'exit_requests' is not in the whitelist.[39m
[31m    at validateTableName (C:\Users\admin\Downloads\nib_hr\backend\controllers\core\table.controller.js:1467:11)[39m
[31m    at C:\Users\admin\Downloads\nib_hr\backend\controllers\core\table.controller.js:1474:21[39m
[31m    at C:\Users\admin\Downloads\nib_hr\backend\utils\asyncHandler.js:4:21[39m
[31m    at Layer.handle [as handle_request] (C:\Users\admin\Downloads\nib_hr\backend\node_modules\express\lib\router\layer.js:95:5)[39m
[31m    at next (C:\Users\admin\Downloads\nib_hr\backend\node_modules\express\lib\router\route.js:149:13)[39m
[31m    at C:\Users\admin\Downloads\nib_hr\backend\middleware\audit.middleware.js:98:5[39m
[31m    at Layer.handle [as handle_request] (C:\Users\admin\Downloads\nib_hr\backend\node_modules\express\lib\router\layer.js:95:5)[39m
[31m    at next (C:\Users\admin\Downloads\nib_hr\backend\node_modules\express\lib\router\route.js:149:13)[39m
[31m    at Route.dispatch (C:\Users\admin\Downloads\nib_hr\backend\node_modules\express\lib\router\route.js:119:3)[39m
[31m    at Layer.handle [as handle_request] (C:\Users\admin\Downloads\nib_hr\backend\node_modules\express\lib\router\layer.js:95:5)[39m
2026-09-11 16:52:39:5239 [31merror[39m: [31mGET /api/table/notice_periods - Error: Access restricted: Table 'notice_periods' is not in the whitelist.[39m
[31mStack: Error: Access restricted: Table 'notice_periods' is not in the whitelist.[39m
[31m    at validateTableName (C:\Users\admin\Downloads\nib_hr\backend\controllers\core\table.controller.js:1467:11)[39m
[31m    at C:\Users\admin\Downloads\nib_hr\backend\controllers\core\table.controller.js:1474:21[39m
[31m    at C:\Users\admin\Downloads\nib_hr\backend\utils\asyncHandler.js:4:21[39m
[31m    at Layer.handle [as handle_request] (C:\Users\admin\Downloads\nib_hr\backend\node_modules\express\lib\router\layer.js:95:5)[39m
[31m    at next (C:\Users\admin\Downloads\nib_hr\backend\node_modules\express\lib\router\route.js:149:13)[39m
[31m    at C:\Users\admin\Downloads\nib_hr\backend\middleware\audit.middleware.js:98:5[39m
[31m    at Layer.handle [as handle_request] (C:\Users\admin\Downloads\nib_hr\backend\node_modules\express\lib\router\layer.js:95:5)[39m
[31m    at next (C:\Users\admin\Downloads\nib_hr\backend\node_modules\express\lib\router\route.js:149:13)[39m
[31m    at Route.dispatch (C:\Users\admin\Downloads\nib_hr\backend\node_modules\express\lib\router\route.js:119:3)[39m
[31m    at Layer.handle [as handle_request] (C:\Users\admin\Downloads\nib_hr\backend\node_modules\express\lib\router\layer.js:95:5)[39m
2026-09-11 16:52:39:5239 [31merror[39m: [31mGET /api/table/exit_clearances - Error: Access restricted: Table 'exit_clearances' is not in the whitelist.[39m
[31mStack: Error: Access restricted: Table 'exit_clearances' is not in the whitelist.[39m
[31m    at validateTableName (C:\Users\admin\Downloads\nib_hr\backend\controllers\core\table.controller.js:1467:11)[39m
[31m    at C:\Users\admin\Downloads\nib_hr\backend\controllers\core\table.controller.js:1474:21[39m
[31m    at C:\Users\admin\Downloads\nib_hr\backend\utils\asyncHandler.js:4:21[39m
[31m    at Layer.handle [as handle_request] (C:\Users\admin\Downloads\nib_hr\backend\node_modules\express\lib\router\layer.js:95:5)[39m
[31m    at next (C:\Users\admin\Downloads\nib_hr\backend\node_modules\express\lib\router\route.js:149:13)[39m
[31m    at C:\Users\admin\Downloads\nib_hr\backend\middleware\audit.middleware.js:98:5[39m
[31m    at Layer.handle [as handle_request] (C:\Users\admin\Downloads\nib_hr\backend\node_modules\express\lib\router\layer.js:95:5)[39m
[31m    at next (C:\Users\admin\Downloads\nib_hr\backend\node_modules\express\lib\router\route.js:149:13)[39m
[31m    at Route.dispatch (C:\Users\admin\Downloads\nib_hr\backend\node_modules\express\lib\router\route.js:119:3)[39m
[31m    at Layer.handle [as handle_request] (C:\Users\admin\Downloads\nib_hr\backend\node_modules\express\lib\router\layer.js:95:5)[39m
2026-09-11 16:52:39:5239 [31merror[39m: [31mGET /api/table/asset_returns - Error: Access restricted: Table 'asset_returns' is not in the whitelist.[39m
[31mStack: Error: Access restricted: Table 'asset_returns' is not in the whitelist.[39m
[31m    at validateTableName (C:\Users\admin\Downloads\nib_hr\backend\controllers\core\table.controller.js:1467:11)[39m
[31m    at C:\Users\admin\Downloads\nib_hr\backend\controllers\core\table.controller.js:1474:21[39m
[31m    at C:\Users\admin\Downloads\nib_hr\backend\utils\asyncHandler.js:4:21[39m
[31m    at Layer.handle [as handle_request] (C:\Users\admin\Downloads\nib_hr\backend\node_modules\express\lib\router\layer.js:95:5)[39m
[31m    at next (C:\Users\admin\Downloads\nib_hr\backend\node_modules\express\lib\router\route.js:149:13)[39m
[31m    at C:\Users\admin\Downloads\nib_hr\backend\middleware\audit.middleware.js:98:5[39m
[31m    at Layer.handle [as handle_request] (C:\Users\admin\Downloads\nib_hr\backend\node_modules\express\lib\router\layer.js:95:5)[39m
[31m    at next (C:\Users\admin\Downloads\nib_hr\backend\node_modules\express\lib\router\route.js:149:13)[39m
[31m    at Route.dispatch (C:\Users\admin\Downloads\nib_hr\backend\node_modules\express\lib\router\route.js:119:3)[39m
[31m    at Layer.handle [as handle_request] (C:\Users\admin\Downloads\nib_hr\backend\node_modules\express\lib\router\layer.js:95:5)[39m
2026-09-11 16:52:39:5239 [31merror[39m: [31mGET /api/table/no_dues - Error: Access restricted: Table 'no_dues' is not in the whitelist.[39m
[31mStack: Error: Access restricted: Table 'no_dues' is not in the whitelist.[39m
[31m    at validateTableName (C:\Users\admin\Downloads\nib_hr\backend\controllers\core\table.controller.js:1467:11)[39m
[31m    at C:\Users\admin\Downloads\nib_hr\backend\controllers\core\table.controller.js:1474:21[39m
[31m    at C:\Users\admin\Downloads\nib_hr\backend\utils\asyncHandler.js:4:21[39m
[31m    at Layer.handle [as handle_request] (C:\Users\admin\Downloads\nib_hr\backend\node_modules\express\lib\router\layer.js:95:5)[39m
[31m    at next (C:\Users\admin\Downloads\nib_hr\backend\node_modules\express\lib\router\route.js:149:13)[39m
[31m    at C:\Users\admin\Downloads\nib_hr\backend\middleware\audit.middleware.js:98:5[39m
[31m    at Layer.handle [as handle_request] (C:\Users\admin\Downloads\nib_hr\backend\node_modules\express\lib\router\layer.js:95:5)[39m
[31m    at next (C:\Users\admin\Downloads\nib_hr\backend\node_modules\express\lib\router\route.js:149:13)[39m
[31m    at Route.dispatch (C:\Users\admin\Downloads\nib_hr\backend\node_modules\express\lib\router\route.js:119:3)[39m
[31m    at Layer.handle [as handle_request] (C:\Users\admin\Downloads\nib_hr\backend\node_modules\express\lib\router\layer.js:95:5)[39m
2026-09-11 16:52:39:5239 [31merror[39m: [31mGET /api/table/fnf_settlements - Error: Access restricted: Table 'fnf_settlements' is not in the whitelist.[39m
[31mStack: Error: Access restricted: Table 'fnf_settlements' is not in the whitelist.[39m
[31m    at validateTableName (C:\Users\admin\Downloads\nib_hr\backend\controllers\core\table.controller.js:1467:11)[39m
[31m    at C:\Users\admin\Downloads\nib_hr\backend\controllers\core\table.controller.js:1474:21[39m
[31m    at C:\Users\admin\Downloads\nib_hr\backend\utils\asyncHandler.js:4:21[39m
[31m    at Layer.handle [as handle_request] (C:\Users\admin\Downloads\nib_hr\backend\node_modules\express\lib\router\layer.js:95:5)[39m
[31m    at next (C:\Users\admin\Downloads\nib_hr\backend\node_modules\express\lib\router\route.js:149:13)[39m
[31m    at C:\Users\admin\Downloads\nib_hr\backend\middleware\audit.middleware.js:98:5[39m
[31m    at Layer.handle [as handle_request] (C:\Users\admin\Downloads\nib_hr\backend\node_modules\express\lib\router\layer.js:95:5)[39m
[31m    at next (C:\Users\admin\Downloads\nib_hr\backend\node_modules\express\lib\router\route.js:149:13)[39m
[31m    at Route.dispatch (C:\Users\admin\Downloads\nib_hr\backend\node_modules\express\lib\router\route.js:119:3)[39m
[31m    at Layer.handle [as handle_request] (C:\Users\admin\Downloads\nib_hr\backend\node_modules\express\lib\router\layer.js:95:5)[39m
2026-09-11 16:52:39:5239 [31merror[39m: [31mGET /api/table/exit_interviews - Error: Access restricted: Table 'exit_interviews' is not in the whitelist.[39m
[31mStack: Error: Access restricted: Table 'exit_interviews' is not in the whitelist.[39m
[31m    at validateTableName (C:\Users\admin\Downloads\nib_hr\backend\controllers\core\table.controller.js:1467:11)[39m
[31m    at C:\Users\admin\Downloads\nib_hr\backend\controllers\core\table.controller.js:1474:21[39m
[31m    at C:\Users\admin\Downloads\nib_hr\backend\utils\asyncHandler.js:4:21[39m
[31m    at Layer.handle [as handle_request] (C:\Users\admin\Downloads\nib_hr\backend\node_modules\express\lib\router\layer.js:95:5)[39m
[31m    at next (C:\Users\admin\Downloads\nib_hr\backend\node_modules\express\lib\router\route.js:149:13)[39m
[31m    at C:\Users\admin\Downloads\nib_hr\backend\middleware\audit.middleware.js:98:5[39m
[31m    at Layer.handle [as handle_request] (C:\Users\admin\Downloads\nib_hr\backend\node_modules\express\lib\router\layer.js:95:5)[39m
[31m    at next (C:\Users\admin\Downloads\nib_hr\backend\node_modules\express\lib\router\route.js:149:13)[39m
[31m    at Route.dispatch (C:\Users\admin\Downloads\nib_hr\backend\node_modules\express\lib\router\route.js:119:3)[39m
[31m    at Layer.handle [as handle_request] (C:\Users\admin\Downloads\nib_hr\backend\node_modules\express\lib\router\layer.js:95:5)[39m
2026-09-11 16:52:39:5239 [31merror[39m: [31mGET /api/table/experience_letters - Error: Access restricted: Table 'experience_letters' is not in the whitelist.[39m
[31mStack: Error: Access restricted: Table 'experience_letters' is not in the whitelist.[39m
[31m    at validateTableName (C:\Users\admin\Downloads\nib_hr\backend\controllers\core\table.controller.js:1467:11)[39m
[31m    at C:\Users\admin\Downloads\nib_hr\backend\controllers\core\table.controller.js:1474:21[39m
[31m    at C:\Users\admin\Downloads\nib_hr\backend\utils\asyncHandler.js:4:21[39m
[31m    at Layer.handle [as handle_request] (C:\Users\admin\Downloads\nib_hr\backend\node_modules\express\lib\router\layer.js:95:5)[39m
[31m    at next (C:\Users\admin\Downloads\nib_hr\backend\node_modules\express\lib\router\route.js:149:13)[39m
[31m    at C:\Users\admin\Downloads\nib_hr\backend\middleware\audit.middleware.js:98:5[39m
[31m    at Layer.handle [as handle_request] (C:\Users\admin\Downloads\nib_hr\backend\node_modules\express\lib\router\layer.js:95:5)[39m
[31m    at next (C:\Users\admin\Downloads\nib_hr\backend\node_modules\express\lib\router\route.js:149:13)[39m
[31m    at Route.dispatch (C:\Users\admin\Downloads\nib_hr\backend\node_modules\express\lib\router\route.js:119:3)[39m
[31m    at Layer.handle [as handle_request] (C:\Users\admin\Downloads\nib_hr\backend\node_modules\express\lib\router\layer.js:95:5)[39m
2026-09-11 17:18:32:1832 [31merror[39m: [31mGET /api/table/documents - Error: Access restricted: Table 'documents' is not in the whitelist.[39m
[31mStack: Error: Access restricted: Table 'documents' is not in the whitelist.[39m
[31m    at validateTableName (C:\Users\admin\Downloads\nib_hr\backend\controllers\core\table.controller.js:1467:11)[39m
[31m    at C:\Users\admin\Downloads\nib_hr\backend\controllers\core\table.controller.js:1474:21[39m
[31m    at C:\Users\admin\Downloads\nib_hr\backend\utils\asyncHandler.js:4:21[39m
[31m    at Layer.handle [as handle_request] (C:\Users\admin\Downloads\nib_hr\backend\node_modules\express\lib\router\layer.js:95:5)[39m
[31m    at next (C:\Users\admin\Downloads\nib_hr\backend\node_modules\express\lib\router\route.js:149:13)[39m
[31m    at C:\Users\admin\Downloads\nib_hr\backend\middleware\audit.middleware.js:98:5[39m
[31m    at Layer.handle [as handle_request] (C:\Users\admin\Downloads\nib_hr\backend\node_modules\express\lib\router\layer.js:95:5)[39m
[31m    at next (C:\Users\admin\Downloads\nib_hr\backend\node_modules\express\lib\router\route.js:149:13)[39m
[31m    at Route.dispatch (C:\Users\admin\Downloads\nib_hr\backend\node_modules\express\lib\router\route.js:119:3)[39m
[31m    at Layer.handle [as handle_request] (C:\Users\admin\Downloads\nib_hr\backend\node_modules\express\lib\router\layer.js:95:5)[39m
2026-09-11 17:18:33:1833 [31merror[39m: [31mGET /api/table/exit_requests - Error: Access restricted: Table 'exit_requests' is not in the whitelist.[39m
[31mStack: Error: Access restricted: Table 'exit_requests' is not in the whitelist.[39m
[31m    at validateTableName (C:\Users\admin\Downloads\nib_hr\backend\controllers\core\table.controller.js:1467:11)[39m
[31m    at C:\Users\admin\Downloads\nib_hr\backend\controllers\core\table.controller.js:1474:21[39m
[31m    at C:\Users\admin\Downloads\nib_hr\backend\utils\asyncHandler.js:4:21[39m
[31m    at Layer.handle [as handle_request] (C:\Users\admin\Downloads\nib_hr\backend\node_modules\express\lib\router\layer.js:95:5)[39m
[31m    at next (C:\Users\admin\Downloads\nib_hr\backend\node_modules\express\lib\router\route.js:149:13)[39m
[31m    at C:\Users\admin\Downloads\nib_hr\backend\middleware\audit.middleware.js:98:5[39m
[31m    at Layer.handle [as handle_request] (C:\Users\admin\Downloads\nib_hr\backend\node_modules\express\lib\router\layer.js:95:5)[39m
[31m    at next (C:\Users\admin\Downloads\nib_hr\backend\node_modules\express\lib\router\route.js:149:13)[39m
[31m    at Route.dispatch (C:\Users\admin\Downloads\nib_hr\backend\node_modules\express\lib\router\route.js:119:3)[39m
[31m    at Layer.handle [as handle_request] (C:\Users\admin\Downloads\nib_hr\backend\node_modules\express\lib\router\layer.js:95:5)[39m
2026-09-11 17:18:33:1833 [31merror[39m: [31mGET /api/table/notice_periods - Error: Access restricted: Table 'notice_periods' is not in the whitelist.[39m
[31mStack: Error: Access restricted: Table 'notice_periods' is not in the whitelist.[39m
[31m    at validateTableName (C:\Users\admin\Downloads\nib_hr\backend\controllers\core\table.controller.js:1467:11)[39m
[31m    at C:\Users\admin\Downloads\nib_hr\backend\controllers\core\table.controller.js:1474:21[39m
[31m    at C:\Users\admin\Downloads\nib_hr\backend\utils\asyncHandler.js:4:21[39m
[31m    at Layer.handle [as handle_request] (C:\Users\admin\Downloads\nib_hr\backend\node_modules\express\lib\router\layer.js:95:5)[39m
[31m    at next (C:\Users\admin\Downloads\nib_hr\backend\node_modules\express\lib\router\route.js:149:13)[39m
[31m    at C:\Users\admin\Downloads\nib_hr\backend\middleware\audit.middleware.js:98:5[39m
[31m    at Layer.handle [as handle_request] (C:\Users\admin\Downloads\nib_hr\backend\node_modules\express\lib\router\layer.js:95:5)[39m
[31m    at next (C:\Users\admin\Downloads\nib_hr\backend\node_modules\express\lib\router\route.js:149:13)[39m
[31m    at Route.dispatch (C:\Users\admin\Downloads\nib_hr\backend\node_modules\express\lib\router\route.js:119:3)[39m
[31m    at Layer.handle [as handle_request] (C:\Users\admin\Downloads\nib_hr\backend\node_modules\express\lib\router\layer.js:95:5)[39m
2026-09-11 17:18:33:1833 [31merror[39m: [31mGET /api/table/exit_clearances - Error: Access restricted: Table 'exit_clearances' is not in the whitelist.[39m
[31mStack: Error: Access restricted: Table 'exit_clearances' is not in the whitelist.[39m
[31m    at validateTableName (C:\Users\admin\Downloads\nib_hr\backend\controllers\core\table.controller.js:1467:11)[39m
[31m    at C:\Users\admin\Downloads\nib_hr\backend\controllers\core\table.controller.js:1474:21[39m
[31m    at C:\Users\admin\Downloads\nib_hr\backend\utils\asyncHandler.js:4:21[39m
[31m    at Layer.handle [as handle_request] (C:\Users\admin\Downloads\nib_hr\backend\node_modules\express\lib\router\layer.js:95:5)[39m
[31m    at next (C:\Users\admin\Downloads\nib_hr\backend\node_modules\express\lib\router\route.js:149:13)[39m
[31m    at C:\Users\admin\Downloads\nib_hr\backend\middleware\audit.middleware.js:98:5[39m
[31m    at Layer.handle [as handle_request] (C:\Users\admin\Downloads\nib_hr\backend\node_modules\express\lib\router\layer.js:95:5)[39m
[31m    at next (C:\Users\admin\Downloads\nib_hr\backend\node_modules\express\lib\router\route.js:149:13)[39m
[31m    at Route.dispatch (C:\Users\admin\Downloads\nib_hr\backend\node_modules\express\lib\router\route.js:119:3)[39m
[31m    at Layer.handle [as handle_request] (C:\Users\admin\Downloads\nib_hr\backend\node_modules\express\lib\router\layer.js:95:5)[39m
2026-09-11 17:18:33:1833 [31merror[39m: [31mGET /api/table/asset_returns - Error: Access restricted: Table 'asset_returns' is not in the whitelist.[39m
[31mStack: Error: Access restricted: Table 'asset_returns' is not in the whitelist.[39m
[31m    at validateTableName (C:\Users\admin\Downloads\nib_hr\backend\controllers\core\table.controller.js:1467:11)[39m
[31m    at C:\Users\admin\Downloads\nib_hr\backend\controllers\core\table.controller.js:1474:21[39m
[31m    at C:\Users\admin\Downloads\nib_hr\backend\utils\asyncHandler.js:4:21[39m
[31m    at Layer.handle [as handle_request] (C:\Users\admin\Downloads\nib_hr\backend\node_modules\express\lib\router\layer.js:95:5)[39m
[31m    at next (C:\Users\admin\Downloads\nib_hr\backend\node_modules\express\lib\router\route.js:149:13)[39m
[31m    at C:\Users\admin\Downloads\nib_hr\backend\middleware\audit.middleware.js:98:5[39m
[31m    at Layer.handle [as handle_request] (C:\Users\admin\Downloads\nib_hr\backend\node_modules\express\lib\router\layer.js:95:5)[39m
[31m    at next (C:\Users\admin\Downloads\nib_hr\backend\node_modules\express\lib\router\route.js:149:13)[39m
[31m    at Route.dispatch (C:\Users\admin\Downloads\nib_hr\backend\node_modules\express\lib\router\route.js:119:3)[39m
[31m    at Layer.handle [as handle_request] (C:\Users\admin\Downloads\nib_hr\backend\node_modules\express\lib\router\layer.js:95:5)[39m
2026-09-11 17:18:33:1833 [31merror[39m: [31mGET /api/table/no_dues - Error: Access restricted: Table 'no_dues' is not in the whitelist.[39m
[31mStack: Error: Access restricted: Table 'no_dues' is not in the whitelist.[39m
[31m    at validateTableName (C:\Users\admin\Downloads\nib_hr\backend\controllers\core\table.controller.js:1467:11)[39m
[31m    at C:\Users\admin\Downloads\nib_hr\backend\controllers\core\table.controller.js:1474:21[39m
[31m    at C:\Users\admin\Downloads\nib_hr\backend\utils\asyncHandler.js:4:21[39m
[31m    at Layer.handle [as handle_request] (C:\Users\admin\Downloads\nib_hr\backend\node_modules\express\lib\router\layer.js:95:5)[39m
[31m    at next (C:\Users\admin\Downloads\nib_hr\backend\node_modules\express\lib\router\route.js:149:13)[39m
[31m    at C:\Users\admin\Downloads\nib_hr\backend\middleware\audit.middleware.js:98:5[39m
[31m    at Layer.handle [as handle_request] (C:\Users\admin\Downloads\nib_hr\backend\node_modules\express\lib\router\layer.js:95:5)[39m
[31m    at next (C:\Users\admin\Downloads\nib_hr\backend\node_modules\express\lib\router\route.js:149:13)[39m
[31m    at Route.dispatch (C:\Users\admin\Downloads\nib_hr\backend\node_modules\express\lib\router\route.js:119:3)[39m
[31m    at Layer.handle [as handle_request] (C:\Users\admin\Downloads\nib_hr\backend\node_modules\express\lib\router\layer.js:95:5)[39m
2026-09-11 17:18:33:1833 [31merror[39m: [31mGET /api/table/fnf_settlements - Error: Access restricted: Table 'fnf_settlements' is not in the whitelist.[39m
[31mStack: Error: Access restricted: Table 'fnf_settlements' is not in the whitelist.[39m
[31m    at validateTableName (C:\Users\admin\Downloads\nib_hr\backend\controllers\core\table.controller.js:1467:11)[39m
[31m    at C:\Users\admin\Downloads\nib_hr\backend\controllers\core\table.controller.js:1474:21[39m
[31m    at C:\Users\admin\Downloads\nib_hr\backend\utils\asyncHandler.js:4:21[39m
[31m    at Layer.handle [as handle_request] (C:\Users\admin\Downloads\nib_hr\backend\node_modules\express\lib\router\layer.js:95:5)[39m
[31m    at next (C:\Users\admin\Downloads\nib_hr\backend\node_modules\express\lib\router\route.js:149:13)[39m
[31m    at C:\Users\admin\Downloads\nib_hr\backend\middleware\audit.middleware.js:98:5[39m
[31m    at Layer.handle [as handle_request] (C:\Users\admin\Downloads\nib_hr\backend\node_modules\express\lib\router\layer.js:95:5)[39m
[31m    at next (C:\Users\admin\Downloads\nib_hr\backend\node_modules\express\lib\router\route.js:149:13)[39m
[31m    at Route.dispatch (C:\Users\admin\Downloads\nib_hr\backend\node_modules\express\lib\router\route.js:119:3)[39m
[31m    at Layer.handle [as handle_request] (C:\Users\admin\Downloads\nib_hr\backend\node_modules\express\lib\router\layer.js:95:5)[39m
2026-09-11 17:18:33:1833 [31merror[39m: [31mGET /api/table/exit_interviews - Error: Access restricted: Table 'exit_interviews' is not in the whitelist.[39m
[31mStack: Error: Access restricted: Table 'exit_interviews' is not in the whitelist.[39m
[31m    at validateTableName (C:\Users\admin\Downloads\nib_hr\backend\controllers\core\table.controller.js:1467:11)[39m
[31m    at C:\Users\admin\Downloads\nib_hr\backend\controllers\core\table.controller.js:1474:21[39m
[31m    at C:\Users\admin\Downloads\nib_hr\backend\utils\asyncHandler.js:4:21[39m
[31m    at Layer.handle [as handle_request] (C:\Users\admin\Downloads\nib_hr\backend\node_modules\express\lib\router\layer.js:95:5)[39m
[31m    at next (C:\Users\admin\Downloads\nib_hr\backend\node_modules\express\lib\router\route.js:149:13)[39m
[31m    at C:\Users\admin\Downloads\nib_hr\backend\middleware\audit.middleware.js:98:5[39m
[31m    at Layer.handle [as handle_request] (C:\Users\admin\Downloads\nib_hr\backend\node_modules\express\lib\router\layer.js:95:5)[39m
[31m    at next (C:\Users\admin\Downloads\nib_hr\backend\node_modules\express\lib\router\route.js:149:13)[39m
[31m    at Route.dispatch (C:\Users\admin\Downloads\nib_hr\backend\node_modules\express\lib\router\route.js:119:3)[39m
[31m    at Layer.handle [as handle_request] (C:\Users\admin\Downloads\nib_hr\backend\node_modules\express\lib\router\layer.js:95:5)[39m
2026-09-11 17:18:33:1833 [31merror[39m: [31mGET /api/table/experience_letters - Error: Access restricted: Table 'experience_letters' is not in the whitelist.[39m
[31mStack: Error: Access restricted: Table 'experience_letters' is not in the whitelist.[39m
[31m    at validateTableName (C:\Users\admin\Downloads\nib_hr\backend\controllers\core\table.controller.js:1467:11)[39m
[31m    at C:\Users\admin\Downloads\nib_hr\backend\controllers\core\table.controller.js:1474:21[39m
[31m    at C:\Users\admin\Downloads\nib_hr\backend\utils\asyncHandler.js:4:21[39m
[31m    at Layer.handle [as handle_request] (C:\Users\admin\Downloads\nib_hr\backend\node_modules\express\lib\router\layer.js:95:5)[39m
[31m    at next (C:\Users\admin\Downloads\nib_hr\backend\node_modules\express\lib\router\route.js:149:13)[39m
[31m    at C:\Users\admin\Downloads\nib_hr\backend\middleware\audit.middleware.js:98:5[39m
[31m    at Layer.handle [as handle_request] (C:\Users\admin\Downloads\nib_hr\backend\node_modules\express\lib\router\layer.js:95:5)[39m
[31m    at next (C:\Users\admin\Downloads\nib_hr\backend\node_modules\express\lib\router\route.js:149:13)[39m
[31m    at Route.dispatch (C:\Users\admin\Downloads\nib_hr\backend\node_modules\express\lib\router\route.js:119:3)[39m
[31m    at Layer.handle [as handle_request] (C:\Users\admin\Downloads\nib_hr\backend\node_modules\express\lib\router\layer.js:95:5)[39m
2026-09-11 17:18:34:1834 [31merror[39m: [31mGET /api/table/documents - Error: Access restricted: Table 'documents' is not in the whitelist.[39m
[31mStack: Error: Access restricted: Table 'documents' is not in the whitelist.[39m
[31m    at validateTableName (C:\Users\admin\Downloads\nib_hr\backend\controllers\core\table.controller.js:1467:11)[39m
[31m    at C:\Users\admin\Downloads\nib_hr\backend\controllers\core\table.controller.js:1474:21[39m
[31m    at C:\Users\admin\Downloads\nib_hr\backend\utils\asyncHandler.js:4:21[39m
[31m    at Layer.handle [as handle_request] (C:\Users\admin\Downloads\nib_hr\backend\node_modules\express\lib\router\layer.js:95:5)[39m
[31m    at next (C:\Users\admin\Downloads\nib_hr\backend\node_modules\express\lib\router\route.js:149:13)[39m
[31m    at C:\Users\admin\Downloads\nib_hr\backend\middleware\audit.middleware.js:98:5[39m
[31m    at Layer.handle [as handle_request] (C:\Users\admin\Downloads\nib_hr\backend\node_modules\express\lib\router\layer.js:95:5)[39m
[31m    at next (C:\Users\admin\Downloads\nib_hr\backend\node_modules\express\lib\router\route.js:149:13)[39m
[31m    at Route.dispatch (C:\Users\admin\Downloads\nib_hr\backend\node_modules\express\lib\router\route.js:119:3)[39m
[31m    at Layer.handle [as handle_request] (C:\Users\admin\Downloads\nib_hr\backend\node_modules\express\lib\router\layer.js:95:5)[39m
2026-09-11 17:18:35:1835 [31merror[39m: [31mGET /api/table/exit_requests - Error: Access restricted: Table 'exit_requests' is not in the whitelist.[39m
[31mStack: Error: Access restricted: Table 'exit_requests' is not in the whitelist.[39m
[31m    at validateTableName (C:\Users\admin\Downloads\nib_hr\backend\controllers\core\table.controller.js:1467:11)[39m
[31m    at C:\Users\admin\Downloads\nib_hr\backend\controllers\core\table.controller.js:1474:21[39m
[31m    at C:\Users\admin\Downloads\nib_hr\backend\utils\asyncHandler.js:4:21[39m
[31m    at Layer.handle [as handle_request] (C:\Users\admin\Downloads\nib_hr\backend\node_modules\express\lib\router\layer.js:95:5)[39m
[31m    at next (C:\Users\admin\Downloads\nib_hr\backend\node_modules\express\lib\router\route.js:149:13)[39m
[31m    at C:\Users\admin\Downloads\nib_hr\backend\middleware\audit.middleware.js:98:5[39m
[31m    at Layer.handle [as handle_request] (C:\Users\admin\Downloads\nib_hr\backend\node_modules\express\lib\router\layer.js:95:5)[39m
[31m    at next (C:\Users\admin\Downloads\nib_hr\backend\node_modules\express\lib\router\route.js:149:13)[39m
[31m    at Route.dispatch (C:\Users\admin\Downloads\nib_hr\backend\node_modules\express\lib\router\route.js:119:3)[39m
[31m    at Layer.handle [as handle_request] (C:\Users\admin\Downloads\nib_hr\backend\node_modules\express\lib\router\layer.js:95:5)[39m
2026-09-11 17:18:35:1835 [31merror[39m: [31mGET /api/table/notice_periods - Error: Access restricted: Table 'notice_periods' is not in the whitelist.[39m
[31mStack: Error: Access restricted: Table 'notice_periods' is not in the whitelist.[39m
[31m    at validateTableName (C:\Users\admin\Downloads\nib_hr\backend\controllers\core\table.controller.js:1467:11)[39m
[31m    at C:\Users\admin\Downloads\nib_hr\backend\controllers\core\table.controller.js:1474:21[39m
[31m    at C:\Users\admin\Downloads\nib_hr\backend\utils\asyncHandler.js:4:21[39m
[31m    at Layer.handle [as handle_request] (C:\Users\admin\Downloads\nib_hr\backend\node_modules\express\lib\router\layer.js:95:5)[39m
[31m    at next (C:\Users\admin\Downloads\nib_hr\backend\node_modules\express\lib\router\route.js:149:13)[39m
[31m    at C:\Users\admin\Downloads\nib_hr\backend\middleware\audit.middleware.js:98:5[39m
[31m    at Layer.handle [as handle_request] (C:\Users\admin\Downloads\nib_hr\backend\node_modules\express\lib\router\layer.js:95:5)[39m
[31m    at next (C:\Users\admin\Downloads\nib_hr\backend\node_modules\express\lib\router\route.js:149:13)[39m
[31m    at Route.dispatch (C:\Users\admin\Downloads\nib_hr\backend\node_modules\express\lib\router\route.js:119:3)[39m
[31m    at Layer.handle [as handle_request] (C:\Users\admin\Downloads\nib_hr\backend\node_modules\express\lib\router\layer.js:95:5)[39m
2026-09-11 17:18:35:1835 [31merror[39m: [31mGET /api/table/exit_clearances - Error: Access restricted: Table 'exit_clearances' is not in the whitelist.[39m
[31mStack: Error: Access restricted: Table 'exit_clearances' is not in the whitelist.[39m
[31m    at validateTableName (C:\Users\admin\Downloads\nib_hr\backend\controllers\core\table.controller.js:1467:11)[39m
[31m    at C:\Users\admin\Downloads\nib_hr\backend\controllers\core\table.controller.js:1474:21[39m
[31m    at C:\Users\admin\Downloads\nib_hr\backend\utils\asyncHandler.js:4:21[39m
[31m    at Layer.handle [as handle_request] (C:\Users\admin\Downloads\nib_hr\backend\node_modules\express\lib\router\layer.js:95:5)[39m
[31m    at next (C:\Users\admin\Downloads\nib_hr\backend\node_modules\express\lib\router\route.js:149:13)[39m
[31m    at C:\Users\admin\Downloads\nib_hr\backend\middleware\audit.middleware.js:98:5[39m
[31m    at Layer.handle [as handle_request] (C:\Users\admin\Downloads\nib_hr\backend\node_modules\express\lib\router\layer.js:95:5)[39m
[31m    at next (C:\Users\admin\Downloads\nib_hr\backend\node_modules\express\lib\router\route.js:149:13)[39m
[31m    at Route.dispatch (C:\Users\admin\Downloads\nib_hr\backend\node_modules\express\lib\router\route.js:119:3)[39m
[31m    at Layer.handle [as handle_request] (C:\Users\admin\Downloads\nib_hr\backend\node_modules\express\lib\router\layer.js:95:5)[39m
2026-09-11 17:18:35:1835 [31merror[39m: [31mGET /api/table/asset_returns - Error: Access restricted: Table 'asset_returns' is not in the whitelist.[39m
[31mStack: Error: Access restricted: Table 'asset_returns' is not in the whitelist.[39m
[31m    at validateTableName (C:\Users\admin\Downloads\nib_hr\backend\controllers\core\table.controller.js:1467:11)[39m
[31m    at C:\Users\admin\Downloads\nib_hr\backend\controllers\core\table.controller.js:1474:21[39m
[31m    at C:\Users\admin\Downloads\nib_hr\backend\utils\asyncHandler.js:4:21[39m
[31m    at Layer.handle [as handle_request] (C:\Users\admin\Downloads\nib_hr\backend\node_modules\express\lib\router\layer.js:95:5)[39m
[31m    at next (C:\Users\admin\Downloads\nib_hr\backend\node_modules\express\lib\router\route.js:149:13)[39m
[31m    at C:\Users\admin\Downloads\nib_hr\backend\middleware\audit.middleware.js:98:5[39m
[31m    at Layer.handle [as handle_request] (C:\Users\admin\Downloads\nib_hr\backend\node_modules\express\lib\router\layer.js:95:5)[39m
[31m    at next (C:\Users\admin\Downloads\nib_hr\backend\node_modules\express\lib\router\route.js:149:13)[39m
[31m    at Route.dispatch (C:\Users\admin\Downloads\nib_hr\backend\node_modules\express\lib\router\route.js:119:3)[39m
[31m    at Layer.handle [as handle_request] (C:\Users\admin\Downloads\nib_hr\backend\node_modules\express\lib\router\layer.js:95:5)[39m
2026-09-11 17:18:35:1835 [31merror[39m: [31mGET /api/table/no_dues - Error: Access restricted: Table 'no_dues' is not in the whitelist.[39m
[31mStack: Error: Access restricted: Table 'no_dues' is not in the whitelist.[39m
[31m    at validateTableName (C:\Users\admin\Downloads\nib_hr\backend\controllers\core\table.controller.js:1467:11)[39m
[31m    at C:\Users\admin\Downloads\nib_hr\backend\controllers\core\table.controller.js:1474:21[39m
[31m    at C:\Users\admin\Downloads\nib_hr\backend\utils\asyncHandler.js:4:21[39m
[31m    at Layer.handle [as handle_request] (C:\Users\admin\Downloads\nib_hr\backend\node_modules\express\lib\router\layer.js:95:5)[39m
[31m    at next (C:\Users\admin\Downloads\nib_hr\backend\node_modules\express\lib\router\route.js:149:13)[39m
[31m    at C:\Users\admin\Downloads\nib_hr\backend\middleware\audit.middleware.js:98:5[39m
[31m    at Layer.handle [as handle_request] (C:\Users\admin\Downloads\nib_hr\backend\node_modules\express\lib\router\layer.js:95:5)[39m
[31m    at next (C:\Users\admin\Downloads\nib_hr\backend\node_modules\express\lib\router\route.js:149:13)[39m
[31m    at Route.dispatch (C:\Users\admin\Downloads\nib_hr\backend\node_modules\express\lib\router\route.js:119:3)[39m
[31m    at Layer.handle [as handle_request] (C:\Users\admin\Downloads\nib_hr\backend\node_modules\express\lib\router\layer.js:95:5)[39m
2026-09-11 17:18:35:1835 [31merror[39m: [31mGET /api/table/fnf_settlements - Error: Access restricted: Table 'fnf_settlements' is not in the whitelist.[39m
[31mStack: Error: Access restricted: Table 'fnf_settlements' is not in the whitelist.[39m
[31m    at validateTableName (C:\Users\admin\Downloads\nib_hr\backend\controllers\core\table.controller.js:1467:11)[39m
[31m    at C:\Users\admin\Downloads\nib_hr\backend\controllers\core\table.controller.js:1474:21[39m
[31m    at C:\Users\admin\Downloads\nib_hr\backend\utils\asyncHandler.js:4:21[39m
[31m    at Layer.handle [as handle_request] (C:\Users\admin\Downloads\nib_hr\backend\node_modules\express\lib\router\layer.js:95:5)[39m
[31m    at next (C:\Users\admin\Downloads\nib_hr\backend\node_modules\express\lib\router\route.js:149:13)[39m
[31m    at C:\Users\admin\Downloads\nib_hr\backend\middleware\audit.middleware.js:98:5[39m
[31m    at Layer.handle [as handle_request] (C:\Users\admin\Downloads\nib_hr\backend\node_modules\express\lib\router\layer.js:95:5)[39m
[31m    at next (C:\Users\admin\Downloads\nib_hr\backend\node_modules\express\lib\router\route.js:149:13)[39m
[31m    at Route.dispatch (C:\Users\admin\Downloads\nib_hr\backend\node_modules\express\lib\router\route.js:119:3)[39m
[31m    at Layer.handle [as handle_request] (C:\Users\admin\Downloads\nib_hr\backend\node_modules\express\lib\router\layer.js:95:5)[39m
2026-09-11 17:18:35:1835 [31merror[39m: [31mGET /api/table/exit_interviews - Error: Access restricted: Table 'exit_interviews' is not in the whitelist.[39m
[31mStack: Error: Access restricted: Table 'exit_interviews' is not in the whitelist.[39m
[31m    at validateTableName (C:\Users\admin\Downloads\nib_hr\backend\controllers\core\table.controller.js:1467:11)[39m
[31m    at C:\Users\admin\Downloads\nib_hr\backend\controllers\core\table.controller.js:1474:21[39m
[31m    at C:\Users\admin\Downloads\nib_hr\backend\utils\asyncHandler.js:4:21[39m
[31m    at Layer.handle [as handle_request] (C:\Users\admin\Downloads\nib_hr\backend\node_modules\express\lib\router\layer.js:95:5)[39m
[31m    at next (C:\Users\admin\Downloads\nib_hr\backend\node_modules\express\lib\router\route.js:149:13)[39m
[31m    at C:\Users\admin\Downloads\nib_hr\backend\middleware\audit.middleware.js:98:5[39m
[31m    at Layer.handle [as handle_request] (C:\Users\admin\Downloads\nib_hr\backend\node_modules\express\lib\router\layer.js:95:5)[39m
[31m    at next (C:\Users\admin\Downloads\nib_hr\backend\node_modules\express\lib\router\route.js:149:13)[39m
[31m    at Route.dispatch (C:\Users\admin\Downloads\nib_hr\backend\node_modules\express\lib\router\route.js:119:3)[39m
[31m    at Layer.handle [as handle_request] (C:\Users\admin\Downloads\nib_hr\backend\node_modules\express\lib\router\layer.js:95:5)[39m
2026-09-11 17:18:35:1835 [31merror[39m: [31mGET /api/table/experience_letters - Error: Access restricted: Table 'experience_letters' is not in the whitelist.[39m
[31mStack: Error: Access restricted: Table 'experience_letters' is not in the whitelist.[39m
[31m    at validateTableName (C:\Users\admin\Downloads\nib_hr\backend\controllers\core\table.controller.js:1467:11)[39m
[31m    at C:\Users\admin\Downloads\nib_hr\backend\controllers\core\table.controller.js:1474:21[39m
[31m    at C:\Users\admin\Downloads\nib_hr\backend\utils\asyncHandler.js:4:21[39m
[31m    at Layer.handle [as handle_request] (C:\Users\admin\Downloads\nib_hr\backend\node_modules\express\lib\router\layer.js:95:5)[39m
[31m    at next (C:\Users\admin\Downloads\nib_hr\backend\node_modules\express\lib\router\route.js:149:13)[39m
[31m    at C:\Users\admin\Downloads\nib_hr\backend\middleware\audit.middleware.js:98:5[39m
[31m    at Layer.handle [as handle_request] (C:\Users\admin\Downloads\nib_hr\backend\node_modules\express\lib\router\layer.js:95:5)[39m
[31m    at next (C:\Users\admin\Downloads\nib_hr\backend\node_modules\express\lib\router\route.js:149:13)[39m
[31m    at Route.dispatch (C:\Users\admin\Downloads\nib_hr\backend\node_modules\express\lib\router\route.js:119:3)[39m
[31m    at Layer.handle [as handle_request] (C:\Users\admin\Downloads\nib_hr\backend\node_modules\express\lib\router\layer.js:95:5)[39m
2026-09-11 17:18:37:1837 [31merror[39m: [31mGET /api/table/exit_requests - Error: Access restricted: Table 'exit_requests' is not in the whitelist.[39m
[31mStack: Error: Access restricted: Table 'exit_requests' is not in the whitelist.[39m
[31m    at validateTableName (C:\Users\admin\Downloads\nib_hr\backend\controllers\core\table.controller.js:1467:11)[39m
[31m    at C:\Users\admin\Downloads\nib_hr\backend\controllers\core\table.controller.js:1474:21[39m
[31m    at C:\Users\admin\Downloads\nib_hr\backend\utils\asyncHandler.js:4:21[39m
[31m    at Layer.handle [as handle_request] (C:\Users\admin\Downloads\nib_hr\backend\node_modules\express\lib\router\layer.js:95:5)[39m
[31m    at next (C:\Users\admin\Downloads\nib_hr\backend\node_modules\express\lib\router\route.js:149:13)[39m
[31m    at C:\Users\admin\Downloads\nib_hr\backend\middleware\audit.middleware.js:98:5[39m
[31m    at Layer.handle [as handle_request] (C:\Users\admin\Downloads\nib_hr\backend\node_modules\express\lib\router\layer.js:95:5)[39m
[31m    at next (C:\Users\admin\Downloads\nib_hr\backend\node_modules\express\lib\router\route.js:149:13)[39m
[31m    at Route.dispatch (C:\Users\admin\Downloads\nib_hr\backend\node_modules\express\lib\router\route.js:119:3)[39m
[31m    at Layer.handle [as handle_request] (C:\Users\admin\Downloads\nib_hr\backend\node_modules\express\lib\router\layer.js:95:5)[39m
2026-09-11 17:18:37:1837 [31merror[39m: [31mGET /api/table/exit_requests - Error: Access restricted: Table 'exit_requests' is not in the whitelist.[39m
[31mStack: Error: Access restricted: Table 'exit_requests' is not in the whitelist.[39m
[31m    at validateTableName (C:\Users\admin\Downloads\nib_hr\backend\controllers\core\table.controller.js:1467:11)[39m
[31m    at C:\Users\admin\Downloads\nib_hr\backend\controllers\core\table.controller.js:1474:21[39m
[31m    at C:\Users\admin\Downloads\nib_hr\backend\utils\asyncHandler.js:4:21[39m
[31m    at Layer.handle [as handle_request] (C:\Users\admin\Downloads\nib_hr\backend\node_modules\express\lib\router\layer.js:95:5)[39m
[31m    at next (C:\Users\admin\Downloads\nib_hr\backend\node_modules\express\lib\router\route.js:149:13)[39m
[31m    at C:\Users\admin\Downloads\nib_hr\backend\middleware\audit.middleware.js:98:5[39m
[31m    at Layer.handle [as handle_request] (C:\Users\admin\Downloads\nib_hr\backend\node_modules\express\lib\router\layer.js:95:5)[39m
[31m    at next (C:\Users\admin\Downloads\nib_hr\backend\node_modules\express\lib\router\route.js:149:13)[39m
[31m    at Route.dispatch (C:\Users\admin\Downloads\nib_hr\backend\node_modules\express\lib\router\route.js:119:3)[39m
[31m    at Layer.handle [as handle_request] (C:\Users\admin\Downloads\nib_hr\backend\node_modules\express\lib\router\layer.js:95:5)[39m
2026-09-11 17:18:37:1837 [31merror[39m: [31mGET /api/table/exit_requests - Error: Access restricted: Table 'exit_requests' is not in the whitelist.[39m
[31mStack: Error: Access restricted: Table 'exit_requests' is not in the whitelist.[39m
[31m    at validateTableName (C:\Users\admin\Downloads\nib_hr\backend\controllers\core\table.controller.js:1467:11)[39m
[31m    at C:\Users\admin\Downloads\nib_hr\backend\controllers\core\table.controller.js:1474:21[39m
[31m    at C:\Users\admin\Downloads\nib_hr\backend\utils\asyncHandler.js:4:21[39m
[31m    at Layer.handle [as handle_request] (C:\Users\admin\Downloads\nib_hr\backend\node_modules\express\lib\router\layer.js:95:5)[39m
[31m    at next (C:\Users\admin\Downloads\nib_hr\backend\node_modules\express\lib\router\route.js:149:13)[39m
[31m    at C:\Users\admin\Downloads\nib_hr\backend\middleware\audit.middleware.js:98:5[39m
[31m    at Layer.handle [as handle_request] (C:\Users\admin\Downloads\nib_hr\backend\node_modules\express\lib\router\layer.js:95:5)[39m
[31m    at next (C:\Users\admin\Downloads\nib_hr\backend\node_modules\express\lib\router\route.js:149:13)[39m
[31m    at Route.dispatch (C:\Users\admin\Downloads\nib_hr\backend\node_modules\express\lib\router\route.js:119:3)[39m
[31m    at Layer.handle [as handle_request] (C:\Users\admin\Downloads\nib_hr\backend\node_modules\express\lib\router\layer.js:95:5)[39m
2026-09-11 17:18:38:1838 [31merror[39m: [31mGET /api/table/exit_requests - Error: Access restricted: Table 'exit_requests' is not in the whitelist.[39m
[31mStack: Error: Access restricted: Table 'exit_requests' is not in the whitelist.[39m
[31m    at validateTableName (C:\Users\admin\Downloads\nib_hr\backend\controllers\core\table.controller.js:1467:11)[39m
[31m    at C:\Users\admin\Downloads\nib_hr\backend\controllers\core\table.controller.js:1474:21[39m
[31m    at C:\Users\admin\Downloads\nib_hr\backend\utils\asyncHandler.js:4:21[39m
[31m    at Layer.handle [as handle_request] (C:\Users\admin\Downloads\nib_hr\backend\node_modules\express\lib\router\layer.js:95:5)[39m
[31m    at next (C:\Users\admin\Downloads\nib_hr\backend\node_modules\express\lib\router\route.js:149:13)[39m
[31m    at C:\Users\admin\Downloads\nib_hr\backend\middleware\audit.middleware.js:98:5[39m
[31m    at Layer.handle [as handle_request] (C:\Users\admin\Downloads\nib_hr\backend\node_modules\express\lib\router\layer.js:95:5)[39m
[31m    at next (C:\Users\admin\Downloads\nib_hr\backend\node_modules\express\lib\router\route.js:149:13)[39m
[31m    at Route.dispatch (C:\Users\admin\Downloads\nib_hr\backend\node_modules\express\lib\router\route.js:119:3)[39m
[31m    at Layer.handle [as handle_request] (C:\Users\admin\Downloads\nib_hr\backend\node_modules\express\lib\router\layer.js:95:5)[39m
2026-09-11 18:18:51:1851 [31merror[39m: [31mGET /api/table/documents - Error: Access restricted: Table 'documents' is not in the whitelist.[39m
[31mStack: Error: Access restricted: Table 'documents' is not in the whitelist.[39m
[31m    at validateTableName (C:\Users\admin\Downloads\nib_hr\backend\controllers\core\table.controller.js:1467:11)[39m
[31m    at C:\Users\admin\Downloads\nib_hr\backend\controllers\core\table.controller.js:1474:21[39m
[31m    at C:\Users\admin\Downloads\nib_hr\backend\utils\asyncHandler.js:4:21[39m
[31m    at Layer.handle [as handle_request] (C:\Users\admin\Downloads\nib_hr\backend\node_modules\express\lib\router\layer.js:95:5)[39m
[31m    at next (C:\Users\admin\Downloads\nib_hr\backend\node_modules\express\lib\router\route.js:149:13)[39m
[31m    at C:\Users\admin\Downloads\nib_hr\backend\middleware\audit.middleware.js:98:5[39m
[31m    at Layer.handle [as handle_request] (C:\Users\admin\Downloads\nib_hr\backend\node_modules\express\lib\router\layer.js:95:5)[39m
[31m    at next (C:\Users\admin\Downloads\nib_hr\backend\node_modules\express\lib\router\route.js:149:13)[39m
[31m    at Route.dispatch (C:\Users\admin\Downloads\nib_hr\backend\node_modules\express\lib\router\route.js:119:3)[39m
[31m    at Layer.handle [as handle_request] (C:\Users\admin\Downloads\nib_hr\backend\node_modules\express\lib\router\layer.js:95:5)[39m
2026-09-11 18:18:52:1852 [31merror[39m: [31mGET /api/table/exit_requests - Error: Access restricted: Table 'exit_requests' is not in the whitelist.[39m
[31mStack: Error: Access restricted: Table 'exit_requests' is not in the whitelist.[39m
[31m    at validateTableName (C:\Users\admin\Downloads\nib_hr\backend\controllers\core\table.controller.js:1467:11)[39m
[31m    at C:\Users\admin\Downloads\nib_hr\backend\controllers\core\table.controller.js:1474:21[39m
[31m    at C:\Users\admin\Downloads\nib_hr\backend\utils\asyncHandler.js:4:21[39m
[31m    at Layer.handle [as handle_request] (C:\Users\admin\Downloads\nib_hr\backend\node_modules\express\lib\router\layer.js:95:5)[39m
[31m    at next (C:\Users\admin\Downloads\nib_hr\backend\node_modules\express\lib\router\route.js:149:13)[39m
[31m    at C:\Users\admin\Downloads\nib_hr\backend\middleware\audit.middleware.js:98:5[39m
[31m    at Layer.handle [as handle_request] (C:\Users\admin\Downloads\nib_hr\backend\node_modules\express\lib\router\layer.js:95:5)[39m
[31m    at next (C:\Users\admin\Downloads\nib_hr\backend\node_modules\express\lib\router\route.js:149:13)[39m
[31m    at Route.dispatch (C:\Users\admin\Downloads\nib_hr\backend\node_modules\express\lib\router\route.js:119:3)[39m
[31m    at Layer.handle [as handle_request] (C:\Users\admin\Downloads\nib_hr\backend\node_modules\express\lib\router\layer.js:95:5)[39m
2026-09-11 18:18:52:1852 [31merror[39m: [31mGET /api/table/notice_periods - Error: Access restricted: Table 'notice_periods' is not in the whitelist.[39m
[31mStack: Error: Access restricted: Table 'notice_periods' is not in the whitelist.[39m
[31m    at validateTableName (C:\Users\admin\Downloads\nib_hr\backend\controllers\core\table.controller.js:1467:11)[39m
[31m    at C:\Users\admin\Downloads\nib_hr\backend\controllers\core\table.controller.js:1474:21[39m
[31m    at C:\Users\admin\Downloads\nib_hr\backend\utils\asyncHandler.js:4:21[39m
[31m    at Layer.handle [as handle_request] (C:\Users\admin\Downloads\nib_hr\backend\node_modules\express\lib\router\layer.js:95:5)[39m
[31m    at next (C:\Users\admin\Downloads\nib_hr\backend\node_modules\express\lib\router\route.js:149:13)[39m
[31m    at C:\Users\admin\Downloads\nib_hr\backend\middleware\audit.middleware.js:98:5[39m
[31m    at Layer.handle [as handle_request] (C:\Users\admin\Downloads\nib_hr\backend\node_modules\express\lib\router\layer.js:95:5)[39m
[31m    at next (C:\Users\admin\Downloads\nib_hr\backend\node_modules\express\lib\router\route.js:149:13)[39m
[31m    at Route.dispatch (C:\Users\admin\Downloads\nib_hr\backend\node_modules\express\lib\router\route.js:119:3)[39m
[31m    at Layer.handle [as handle_request] (C:\Users\admin\Downloads\nib_hr\backend\node_modules\express\lib\router\layer.js:95:5)[39m
2026-09-11 18:18:52:1852 [31merror[39m: [31mGET /api/table/exit_clearances - Error: Access restricted: Table 'exit_clearances' is not in the whitelist.[39m
[31mStack: Error: Access restricted: Table 'exit_clearances' is not in the whitelist.[39m
[31m    at validateTableName (C:\Users\admin\Downloads\nib_hr\backend\controllers\core\table.controller.js:1467:11)[39m
[31m    at C:\Users\admin\Downloads\nib_hr\backend\controllers\core\table.controller.js:1474:21[39m
[31m    at C:\Users\admin\Downloads\nib_hr\backend\utils\asyncHandler.js:4:21[39m
[31m    at Layer.handle [as handle_request] (C:\Users\admin\Downloads\nib_hr\backend\node_modules\express\lib\router\layer.js:95:5)[39m
[31m    at next (C:\Users\admin\Downloads\nib_hr\backend\node_modules\express\lib\router\route.js:149:13)[39m
[31m    at C:\Users\admin\Downloads\nib_hr\backend\middleware\audit.middleware.js:98:5[39m
[31m    at Layer.handle [as handle_request] (C:\Users\admin\Downloads\nib_hr\backend\node_modules\express\lib\router\layer.js:95:5)[39m
[31m    at next (C:\Users\admin\Downloads\nib_hr\backend\node_modules\express\lib\router\route.js:149:13)[39m
[31m    at Route.dispatch (C:\Users\admin\Downloads\nib_hr\backend\node_modules\express\lib\router\route.js:119:3)[39m
[31m    at Layer.handle [as handle_request] (C:\Users\admin\Downloads\nib_hr\backend\node_modules\express\lib\router\layer.js:95:5)[39m
2026-09-11 18:18:52:1852 [31merror[39m: [31mGET /api/table/no_dues - Error: Access restricted: Table 'no_dues' is not in the whitelist.[39m
[31mStack: Error: Access restricted: Table 'no_dues' is not in the whitelist.[39m
[31m    at validateTableName (C:\Users\admin\Downloads\nib_hr\backend\controllers\core\table.controller.js:1467:11)[39m
[31m    at C:\Users\admin\Downloads\nib_hr\backend\controllers\core\table.controller.js:1474:21[39m
[31m    at C:\Users\admin\Downloads\nib_hr\backend\utils\asyncHandler.js:4:21[39m
[31m    at Layer.handle [as handle_request] (C:\Users\admin\Downloads\nib_hr\backend\node_modules\express\lib\router\layer.js:95:5)[39m
[31m    at next (C:\Users\admin\Downloads\nib_hr\backend\node_modules\express\lib\router\route.js:149:13)[39m
[31m    at C:\Users\admin\Downloads\nib_hr\backend\middleware\audit.middleware.js:98:5[39m
[31m    at Layer.handle [as handle_request] (C:\Users\admin\Downloads\nib_hr\backend\node_modules\express\lib\router\layer.js:95:5)[39m
[31m    at next (C:\Users\admin\Downloads\nib_hr\backend\node_modules\express\lib\router\route.js:149:13)[39m
[31m    at Route.dispatch (C:\Users\admin\Downloads\nib_hr\backend\node_modules\express\lib\router\route.js:119:3)[39m
[31m    at Layer.handle [as handle_request] (C:\Users\admin\Downloads\nib_hr\backend\node_modules\express\lib\router\layer.js:95:5)[39m
2026-09-11 18:18:52:1852 [31merror[39m: [31mGET /api/table/asset_returns - Error: Access restricted: Table 'asset_returns' is not in the whitelist.[39m
[31mStack: Error: Access restricted: Table 'asset_returns' is not in the whitelist.[39m
[31m    at validateTableName (C:\Users\admin\Downloads\nib_hr\backend\controllers\core\table.controller.js:1467:11)[39m
[31m    at C:\Users\admin\Downloads\nib_hr\backend\controllers\core\table.controller.js:1474:21[39m
[31m    at C:\Users\admin\Downloads\nib_hr\backend\utils\asyncHandler.js:4:21[39m
[31m    at Layer.handle [as handle_request] (C:\Users\admin\Downloads\nib_hr\backend\node_modules\express\lib\router\layer.js:95:5)[39m
[31m    at next (C:\Users\admin\Downloads\nib_hr\backend\node_modules\express\lib\router\route.js:149:13)[39m
[31m    at C:\Users\admin\Downloads\nib_hr\backend\middleware\audit.middleware.js:98:5[39m
[31m    at Layer.handle [as handle_request] (C:\Users\admin\Downloads\nib_hr\backend\node_modules\express\lib\router\layer.js:95:5)[39m
[31m    at next (C:\Users\admin\Downloads\nib_hr\backend\node_modules\express\lib\router\route.js:149:13)[39m
[31m    at Route.dispatch (C:\Users\admin\Downloads\nib_hr\backend\node_modules\express\lib\router\route.js:119:3)[39m
[31m    at Layer.handle [as handle_request] (C:\Users\admin\Downloads\nib_hr\backend\node_modules\express\lib\router\layer.js:95:5)[39m
2026-09-11 18:18:52:1852 [31merror[39m: [31mGET /api/table/fnf_settlements - Error: Access restricted: Table 'fnf_settlements' is not in the whitelist.[39m
[31mStack: Error: Access restricted: Table 'fnf_settlements' is not in the whitelist.[39m
[31m    at validateTableName (C:\Users\admin\Downloads\nib_hr\backend\controllers\core\table.controller.js:1467:11)[39m
[31m    at C:\Users\admin\Downloads\nib_hr\backend\controllers\core\table.controller.js:1474:21[39m
[31m    at C:\Users\admin\Downloads\nib_hr\backend\utils\asyncHandler.js:4:21[39m
[31m    at Layer.handle [as handle_request] (C:\Users\admin\Downloads\nib_hr\backend\node_modules\express\lib\router\layer.js:95:5)[39m
[31m    at next (C:\Users\admin\Downloads\nib_hr\backend\node_modules\express\lib\router\route.js:149:13)[39m
[31m    at C:\Users\admin\Downloads\nib_hr\backend\middleware\audit.middleware.js:98:5[39m
[31m    at Layer.handle [as handle_request] (C:\Users\admin\Downloads\nib_hr\backend\node_modules\express\lib\router\layer.js:95:5)[39m
[31m    at next (C:\Users\admin\Downloads\nib_hr\backend\node_modules\express\lib\router\route.js:149:13)[39m
[31m    at Route.dispatch (C:\Users\admin\Downloads\nib_hr\backend\node_modules\express\lib\router\route.js:119:3)[39m
[31m    at Layer.handle [as handle_request] (C:\Users\admin\Downloads\nib_hr\backend\node_modules\express\lib\router\layer.js:95:5)[39m
2026-09-11 18:18:52:1852 [31merror[39m: [31mGET /api/table/exit_interviews - Error: Access restricted: Table 'exit_interviews' is not in the whitelist.[39m
[31mStack: Error: Access restricted: Table 'exit_interviews' is not in the whitelist.[39m
[31m    at validateTableName (C:\Users\admin\Downloads\nib_hr\backend\controllers\core\table.controller.js:1467:11)[39m
[31m    at C:\Users\admin\Downloads\nib_hr\backend\controllers\core\table.controller.js:1474:21[39m
[31m    at C:\Users\admin\Downloads\nib_hr\backend\utils\asyncHandler.js:4:21[39m
[31m    at Layer.handle [as handle_request] (C:\Users\admin\Downloads\nib_hr\backend\node_modules\express\lib\router\layer.js:95:5)[39m
[31m    at next (C:\Users\admin\Downloads\nib_hr\backend\node_modules\express\lib\router\route.js:149:13)[39m
[31m    at C:\Users\admin\Downloads\nib_hr\backend\middleware\audit.middleware.js:98:5[39m
[31m    at Layer.handle [as handle_request] (C:\Users\admin\Downloads\nib_hr\backend\node_modules\express\lib\router\layer.js:95:5)[39m
[31m    at next (C:\Users\admin\Downloads\nib_hr\backend\node_modules\express\lib\router\route.js:149:13)[39m
[31m    at Route.dispatch (C:\Users\admin\Downloads\nib_hr\backend\node_modules\express\lib\router\route.js:119:3)[39m
[31m    at Layer.handle [as handle_request] (C:\Users\admin\Downloads\nib_hr\backend\node_modules\express\lib\router\layer.js:95:5)[39m
2026-09-11 18:18:52:1852 [31merror[39m: [31mGET /api/table/experience_letters - Error: Access restricted: Table 'experience_letters' is not in the whitelist.[39m
[31mStack: Error: Access restricted: Table 'experience_letters' is not in the whitelist.[39m
[31m    at validateTableName (C:\Users\admin\Downloads\nib_hr\backend\controllers\core\table.controller.js:1467:11)[39m
[31m    at C:\Users\admin\Downloads\nib_hr\backend\controllers\core\table.controller.js:1474:21[39m
[31m    at C:\Users\admin\Downloads\nib_hr\backend\utils\asyncHandler.js:4:21[39m
[31m    at Layer.handle [as handle_request] (C:\Users\admin\Downloads\nib_hr\backend\node_modules\express\lib\router\layer.js:95:5)[39m
[31m    at next (C:\Users\admin\Downloads\nib_hr\backend\node_modules\express\lib\router\route.js:149:13)[39m
[31m    at C:\Users\admin\Downloads\nib_hr\backend\middleware\audit.middleware.js:98:5[39m
[31m    at Layer.handle [as handle_request] (C:\Users\admin\Downloads\nib_hr\backend\node_modules\express\lib\router\layer.js:95:5)[39m
[31m    at next (C:\Users\admin\Downloads\nib_hr\backend\node_modules\express\lib\router\route.js:149:13)[39m
[31m    at Route.dispatch (C:\Users\admin\Downloads\nib_hr\backend\node_modules\express\lib\router\route.js:119:3)[39m
[31m    at Layer.handle [as handle_request] (C:\Users\admin\Downloads\nib_hr\backend\node_modules\express\lib\router\layer.js:95:5)[39m
2026-09-11 18:18:52:1852 [31merror[39m: [31mGET /api/table/documents - Error: Access restricted: Table 'documents' is not in the whitelist.[39m
[31mStack: Error: Access restricted: Table 'documents' is not in the whitelist.[39m
[31m    at validateTableName (C:\Users\admin\Downloads\nib_hr\backend\controllers\core\table.controller.js:1467:11)[39m
[31m    at C:\Users\admin\Downloads\nib_hr\backend\controllers\core\table.controller.js:1474:21[39m
[31m    at C:\Users\admin\Downloads\nib_hr\backend\utils\asyncHandler.js:4:21[39m
[31m    at Layer.handle [as handle_request] (C:\Users\admin\Downloads\nib_hr\backend\node_modules\express\lib\router\layer.js:95:5)[39m
[31m    at next (C:\Users\admin\Downloads\nib_hr\backend\node_modules\express\lib\router\route.js:149:13)[39m
[31m    at C:\Users\admin\Downloads\nib_hr\backend\middleware\audit.middleware.js:98:5[39m
[31m    at Layer.handle [as handle_request] (C:\Users\admin\Downloads\nib_hr\backend\node_modules\express\lib\router\layer.js:95:5)[39m
[31m    at next (C:\Users\admin\Downloads\nib_hr\backend\node_modules\express\lib\router\route.js:149:13)[39m
[31m    at Route.dispatch (C:\Users\admin\Downloads\nib_hr\backend\node_modules\express\lib\router\route.js:119:3)[39m
[31m    at Layer.handle [as handle_request] (C:\Users\admin\Downloads\nib_hr\backend\node_modules\express\lib\router\layer.js:95:5)[39m
2026-09-11 18:18:53:1853 [31merror[39m: [31mGET /api/table/exit_requests - Error: Access restricted: Table 'exit_requests' is not in the whitelist.[39m
[31mStack: Error: Access restricted: Table 'exit_requests' is not in the whitelist.[39m
[31m    at validateTableName (C:\Users\admin\Downloads\nib_hr\backend\controllers\core\table.controller.js:1467:11)[39m
[31m    at C:\Users\admin\Downloads\nib_hr\backend\controllers\core\table.controller.js:1474:21[39m
[31m    at C:\Users\admin\Downloads\nib_hr\backend\utils\asyncHandler.js:4:21[39m
[31m    at Layer.handle [as handle_request] (C:\Users\admin\Downloads\nib_hr\backend\node_modules\express\lib\router\layer.js:95:5)[39m
[31m    at next (C:\Users\admin\Downloads\nib_hr\backend\node_modules\express\lib\router\route.js:149:13)[39m
[31m    at C:\Users\admin\Downloads\nib_hr\backend\middleware\audit.middleware.js:98:5[39m
[31m    at Layer.handle [as handle_request] (C:\Users\admin\Downloads\nib_hr\backend\node_modules\express\lib\router\layer.js:95:5)[39m
[31m    at next (C:\Users\admin\Downloads\nib_hr\backend\node_modules\express\lib\router\route.js:149:13)[39m
[31m    at Route.dispatch (C:\Users\admin\Downloads\nib_hr\backend\node_modules\express\lib\router\route.js:119:3)[39m
[31m    at Layer.handle [as handle_request] (C:\Users\admin\Downloads\nib_hr\backend\node_modules\express\lib\router\layer.js:95:5)[39m
2026-09-11 18:18:53:1853 [31merror[39m: [31mGET /api/table/notice_periods - Error: Access restricted: Table 'notice_periods' is not in the whitelist.[39m
[31mStack: Error: Access restricted: Table 'notice_periods' is not in the whitelist.[39m
[31m    at validateTableName (C:\Users\admin\Downloads\nib_hr\backend\controllers\core\table.controller.js:1467:11)[39m
[31m    at C:\Users\admin\Downloads\nib_hr\backend\controllers\core\table.controller.js:1474:21[39m
[31m    at C:\Users\admin\Downloads\nib_hr\backend\utils\asyncHandler.js:4:21[39m
[31m    at Layer.handle [as handle_request] (C:\Users\admin\Downloads\nib_hr\backend\node_modules\express\lib\router\layer.js:95:5)[39m
[31m    at next (C:\Users\admin\Downloads\nib_hr\backend\node_modules\express\lib\router\route.js:149:13)[39m
[31m    at C:\Users\admin\Downloads\nib_hr\backend\middleware\audit.middleware.js:98:5[39m
[31m    at Layer.handle [as handle_request] (C:\Users\admin\Downloads\nib_hr\backend\node_modules\express\lib\router\layer.js:95:5)[39m
[31m    at next (C:\Users\admin\Downloads\nib_hr\backend\node_modules\express\lib\router\route.js:149:13)[39m
[31m    at Route.dispatch (C:\Users\admin\Downloads\nib_hr\backend\node_modules\express\lib\router\route.js:119:3)[39m
[31m    at Layer.handle [as handle_request] (C:\Users\admin\Downloads\nib_hr\backend\node_modules\express\lib\router\layer.js:95:5)[39m
2026-09-11 18:18:53:1853 [31merror[39m: [31mGET /api/table/exit_clearances - Error: Access restricted: Table 'exit_clearances' is not in the whitelist.[39m
[31mStack: Error: Access restricted: Table 'exit_clearances' is not in the whitelist.[39m
[31m    at validateTableName (C:\Users\admin\Downloads\nib_hr\backend\controllers\core\table.controller.js:1467:11)[39m
[31m    at C:\Users\admin\Downloads\nib_hr\backend\controllers\core\table.controller.js:1474:21[39m
[31m    at C:\Users\admin\Downloads\nib_hr\backend\utils\asyncHandler.js:4:21[39m
[31m    at Layer.handle [as handle_request] (C:\Users\admin\Downloads\nib_hr\backend\node_modules\express\lib\router\layer.js:95:5)[39m
[31m    at next (C:\Users\admin\Downloads\nib_hr\backend\node_modules\express\lib\router\route.js:149:13)[39m
[31m    at C:\Users\admin\Downloads\nib_hr\backend\middleware\audit.middleware.js:98:5[39m
[31m    at Layer.handle [as handle_request] (C:\Users\admin\Downloads\nib_hr\backend\node_modules\express\lib\router\layer.js:95:5)[39m
[31m    at next (C:\Users\admin\Downloads\nib_hr\backend\node_modules\express\lib\router\route.js:149:13)[39m
[31m    at Route.dispatch (C:\Users\admin\Downloads\nib_hr\backend\node_modules\express\lib\router\route.js:119:3)[39m
[31m    at Layer.handle [as handle_request] (C:\Users\admin\Downloads\nib_hr\backend\node_modules\express\lib\router\layer.js:95:5)[39m
2026-09-11 18:18:53:1853 [31merror[39m: [31mGET /api/table/no_dues - Error: Access restricted: Table 'no_dues' is not in the whitelist.[39m
[31mStack: Error: Access restricted: Table 'no_dues' is not in the whitelist.[39m
[31m    at validateTableName (C:\Users\admin\Downloads\nib_hr\backend\controllers\core\table.controller.js:1467:11)[39m
[31m    at C:\Users\admin\Downloads\nib_hr\backend\controllers\core\table.controller.js:1474:21[39m
[31m    at C:\Users\admin\Downloads\nib_hr\backend\utils\asyncHandler.js:4:21[39m
[31m    at Layer.handle [as handle_request] (C:\Users\admin\Downloads\nib_hr\backend\node_modules\express\lib\router\layer.js:95:5)[39m
[31m    at next (C:\Users\admin\Downloads\nib_hr\backend\node_modules\express\lib\router\route.js:149:13)[39m
[31m    at C:\Users\admin\Downloads\nib_hr\backend\middleware\audit.middleware.js:98:5[39m
[31m    at Layer.handle [as handle_request] (C:\Users\admin\Downloads\nib_hr\backend\node_modules\express\lib\router\layer.js:95:5)[39m
[31m    at next (C:\Users\admin\Downloads\nib_hr\backend\node_modules\express\lib\router\route.js:149:13)[39m
[31m    at Route.dispatch (C:\Users\admin\Downloads\nib_hr\backend\node_modules\express\lib\router\route.js:119:3)[39m
[31m    at Layer.handle [as handle_request] (C:\Users\admin\Downloads\nib_hr\backend\node_modules\express\lib\router\layer.js:95:5)[39m
2026-09-11 18:18:53:1853 [31merror[39m: [31mGET /api/table/asset_returns - Error: Access restricted: Table 'asset_returns' is not in the whitelist.[39m
[31mStack: Error: Access restricted: Table 'asset_returns' is not in the whitelist.[39m
[31m    at validateTableName (C:\Users\admin\Downloads\nib_hr\backend\controllers\core\table.controller.js:1467:11)[39m
[31m    at C:\Users\admin\Downloads\nib_hr\backend\controllers\core\table.controller.js:1474:21[39m
[31m    at C:\Users\admin\Downloads\nib_hr\backend\utils\asyncHandler.js:4:21[39m
[31m    at Layer.handle [as handle_request] (C:\Users\admin\Downloads\nib_hr\backend\node_modules\express\lib\router\layer.js:95:5)[39m
[31m    at next (C:\Users\admin\Downloads\nib_hr\backend\node_modules\express\lib\router\route.js:149:13)[39m
[31m    at C:\Users\admin\Downloads\nib_hr\backend\middleware\audit.middleware.js:98:5[39m
[31m    at Layer.handle [as handle_request] (C:\Users\admin\Downloads\nib_hr\backend\node_modules\express\lib\router\layer.js:95:5)[39m
[31m    at next (C:\Users\admin\Downloads\nib_hr\backend\node_modules\express\lib\router\route.js:149:13)[39m
[31m    at Route.dispatch (C:\Users\admin\Downloads\nib_hr\backend\node_modules\express\lib\router\route.js:119:3)[39m
[31m    at Layer.handle [as handle_request] (C:\Users\admin\Downloads\nib_hr\backend\node_modules\express\lib\router\layer.js:95:5)[39m
2026-09-11 18:18:53:1853 [31merror[39m: [31mGET /api/table/fnf_settlements - Error: Access restricted: Table 'fnf_settlements' is not in the whitelist.[39m
[31mStack: Error: Access restricted: Table 'fnf_settlements' is not in the whitelist.[39m
[31m    at validateTableName (C:\Users\admin\Downloads\nib_hr\backend\controllers\core\table.controller.js:1467:11)[39m
[31m    at C:\Users\admin\Downloads\nib_hr\backend\controllers\core\table.controller.js:1474:21[39m
[31m    at C:\Users\admin\Downloads\nib_hr\backend\utils\asyncHandler.js:4:21[39m
[31m    at Layer.handle [as handle_request] (C:\Users\admin\Downloads\nib_hr\backend\node_modules\express\lib\router\layer.js:95:5)[39m
[31m    at next (C:\Users\admin\Downloads\nib_hr\backend\node_modules\express\lib\router\route.js:149:13)[39m
[31m    at C:\Users\admin\Downloads\nib_hr\backend\middleware\audit.middleware.js:98:5[39m
[31m    at Layer.handle [as handle_request] (C:\Users\admin\Downloads\nib_hr\backend\node_modules\express\lib\router\layer.js:95:5)[39m
[31m    at next (C:\Users\admin\Downloads\nib_hr\backend\node_modules\express\lib\router\route.js:149:13)[39m
[31m    at Route.dispatch (C:\Users\admin\Downloads\nib_hr\backend\node_modules\express\lib\router\route.js:119:3)[39m
[31m    at Layer.handle [as handle_request] (C:\Users\admin\Downloads\nib_hr\backend\node_modules\express\lib\router\layer.js:95:5)[39m
2026-09-11 18:18:53:1853 [31merror[39m: [31mGET /api/table/exit_interviews - Error: Access restricted: Table 'exit_interviews' is not in the whitelist.[39m
[31mStack: Error: Access restricted: Table 'exit_interviews' is not in the whitelist.[39m
[31m    at validateTableName (C:\Users\admin\Downloads\nib_hr\backend\controllers\core\table.controller.js:1467:11)[39m
[31m    at C:\Users\admin\Downloads\nib_hr\backend\controllers\core\table.controller.js:1474:21[39m
[31m    at C:\Users\admin\Downloads\nib_hr\backend\utils\asyncHandler.js:4:21[39m
[31m    at Layer.handle [as handle_request] (C:\Users\admin\Downloads\nib_hr\backend\node_modules\express\lib\router\layer.js:95:5)[39m
[31m    at next (C:\Users\admin\Downloads\nib_hr\backend\node_modules\express\lib\router\route.js:149:13)[39m
[31m    at C:\Users\admin\Downloads\nib_hr\backend\middleware\audit.middleware.js:98:5[39m
[31m    at Layer.handle [as handle_request] (C:\Users\admin\Downloads\nib_hr\backend\node_modules\express\lib\router\layer.js:95:5)[39m
[31m    at next (C:\Users\admin\Downloads\nib_hr\backend\node_modules\express\lib\router\route.js:149:13)[39m
[31m    at Route.dispatch (C:\Users\admin\Downloads\nib_hr\backend\node_modules\express\lib\router\route.js:119:3)[39m
[31m    at Layer.handle [as handle_request] (C:\Users\admin\Downloads\nib_hr\backend\node_modules\express\lib\router\layer.js:95:5)[39m
2026-09-11 18:18:53:1853 [31merror[39m: [31mGET /api/table/experience_letters - Error: Access restricted: Table 'experience_letters' is not in the whitelist.[39m
[31mStack: Error: Access restricted: Table 'experience_letters' is not in the whitelist.[39m
[31m    at validateTableName (C:\Users\admin\Downloads\nib_hr\backend\controllers\core\table.controller.js:1467:11)[39m
[31m    at C:\Users\admin\Downloads\nib_hr\backend\controllers\core\table.controller.js:1474:21[39m
[31m    at C:\Users\admin\Downloads\nib_hr\backend\utils\asyncHandler.js:4:21[39m
[31m    at Layer.handle [as handle_request] (C:\Users\admin\Downloads\nib_hr\backend\node_modules\express\lib\router\layer.js:95:5)[39m
[31m    at next (C:\Users\admin\Downloads\nib_hr\backend\node_modules\express\lib\router\route.js:149:13)[39m
[31m    at C:\Users\admin\Downloads\nib_hr\backend\middleware\audit.middleware.js:98:5[39m
[31m    at Layer.handle [as handle_request] (C:\Users\admin\Downloads\nib_hr\backend\node_modules\express\lib\router\layer.js:95:5)[39m
[31m    at next (C:\Users\admin\Downloads\nib_hr\backend\node_modules\express\lib\router\route.js:149:13)[39m
[31m    at Route.dispatch (C:\Users\admin\Downloads\nib_hr\backend\node_modules\express\lib\router\route.js:119:3)[39m
[31m    at Layer.handle [as handle_request] (C:\Users\admin\Downloads\nib_hr\backend\node_modules\express\lib\router\layer.js:95:5)[39m
2026-09-11 18:18:53:1853 [31merror[39m: [31mGET /api/table/exit_requests - Error: Access restricted: Table 'exit_requests' is not in the whitelist.[39m
[31mStack: Error: Access restricted: Table 'exit_requests' is not in the whitelist.[39m
[31m    at validateTableName (C:\Users\admin\Downloads\nib_hr\backend\controllers\core\table.controller.js:1467:11)[39m
[31m    at C:\Users\admin\Downloads\nib_hr\backend\controllers\core\table.controller.js:1474:21[39m
[31m    at C:\Users\admin\Downloads\nib_hr\backend\utils\asyncHandler.js:4:21[39m
[31m    at Layer.handle [as handle_request] (C:\Users\admin\Downloads\nib_hr\backend\node_modules\express\lib\router\layer.js:95:5)[39m
[31m    at next (C:\Users\admin\Downloads\nib_hr\backend\node_modules\express\lib\router\route.js:149:13)[39m
[31m    at C:\Users\admin\Downloads\nib_hr\backend\middleware\audit.middleware.js:98:5[39m
[31m    at Layer.handle [as handle_request] (C:\Users\admin\Downloads\nib_hr\backend\node_modules\express\lib\router\layer.js:95:5)[39m
[31m    at next (C:\Users\admin\Downloads\nib_hr\backend\node_modules\express\lib\router\route.js:149:13)[39m
[31m    at Route.dispatch (C:\Users\admin\Downloads\nib_hr\backend\node_modules\express\lib\router\route.js:119:3)[39m
[31m    at Layer.handle [as handle_request] (C:\Users\admin\Downloads\nib_hr\backend\node_modules\express\lib\router\layer.js:95:5)[39m
2026-09-11 18:18:54:1854 [31merror[39m: [31mGET /api/table/exit_requests - Error: Access restricted: Table 'exit_requests' is not in the whitelist.[39m
[31mStack: Error: Access restricted: Table 'exit_requests' is not in the whitelist.[39m
[31m    at validateTableName (C:\Users\admin\Downloads\nib_hr\backend\controllers\core\table.controller.js:1467:11)[39m
[31m    at C:\Users\admin\Downloads\nib_hr\backend\controllers\core\table.controller.js:1474:21[39m
[31m    at C:\Users\admin\Downloads\nib_hr\backend\utils\asyncHandler.js:4:21[39m
[31m    at Layer.handle [as handle_request] (C:\Users\admin\Downloads\nib_hr\backend\node_modules\express\lib\router\layer.js:95:5)[39m
[31m    at next (C:\Users\admin\Downloads\nib_hr\backend\node_modules\express\lib\router\route.js:149:13)[39m
[31m    at C:\Users\admin\Downloads\nib_hr\backend\middleware\audit.middleware.js:98:5[39m
[31m    at Layer.handle [as handle_request] (C:\Users\admin\Downloads\nib_hr\backend\node_modules\express\lib\router\layer.js:95:5)[39m
[31m    at next (C:\Users\admin\Downloads\nib_hr\backend\node_modules\express\lib\router\route.js:149:13)[39m
[31m    at Route.dispatch (C:\Users\admin\Downloads\nib_hr\backend\node_modules\express\lib\router\route.js:119:3)[39m
[31m    at Layer.handle [as handle_request] (C:\Users\admin\Downloads\nib_hr\backend\node_modules\express\lib\router\layer.js:95:5)[39m
2026-09-11 18:18:54:1854 [31merror[39m: [31mGET /api/table/exit_requests - Error: Access restricted: Table 'exit_requests' is not in the whitelist.[39m
[31mStack: Error: Access restricted: Table 'exit_requests' is not in the whitelist.[39m
[31m    at validateTableName (C:\Users\admin\Downloads\nib_hr\backend\controllers\core\table.controller.js:1467:11)[39m
[31m    at C:\Users\admin\Downloads\nib_hr\backend\controllers\core\table.controller.js:1474:21[39m
[31m    at C:\Users\admin\Downloads\nib_hr\backend\utils\asyncHandler.js:4:21[39m
[31m    at Layer.handle [as handle_request] (C:\Users\admin\Downloads\nib_hr\backend\node_modules\express\lib\router\layer.js:95:5)[39m
[31m    at next (C:\Users\admin\Downloads\nib_hr\backend\node_modules\express\lib\router\route.js:149:13)[39m
[31m    at C:\Users\admin\Downloads\nib_hr\backend\middleware\audit.middleware.js:98:5[39m
[31m    at Layer.handle [as handle_request] (C:\Users\admin\Downloads\nib_hr\backend\node_modules\express\lib\router\layer.js:95:5)[39m
[31m    at next (C:\Users\admin\Downloads\nib_hr\backend\node_modules\express\lib\router\route.js:149:13)[39m
[31m    at Route.dispatch (C:\Users\admin\Downloads\nib_hr\backend\node_modules\express\lib\router\route.js:119:3)[39m
[31m    at Layer.handle [as handle_request] (C:\Users\admin\Downloads\nib_hr\backend\node_modules\express\lib\router\layer.js:95:5)[39m
2026-09-11 18:18:54:1854 [31merror[39m: [31mGET /api/table/exit_requests - Error: Access restricted: Table 'exit_requests' is not in the whitelist.[39m
[31mStack: Error: Access restricted: Table 'exit_requests' is not in the whitelist.[39m
[31m    at validateTableName (C:\Users\admin\Downloads\nib_hr\backend\controllers\core\table.controller.js:1467:11)[39m
[31m    at C:\Users\admin\Downloads\nib_hr\backend\controllers\core\table.controller.js:1474:21[39m
[31m    at C:\Users\admin\Downloads\nib_hr\backend\utils\asyncHandler.js:4:21[39m
[31m    at Layer.handle [as handle_request] (C:\Users\admin\Downloads\nib_hr\backend\node_modules\express\lib\router\layer.js:95:5)[39m
[31m    at next (C:\Users\admin\Downloads\nib_hr\backend\node_modules\express\lib\router\route.js:149:13)[39m
[31m    at C:\Users\admin\Downloads\nib_hr\backend\middleware\audit.middleware.js:98:5[39m
[31m    at Layer.handle [as handle_request] (C:\Users\admin\Downloads\nib_hr\backend\node_modules\express\lib\router\layer.js:95:5)[39m
[31m    at next (C:\Users\admin\Downloads\nib_hr\backend\node_modules\express\lib\router\route.js:149:13)[39m
[31m    at Route.dispatch (C:\Users\admin\Downloads\nib_hr\backend\node_modules\express\lib\router\route.js:119:3)[39m
[31m    at Layer.handle [as handle_request] (C:\Users\admin\Downloads\nib_hr\backend\node_modules\express\lib\router\layer.js:95:5)[39m
2026-09-11 18:19:25:1925 [31merror[39m: [31mGET /api/finance/payslips?employeeId=0e009a4b-0d9c-41ca-a224-905b1f5250d0 - Error: Access denied: Role context unassigned.[39m
[31mStack: Error: Access denied: Role context unassigned.[39m
[31m    at C:\Users\admin\Downloads\nib_hr\backend\middleware\rbac.middleware.js:24:21[39m
[31m    at process.processTicksAndRejections (node:internal/process/task_queues:104:5)[39m
2026-09-11 18:19:25:1925 [31merror[39m: [31mGET /api/finance/payslips?employeeId=0e009a4b-0d9c-41ca-a224-905b1f5250d0 - Error: Access denied: Role context unassigned.[39m
[31mStack: Error: Access denied: Role context unassigned.[39m
[31m    at C:\Users\admin\Downloads\nib_hr\backend\middleware\rbac.middleware.js:24:21[39m
[31m    at process.processTicksAndRejections (node:internal/process/task_queues:104:5)[39m
2026-09-11 18:19:32:1932 [31merror[39m: [31mGET /api/table/documents - Error: Access restricted: Table 'documents' is not in the whitelist.[39m
[31mStack: Error: Access restricted: Table 'documents' is not in the whitelist.[39m
[31m    at validateTableName (C:\Users\admin\Downloads\nib_hr\backend\controllers\core\table.controller.js:1467:11)[39m
[31m    at C:\Users\admin\Downloads\nib_hr\backend\controllers\core\table.controller.js:1474:21[39m
[31m    at C:\Users\admin\Downloads\nib_hr\backend\utils\asyncHandler.js:4:21[39m
[31m    at Layer.handle [as handle_request] (C:\Users\admin\Downloads\nib_hr\backend\node_modules\express\lib\router\layer.js:95:5)[39m
[31m    at next (C:\Users\admin\Downloads\nib_hr\backend\node_modules\express\lib\router\route.js:149:13)[39m
[31m    at C:\Users\admin\Downloads\nib_hr\backend\middleware\audit.middleware.js:98:5[39m
[31m    at Layer.handle [as handle_request] (C:\Users\admin\Downloads\nib_hr\backend\node_modules\express\lib\router\layer.js:95:5)[39m
[31m    at next (C:\Users\admin\Downloads\nib_hr\backend\node_modules\express\lib\router\route.js:149:13)[39m
[31m    at Route.dispatch (C:\Users\admin\Downloads\nib_hr\backend\node_modules\express\lib\router\route.js:119:3)[39m
[31m    at Layer.handle [as handle_request] (C:\Users\admin\Downloads\nib_hr\backend\node_modules\express\lib\router\layer.js:95:5)[39m
2026-09-11 18:19:32:1932 [31merror[39m: [31mGET /api/table/documents - Error: Access restricted: Table 'documents' is not in the whitelist.[39m
[31mStack: Error: Access restricted: Table 'documents' is not in the whitelist.[39m
[31m    at validateTableName (C:\Users\admin\Downloads\nib_hr\backend\controllers\core\table.controller.js:1467:11)[39m
[31m    at C:\Users\admin\Downloads\nib_hr\backend\controllers\core\table.controller.js:1474:21[39m
[31m    at C:\Users\admin\Downloads\nib_hr\backend\utils\asyncHandler.js:4:21[39m
[31m    at Layer.handle [as handle_request] (C:\Users\admin\Downloads\nib_hr\backend\node_modules\express\lib\router\layer.js:95:5)[39m
[31m    at next (C:\Users\admin\Downloads\nib_hr\backend\node_modules\express\lib\router\route.js:149:13)[39m
[31m    at C:\Users\admin\Downloads\nib_hr\backend\middleware\audit.middleware.js:98:5[39m
[31m    at Layer.handle [as handle_request] (C:\Users\admin\Downloads\nib_hr\backend\node_modules\express\lib\router\layer.js:95:5)[39m
[31m    at next (C:\Users\admin\Downloads\nib_hr\backend\node_modules\express\lib\router\route.js:149:13)[39m
[31m    at Route.dispatch (C:\Users\admin\Downloads\nib_hr\backend\node_modules\express\lib\router\route.js:119:3)[39m
[31m    at Layer.handle [as handle_request] (C:\Users\admin\Downloads\nib_hr\backend\node_modules\express\lib\router\layer.js:95:5)[39m
2026-09-11 18:19:33:1933 [31merror[39m: [31mGET /api/table/exit_requests - Error: Access restricted: Table 'exit_requests' is not in the whitelist.[39m
[31mStack: Error: Access restricted: Table 'exit_requests' is not in the whitelist.[39m
[31m    at validateTableName (C:\Users\admin\Downloads\nib_hr\backend\controllers\core\table.controller.js:1467:11)[39m
[31m    at C:\Users\admin\Downloads\nib_hr\backend\controllers\core\table.controller.js:1474:21[39m
[31m    at C:\Users\admin\Downloads\nib_hr\backend\utils\asyncHandler.js:4:21[39m
[31m    at Layer.handle [as handle_request] (C:\Users\admin\Downloads\nib_hr\backend\node_modules\express\lib\router\layer.js:95:5)[39m
[31m    at next (C:\Users\admin\Downloads\nib_hr\backend\node_modules\express\lib\router\route.js:149:13)[39m
[31m    at C:\Users\admin\Downloads\nib_hr\backend\middleware\audit.middleware.js:98:5[39m
[31m    at Layer.handle [as handle_request] (C:\Users\admin\Downloads\nib_hr\backend\node_modules\express\lib\router\layer.js:95:5)[39m
[31m    at next (C:\Users\admin\Downloads\nib_hr\backend\node_modules\express\lib\router\route.js:149:13)[39m
[31m    at Route.dispatch (C:\Users\admin\Downloads\nib_hr\backend\node_modules\express\lib\router\route.js:119:3)[39m
[31m    at Layer.handle [as handle_request] (C:\Users\admin\Downloads\nib_hr\backend\node_modules\express\lib\router\layer.js:95:5)[39m
2026-09-11 18:19:33:1933 [31merror[39m: [31mGET /api/table/notice_periods - Error: Access restricted: Table 'notice_periods' is not in the whitelist.[39m
[31mStack: Error: Access restricted: Table 'notice_periods' is not in the whitelist.[39m
[31m    at validateTableName (C:\Users\admin\Downloads\nib_hr\backend\controllers\core\table.controller.js:1467:11)[39m
[31m    at C:\Users\admin\Downloads\nib_hr\backend\controllers\core\table.controller.js:1474:21[39m
[31m    at C:\Users\admin\Downloads\nib_hr\backend\utils\asyncHandler.js:4:21[39m
[31m    at Layer.handle [as handle_request] (C:\Users\admin\Downloads\nib_hr\backend\node_modules\express\lib\router\layer.js:95:5)[39m
[31m    at next (C:\Users\admin\Downloads\nib_hr\backend\node_modules\express\lib\router\route.js:149:13)[39m
[31m    at C:\Users\admin\Downloads\nib_hr\backend\middleware\audit.middleware.js:98:5[39m
[31m    at Layer.handle [as handle_request] (C:\Users\admin\Downloads\nib_hr\backend\node_modules\express\lib\router\layer.js:95:5)[39m
[31m    at next (C:\Users\admin\Downloads\nib_hr\backend\node_modules\express\lib\router\route.js:149:13)[39m
[31m    at Route.dispatch (C:\Users\admin\Downloads\nib_hr\backend\node_modules\express\lib\router\route.js:119:3)[39m
[31m    at Layer.handle [as handle_request] (C:\Users\admin\Downloads\nib_hr\backend\node_modules\express\lib\router\layer.js:95:5)[39m
2026-09-11 18:19:33:1933 [31merror[39m: [31mGET /api/table/exit_clearances - Error: Access restricted: Table 'exit_clearances' is not in the whitelist.[39m
[31mStack: Error: Access restricted: Table 'exit_clearances' is not in the whitelist.[39m
[31m    at validateTableName (C:\Users\admin\Downloads\nib_hr\backend\controllers\core\table.controller.js:1467:11)[39m
[31m    at C:\Users\admin\Downloads\nib_hr\backend\controllers\core\table.controller.js:1474:21[39m
[31m    at C:\Users\admin\Downloads\nib_hr\backend\utils\asyncHandler.js:4:21[39m
[31m    at Layer.handle [as handle_request] (C:\Users\admin\Downloads\nib_hr\backend\node_modules\express\lib\router\layer.js:95:5)[39m
[31m    at next (C:\Users\admin\Downloads\nib_hr\backend\node_modules\express\lib\router\route.js:149:13)[39m
[31m    at C:\Users\admin\Downloads\nib_hr\backend\middleware\audit.middleware.js:98:5[39m
[31m    at Layer.handle [as handle_request] (C:\Users\admin\Downloads\nib_hr\backend\node_modules\express\lib\router\layer.js:95:5)[39m
[31m    at next (C:\Users\admin\Downloads\nib_hr\backend\node_modules\express\lib\router\route.js:149:13)[39m
[31m    at Route.dispatch (C:\Users\admin\Downloads\nib_hr\backend\node_modules\express\lib\router\route.js:119:3)[39m
[31m    at Layer.handle [as handle_request] (C:\Users\admin\Downloads\nib_hr\backend\node_modules\express\lib\router\layer.js:95:5)[39m
2026-09-11 18:19:33:1933 [31merror[39m: [31mGET /api/table/asset_returns - Error: Access restricted: Table 'asset_returns' is not in the whitelist.[39m
[31mStack: Error: Access restricted: Table 'asset_returns' is not in the whitelist.[39m
[31m    at validateTableName (C:\Users\admin\Downloads\nib_hr\backend\controllers\core\table.controller.js:1467:11)[39m
[31m    at C:\Users\admin\Downloads\nib_hr\backend\controllers\core\table.controller.js:1474:21[39m
[31m    at C:\Users\admin\Downloads\nib_hr\backend\utils\asyncHandler.js:4:21[39m
[31m    at Layer.handle [as handle_request] (C:\Users\admin\Downloads\nib_hr\backend\node_modules\express\lib\router\layer.js:95:5)[39m
[31m    at next (C:\Users\admin\Downloads\nib_hr\backend\node_modules\express\lib\router\route.js:149:13)[39m
[31m    at C:\Users\admin\Downloads\nib_hr\backend\middleware\audit.middleware.js:98:5[39m
[31m    at Layer.handle [as handle_request] (C:\Users\admin\Downloads\nib_hr\backend\node_modules\express\lib\router\layer.js:95:5)[39m
[31m    at next (C:\Users\admin\Downloads\nib_hr\backend\node_modules\express\lib\router\route.js:149:13)[39m
[31m    at Route.dispatch (C:\Users\admin\Downloads\nib_hr\backend\node_modules\express\lib\router\route.js:119:3)[39m
[31m    at Layer.handle [as handle_request] (C:\Users\admin\Downloads\nib_hr\backend\node_modules\express\lib\router\layer.js:95:5)[39m
2026-09-11 18:19:33:1933 [31merror[39m: [31mGET /api/table/no_dues - Error: Access restricted: Table 'no_dues' is not in the whitelist.[39m
[31mStack: Error: Access restricted: Table 'no_dues' is not in the whitelist.[39m
[31m    at validateTableName (C:\Users\admin\Downloads\nib_hr\backend\controllers\core\table.controller.js:1467:11)[39m
[31m    at C:\Users\admin\Downloads\nib_hr\backend\controllers\core\table.controller.js:1474:21[39m
[31m    at C:\Users\admin\Downloads\nib_hr\backend\utils\asyncHandler.js:4:21[39m
[31m    at Layer.handle [as handle_request] (C:\Users\admin\Downloads\nib_hr\backend\node_modules\express\lib\router\layer.js:95:5)[39m
[31m    at next (C:\Users\admin\Downloads\nib_hr\backend\node_modules\express\lib\router\route.js:149:13)[39m
[31m    at C:\Users\admin\Downloads\nib_hr\backend\middleware\audit.middleware.js:98:5[39m
[31m    at Layer.handle [as handle_request] (C:\Users\admin\Downloads\nib_hr\backend\node_modules\express\lib\router\layer.js:95:5)[39m
[31m    at next (C:\Users\admin\Downloads\nib_hr\backend\node_modules\express\lib\router\route.js:149:13)[39m
[31m    at Route.dispatch (C:\Users\admin\Downloads\nib_hr\backend\node_modules\express\lib\router\route.js:119:3)[39m
[31m    at Layer.handle [as handle_request] (C:\Users\admin\Downloads\nib_hr\backend\node_modules\express\lib\router\layer.js:95:5)[39m
2026-09-11 18:19:33:1933 [31merror[39m: [31mGET /api/table/fnf_settlements - Error: Access restricted: Table 'fnf_settlements' is not in the whitelist.[39m
[31mStack: Error: Access restricted: Table 'fnf_settlements' is not in the whitelist.[39m
[31m    at validateTableName (C:\Users\admin\Downloads\nib_hr\backend\controllers\core\table.controller.js:1467:11)[39m
[31m    at C:\Users\admin\Downloads\nib_hr\backend\controllers\core\table.controller.js:1474:21[39m
[31m    at C:\Users\admin\Downloads\nib_hr\backend\utils\asyncHandler.js:4:21[39m
[31m    at Layer.handle [as handle_request] (C:\Users\admin\Downloads\nib_hr\backend\node_modules\express\lib\router\layer.js:95:5)[39m
[31m    at next (C:\Users\admin\Downloads\nib_hr\backend\node_modules\express\lib\router\route.js:149:13)[39m
[31m    at C:\Users\admin\Downloads\nib_hr\backend\middleware\audit.middleware.js:98:5[39m
[31m    at Layer.handle [as handle_request] (C:\Users\admin\Downloads\nib_hr\backend\node_modules\express\lib\router\layer.js:95:5)[39m
[31m    at next (C:\Users\admin\Downloads\nib_hr\backend\node_modules\express\lib\router\route.js:149:13)[39m
[31m    at Route.dispatch (C:\Users\admin\Downloads\nib_hr\backend\node_modules\express\lib\router\route.js:119:3)[39m
[31m    at Layer.handle [as handle_request] (C:\Users\admin\Downloads\nib_hr\backend\node_modules\express\lib\router\layer.js:95:5)[39m
2026-09-11 18:19:33:1933 [31merror[39m: [31mGET /api/table/exit_interviews - Error: Access restricted: Table 'exit_interviews' is not in the whitelist.[39m
[31mStack: Error: Access restricted: Table 'exit_interviews' is not in the whitelist.[39m
[31m    at validateTableName (C:\Users\admin\Downloads\nib_hr\backend\controllers\core\table.controller.js:1467:11)[39m
[31m    at C:\Users\admin\Downloads\nib_hr\backend\controllers\core\table.controller.js:1474:21[39m
[31m    at C:\Users\admin\Downloads\nib_hr\backend\utils\asyncHandler.js:4:21[39m
[31m    at Layer.handle [as handle_request] (C:\Users\admin\Downloads\nib_hr\backend\node_modules\express\lib\router\layer.js:95:5)[39m
[31m    at next (C:\Users\admin\Downloads\nib_hr\backend\node_modules\express\lib\router\route.js:149:13)[39m
[31m    at C:\Users\admin\Downloads\nib_hr\backend\middleware\audit.middleware.js:98:5[39m
[31m    at Layer.handle [as handle_request] (C:\Users\admin\Downloads\nib_hr\backend\node_modules\express\lib\router\layer.js:95:5)[39m
[31m    at next (C:\Users\admin\Downloads\nib_hr\backend\node_modules\express\lib\router\route.js:149:13)[39m
[31m    at Route.dispatch (C:\Users\admin\Downloads\nib_hr\backend\node_modules\express\lib\router\route.js:119:3)[39m
[31m    at Layer.handle [as handle_request] (C:\Users\admin\Downloads\nib_hr\backend\node_modules\express\lib\router\layer.js:95:5)[39m
2026-09-11 18:19:33:1933 [31merror[39m: [31mGET /api/table/experience_letters - Error: Access restricted: Table 'experience_letters' is not in the whitelist.[39m
[31mStack: Error: Access restricted: Table 'experience_letters' is not in the whitelist.[39m
[31m    at validateTableName (C:\Users\admin\Downloads\nib_hr\backend\controllers\core\table.controller.js:1467:11)[39m
[31m    at C:\Users\admin\Downloads\nib_hr\backend\controllers\core\table.controller.js:1474:21[39m
[31m    at C:\Users\admin\Downloads\nib_hr\backend\utils\asyncHandler.js:4:21[39m
[31m    at Layer.handle [as handle_request] (C:\Users\admin\Downloads\nib_hr\backend\node_modules\express\lib\router\layer.js:95:5)[39m
[31m    at next (C:\Users\admin\Downloads\nib_hr\backend\node_modules\express\lib\router\route.js:149:13)[39m
[31m    at C:\Users\admin\Downloads\nib_hr\backend\middleware\audit.middleware.js:98:5[39m
[31m    at Layer.handle [as handle_request] (C:\Users\admin\Downloads\nib_hr\backend\node_modules\express\lib\router\layer.js:95:5)[39m
[31m    at next (C:\Users\admin\Downloads\nib_hr\backend\node_modules\express\lib\router\route.js:149:13)[39m
[31m    at Route.dispatch (C:\Users\admin\Downloads\nib_hr\backend\node_modules\express\lib\router\route.js:119:3)[39m
[31m    at Layer.handle [as handle_request] (C:\Users\admin\Downloads\nib_hr\backend\node_modules\express\lib\router\layer.js:95:5)[39m
2026-09-11 18:19:34:1934 [31merror[39m: [31mGET /api/table/exit_requests - Error: Access restricted: Table 'exit_requests' is not in the whitelist.[39m
[31mStack: Error: Access restricted: Table 'exit_requests' is not in the whitelist.[39m
[31m    at validateTableName (C:\Users\admin\Downloads\nib_hr\backend\controllers\core\table.controller.js:1467:11)[39m
[31m    at C:\Users\admin\Downloads\nib_hr\backend\controllers\core\table.controller.js:1474:21[39m
[31m    at C:\Users\admin\Downloads\nib_hr\backend\utils\asyncHandler.js:4:21[39m
[31m    at Layer.handle [as handle_request] (C:\Users\admin\Downloads\nib_hr\backend\node_modules\express\lib\router\layer.js:95:5)[39m
[31m    at next (C:\Users\admin\Downloads\nib_hr\backend\node_modules\express\lib\router\route.js:149:13)[39m
[31m    at C:\Users\admin\Downloads\nib_hr\backend\middleware\audit.middleware.js:98:5[39m
[31m    at Layer.handle [as handle_request] (C:\Users\admin\Downloads\nib_hr\backend\node_modules\express\lib\router\layer.js:95:5)[39m
[31m    at next (C:\Users\admin\Downloads\nib_hr\backend\node_modules\express\lib\router\route.js:149:13)[39m
[31m    at Route.dispatch (C:\Users\admin\Downloads\nib_hr\backend\node_modules\express\lib\router\route.js:119:3)[39m
[31m    at Layer.handle [as handle_request] (C:\Users\admin\Downloads\nib_hr\backend\node_modules\express\lib\router\layer.js:95:5)[39m
2026-09-11 18:19:34:1934 [31merror[39m: [31mGET /api/table/notice_periods - Error: Access restricted: Table 'notice_periods' is not in the whitelist.[39m
[31mStack: Error: Access restricted: Table 'notice_periods' is not in the whitelist.[39m
[31m    at validateTableName (C:\Users\admin\Downloads\nib_hr\backend\controllers\core\table.controller.js:1467:11)[39m
[31m    at C:\Users\admin\Downloads\nib_hr\backend\controllers\core\table.controller.js:1474:21[39m
[31m    at C:\Users\admin\Downloads\nib_hr\backend\utils\asyncHandler.js:4:21[39m
[31m    at Layer.handle [as handle_request] (C:\Users\admin\Downloads\nib_hr\backend\node_modules\express\lib\router\layer.js:95:5)[39m
[31m    at next (C:\Users\admin\Downloads\nib_hr\backend\node_modules\express\lib\router\route.js:149:13)[39m
[31m    at C:\Users\admin\Downloads\nib_hr\backend\middleware\audit.middleware.js:98:5[39m
[31m    at Layer.handle [as handle_request] (C:\Users\admin\Downloads\nib_hr\backend\node_modules\express\lib\router\layer.js:95:5)[39m
[31m    at next (C:\Users\admin\Downloads\nib_hr\backend\node_modules\express\lib\router\route.js:149:13)[39m
[31m    at Route.dispatch (C:\Users\admin\Downloads\nib_hr\backend\node_modules\express\lib\router\route.js:119:3)[39m
[31m    at Layer.handle [as handle_request] (C:\Users\admin\Downloads\nib_hr\backend\node_modules\express\lib\router\layer.js:95:5)[39m
2026-09-11 18:19:34:1934 [31merror[39m: [31mGET /api/table/exit_clearances - Error: Access restricted: Table 'exit_clearances' is not in the whitelist.[39m
[31mStack: Error: Access restricted: Table 'exit_clearances' is not in the whitelist.[39m
[31m    at validateTableName (C:\Users\admin\Downloads\nib_hr\backend\controllers\core\table.controller.js:1467:11)[39m
[31m    at C:\Users\admin\Downloads\nib_hr\backend\controllers\core\table.controller.js:1474:21[39m
[31m    at C:\Users\admin\Downloads\nib_hr\backend\utils\asyncHandler.js:4:21[39m
[31m    at Layer.handle [as handle_request] (C:\Users\admin\Downloads\nib_hr\backend\node_modules\express\lib\router\layer.js:95:5)[39m
[31m    at next (C:\Users\admin\Downloads\nib_hr\backend\node_modules\express\lib\router\route.js:149:13)[39m
[31m    at C:\Users\admin\Downloads\nib_hr\backend\middleware\audit.middleware.js:98:5[39m
[31m    at Layer.handle [as handle_request] (C:\Users\admin\Downloads\nib_hr\backend\node_modules\express\lib\router\layer.js:95:5)[39m
[31m    at next (C:\Users\admin\Downloads\nib_hr\backend\node_modules\express\lib\router\route.js:149:13)[39m
[31m    at Route.dispatch (C:\Users\admin\Downloads\nib_hr\backend\node_modules\express\lib\router\route.js:119:3)[39m
[31m    at Layer.handle [as handle_request] (C:\Users\admin\Downloads\nib_hr\backend\node_modules\express\lib\router\layer.js:95:5)[39m
2026-09-11 18:19:34:1934 [31merror[39m: [31mGET /api/table/asset_returns - Error: Access restricted: Table 'asset_returns' is not in the whitelist.[39m
[31mStack: Error: Access restricted: Table 'asset_returns' is not in the whitelist.[39m
[31m    at validateTableName (C:\Users\admin\Downloads\nib_hr\backend\controllers\core\table.controller.js:1467:11)[39m
[31m    at C:\Users\admin\Downloads\nib_hr\backend\controllers\core\table.controller.js:1474:21[39m
[31m    at C:\Users\admin\Downloads\nib_hr\backend\utils\asyncHandler.js:4:21[39m
[31m    at Layer.handle [as handle_request] (C:\Users\admin\Downloads\nib_hr\backend\node_modules\express\lib\router\layer.js:95:5)[39m
[31m    at next (C:\Users\admin\Downloads\nib_hr\backend\node_modules\express\lib\router\route.js:149:13)[39m
[31m    at C:\Users\admin\Downloads\nib_hr\backend\middleware\audit.middleware.js:98:5[39m
[31m    at Layer.handle [as handle_request] (C:\Users\admin\Downloads\nib_hr\backend\node_modules\express\lib\router\layer.js:95:5)[39m
[31m    at next (C:\Users\admin\Downloads\nib_hr\backend\node_modules\express\lib\router\route.js:149:13)[39m
[31m    at Route.dispatch (C:\Users\admin\Downloads\nib_hr\backend\node_modules\express\lib\router\route.js:119:3)[39m
[31m    at Layer.handle [as handle_request] (C:\Users\admin\Downloads\nib_hr\backend\node_modules\express\lib\router\layer.js:95:5)[39m
2026-09-11 18:19:34:1934 [31merror[39m: [31mGET /api/table/no_dues - Error: Access restricted: Table 'no_dues' is not in the whitelist.[39m
[31mStack: Error: Access restricted: Table 'no_dues' is not in the whitelist.[39m
[31m    at validateTableName (C:\Users\admin\Downloads\nib_hr\backend\controllers\core\table.controller.js:1467:11)[39m
[31m    at C:\Users\admin\Downloads\nib_hr\backend\controllers\core\table.controller.js:1474:21[39m
[31m    at C:\Users\admin\Downloads\nib_hr\backend\utils\asyncHandler.js:4:21[39m
[31m    at Layer.handle [as handle_request] (C:\Users\admin\Downloads\nib_hr\backend\node_modules\express\lib\router\layer.js:95:5)[39m
[31m    at next (C:\Users\admin\Downloads\nib_hr\backend\node_modules\express\lib\router\route.js:149:13)[39m
[31m    at C:\Users\admin\Downloads\nib_hr\backend\middleware\audit.middleware.js:98:5[39m
[31m    at Layer.handle [as handle_request] (C:\Users\admin\Downloads\nib_hr\backend\node_modules\express\lib\router\layer.js:95:5)[39m
[31m    at next (C:\Users\admin\Downloads\nib_hr\backend\node_modules\express\lib\router\route.js:149:13)[39m
[31m    at Route.dispatch (C:\Users\admin\Downloads\nib_hr\backend\node_modules\express\lib\router\route.js:119:3)[39m
[31m    at Layer.handle [as handle_request] (C:\Users\admin\Downloads\nib_hr\backend\node_modules\express\lib\router\layer.js:95:5)[39m
2026-09-11 18:19:34:1934 [31merror[39m: [31mGET /api/table/fnf_settlements - Error: Access restricted: Table 'fnf_settlements' is not in the whitelist.[39m
[31mStack: Error: Access restricted: Table 'fnf_settlements' is not in the whitelist.[39m
[31m    at validateTableName (C:\Users\admin\Downloads\nib_hr\backend\controllers\core\table.controller.js:1467:11)[39m
[31m    at C:\Users\admin\Downloads\nib_hr\backend\controllers\core\table.controller.js:1474:21[39m
[31m    at C:\Users\admin\Downloads\nib_hr\backend\utils\asyncHandler.js:4:21[39m
[31m    at Layer.handle [as handle_request] (C:\Users\admin\Downloads\nib_hr\backend\node_modules\express\lib\router\layer.js:95:5)[39m
[31m    at next (C:\Users\admin\Downloads\nib_hr\backend\node_modules\express\lib\router\route.js:149:13)[39m
[31m    at C:\Users\admin\Downloads\nib_hr\backend\middleware\audit.middleware.js:98:5[39m
[31m    at Layer.handle [as handle_request] (C:\Users\admin\Downloads\nib_hr\backend\node_modules\express\lib\router\layer.js:95:5)[39m
[31m    at next (C:\Users\admin\Downloads\nib_hr\backend\node_modules\express\lib\router\route.js:149:13)[39m
[31m    at Route.dispatch (C:\Users\admin\Downloads\nib_hr\backend\node_modules\express\lib\router\route.js:119:3)[39m
[31m    at Layer.handle [as handle_request] (C:\Users\admin\Downloads\nib_hr\backend\node_modules\express\lib\router\layer.js:95:5)[39m
2026-09-11 18:19:34:1934 [31merror[39m: [31mGET /api/table/exit_interviews - Error: Access restricted: Table 'exit_interviews' is not in the whitelist.[39m
[31mStack: Error: Access restricted: Table 'exit_interviews' is not in the whitelist.[39m
[31m    at validateTableName (C:\Users\admin\Downloads\nib_hr\backend\controllers\core\table.controller.js:1467:11)[39m
[31m    at C:\Users\admin\Downloads\nib_hr\backend\controllers\core\table.controller.js:1474:21[39m
[31m    at C:\Users\admin\Downloads\nib_hr\backend\utils\asyncHandler.js:4:21[39m
[31m    at Layer.handle [as handle_request] (C:\Users\admin\Downloads\nib_hr\backend\node_modules\express\lib\router\layer.js:95:5)[39m
[31m    at next (C:\Users\admin\Downloads\nib_hr\backend\node_modules\express\lib\router\route.js:149:13)[39m
[31m    at C:\Users\admin\Downloads\nib_hr\backend\middleware\audit.middleware.js:98:5[39m
[31m    at Layer.handle [as handle_request] (C:\Users\admin\Downloads\nib_hr\backend\node_modules\express\lib\router\layer.js:95:5)[39m
[31m    at next (C:\Users\admin\Downloads\nib_hr\backend\node_modules\express\lib\router\route.js:149:13)[39m
[31m    at Route.dispatch (C:\Users\admin\Downloads\nib_hr\backend\node_modules\express\lib\router\route.js:119:3)[39m
[31m    at Layer.handle [as handle_request] (C:\Users\admin\Downloads\nib_hr\backend\node_modules\express\lib\router\layer.js:95:5)[39m
2026-09-11 18:19:34:1934 [31merror[39m: [31mGET /api/table/experience_letters - Error: Access restricted: Table 'experience_letters' is not in the whitelist.[39m
[31mStack: Error: Access restricted: Table 'experience_letters' is not in the whitelist.[39m
[31m    at validateTableName (C:\Users\admin\Downloads\nib_hr\backend\controllers\core\table.controller.js:1467:11)[39m
[31m    at C:\Users\admin\Downloads\nib_hr\backend\controllers\core\table.controller.js:1474:21[39m
[31m    at C:\Users\admin\Downloads\nib_hr\backend\utils\asyncHandler.js:4:21[39m
[31m    at Layer.handle [as handle_request] (C:\Users\admin\Downloads\nib_hr\backend\node_modules\express\lib\router\layer.js:95:5)[39m
[31m    at next (C:\Users\admin\Downloads\nib_hr\backend\node_modules\express\lib\router\route.js:149:13)[39m
[31m    at C:\Users\admin\Downloads\nib_hr\backend\middleware\audit.middleware.js:98:5[39m
[31m    at Layer.handle [as handle_request] (C:\Users\admin\Downloads\nib_hr\backend\node_modules\express\lib\router\layer.js:95:5)[39m
[31m    at next (C:\Users\admin\Downloads\nib_hr\backend\node_modules\express\lib\router\route.js:149:13)[39m
[31m    at Route.dispatch (C:\Users\admin\Downloads\nib_hr\backend\node_modules\express\lib\router\route.js:119:3)[39m
[31m    at Layer.handle [as handle_request] (C:\Users\admin\Downloads\nib_hr\backend\node_modules\express\lib\router\layer.js:95:5)[39m
2026-09-11 18:19:35:1935 [31merror[39m: [31mGET /api/table/exit_requests - Error: Access restricted: Table 'exit_requests' is not in the whitelist.[39m
[31mStack: Error: Access restricted: Table 'exit_requests' is not in the whitelist.[39m
[31m    at validateTableName (C:\Users\admin\Downloads\nib_hr\backend\controllers\core\table.controller.js:1467:11)[39m
[31m    at C:\Users\admin\Downloads\nib_hr\backend\controllers\core\table.controller.js:1474:21[39m
[31m    at C:\Users\admin\Downloads\nib_hr\backend\utils\asyncHandler.js:4:21[39m
[31m    at Layer.handle [as handle_request] (C:\Users\admin\Downloads\nib_hr\backend\node_modules\express\lib\router\layer.js:95:5)[39m
[31m    at next (C:\Users\admin\Downloads\nib_hr\backend\node_modules\express\lib\router\route.js:149:13)[39m
[31m    at C:\Users\admin\Downloads\nib_hr\backend\middleware\audit.middleware.js:98:5[39m
[31m    at Layer.handle [as handle_request] (C:\Users\admin\Downloads\nib_hr\backend\node_modules\express\lib\router\layer.js:95:5)[39m
[31m    at next (C:\Users\admin\Downloads\nib_hr\backend\node_modules\express\lib\router\route.js:149:13)[39m
[31m    at Route.dispatch (C:\Users\admin\Downloads\nib_hr\backend\node_modules\express\lib\router\route.js:119:3)[39m
[31m    at Layer.handle [as handle_request] (C:\Users\admin\Downloads\nib_hr\backend\node_modules\express\lib\router\layer.js:95:5)[39m
2026-09-11 18:19:35:1935 [31merror[39m: [31mGET /api/table/exit_requests - Error: Access restricted: Table 'exit_requests' is not in the whitelist.[39m
[31mStack: Error: Access restricted: Table 'exit_requests' is not in the whitelist.[39m
[31m    at validateTableName (C:\Users\admin\Downloads\nib_hr\backend\controllers\core\table.controller.js:1467:11)[39m
[31m    at C:\Users\admin\Downloads\nib_hr\backend\controllers\core\table.controller.js:1474:21[39m
[31m    at C:\Users\admin\Downloads\nib_hr\backend\utils\asyncHandler.js:4:21[39m
[31m    at Layer.handle [as handle_request] (C:\Users\admin\Downloads\nib_hr\backend\node_modules\express\lib\router\layer.js:95:5)[39m
[31m    at next (C:\Users\admin\Downloads\nib_hr\backend\node_modules\express\lib\router\route.js:149:13)[39m
[31m    at C:\Users\admin\Downloads\nib_hr\backend\middleware\audit.middleware.js:98:5[39m
[31m    at Layer.handle [as handle_request] (C:\Users\admin\Downloads\nib_hr\backend\node_modules\express\lib\router\layer.js:95:5)[39m
[31m    at next (C:\Users\admin\Downloads\nib_hr\backend\node_modules\express\lib\router\route.js:149:13)[39m
[31m    at Route.dispatch (C:\Users\admin\Downloads\nib_hr\backend\node_modules\express\lib\router\route.js:119:3)[39m
[31m    at Layer.handle [as handle_request] (C:\Users\admin\Downloads\nib_hr\backend\node_modules\express\lib\router\layer.js:95:5)[39m
2026-09-11 18:19:35:1935 [31merror[39m: [31mGET /api/table/exit_requests - Error: Access restricted: Table 'exit_requests' is not in the whitelist.[39m
[31mStack: Error: Access restricted: Table 'exit_requests' is not in the whitelist.[39m
[31m    at validateTableName (C:\Users\admin\Downloads\nib_hr\backend\controllers\core\table.controller.js:1467:11)[39m
[31m    at C:\Users\admin\Downloads\nib_hr\backend\controllers\core\table.controller.js:1474:21[39m
[31m    at C:\Users\admin\Downloads\nib_hr\backend\utils\asyncHandler.js:4:21[39m
[31m    at Layer.handle [as handle_request] (C:\Users\admin\Downloads\nib_hr\backend\node_modules\express\lib\router\layer.js:95:5)[39m
[31m    at next (C:\Users\admin\Downloads\nib_hr\backend\node_modules\express\lib\router\route.js:149:13)[39m
[31m    at C:\Users\admin\Downloads\nib_hr\backend\middleware\audit.middleware.js:98:5[39m
[31m    at Layer.handle [as handle_request] (C:\Users\admin\Downloads\nib_hr\backend\node_modules\express\lib\router\layer.js:95:5)[39m
[31m    at next (C:\Users\admin\Downloads\nib_hr\backend\node_modules\express\lib\router\route.js:149:13)[39m
[31m    at Route.dispatch (C:\Users\admin\Downloads\nib_hr\backend\node_modules\express\lib\router\route.js:119:3)[39m
[31m    at Layer.handle [as handle_request] (C:\Users\admin\Downloads\nib_hr\backend\node_modules\express\lib\router\layer.js:95:5)[39m
2026-09-11 18:19:36:1936 [31merror[39m: [31mGET /api/table/exit_requests - Error: Access restricted: Table 'exit_requests' is not in the whitelist.[39m
[31mStack: Error: Access restricted: Table 'exit_requests' is not in the whitelist.[39m
[31m    at validateTableName (C:\Users\admin\Downloads\nib_hr\backend\controllers\core\table.controller.js:1467:11)[39m
[31m    at C:\Users\admin\Downloads\nib_hr\backend\controllers\core\table.controller.js:1474:21[39m
[31m    at C:\Users\admin\Downloads\nib_hr\backend\utils\asyncHandler.js:4:21[39m
[31m    at Layer.handle [as handle_request] (C:\Users\admin\Downloads\nib_hr\backend\node_modules\express\lib\router\layer.js:95:5)[39m
[31m    at next (C:\Users\admin\Downloads\nib_hr\backend\node_modules\express\lib\router\route.js:149:13)[39m
[31m    at C:\Users\admin\Downloads\nib_hr\backend\middleware\audit.middleware.js:98:5[39m
[31m    at Layer.handle [as handle_request] (C:\Users\admin\Downloads\nib_hr\backend\node_modules\express\lib\router\layer.js:95:5)[39m
[31m    at next (C:\Users\admin\Downloads\nib_hr\backend\node_modules\express\lib\router\route.js:149:13)[39m
[31m    at Route.dispatch (C:\Users\admin\Downloads\nib_hr\backend\node_modules\express\lib\router\route.js:119:3)[39m
[31m    at Layer.handle [as handle_request] (C:\Users\admin\Downloads\nib_hr\backend\node_modules\express\lib\router\layer.js:95:5)[39m
